n,N,lambda,p,Dplus,seed_fraction,phase1_fraction,before_exact,after_exact,cell_id,trial,l0,l1,d0,d1,depth,near_boundary
10000,168,0.01768388256576615,0.9330127018922193,0.16666666666666663,0.05357142857142857,0.1488095238095238,0,0,0,0,0.0,0.0353677651315323,0.0,0.3333333333333333,0,0
10000,162,0.01768388256576615,0.9330127018922193,0.16666666666666663,0.037037037037037035,0.2222222222222222,0,0,0,1,0.0,0.0353677651315323,0.0,0.3333333333333333,0,0
10000,212,0.01768388256576615,0.9330127018922193,0.16666666666666663,0.02830188679245283,0.25943396226415094,0,0,0,2,0.0,0.0353677651315323,0.0,0.3333333333333333,0,0
10000,188,0.01768388256576615,0.9330127018922193,0.16666666666666663,0.02127659574468085,0.2127659574468085,0,0,0,3,0.0,0.0353677651315323,0.0,0.3333333333333333,0,0
10000,178,0.01768388256576615,0.9330127018922193,0.16666666666666663,0.028089887640449437,0.06179775280898876,0,0,0,4,0.0,0.0353677651315323,0.0,0.3333333333333333,0,0
10000,160,0.01768388256576615,0.9330127018922193,0.16666666666666663,0.025,0.06875,0,0,0,5,0.0,0.0353677651315323,0.0,0.3333333333333333,0,0
10000,164,0.01768388256576615,0.9330127018922193,0.16666666666666663,0.06097560975609756,0.12195121951219512,0,0,0,6,0.0,0.0353677651315323,0.0,0.3333333333333333,0,0
10000,173,0.01768388256576615,0.9330127018922193,0.16666666666666663,0.04046242774566474,0.24855491329479767,0,0,0,7,0.0,0.0353677651315323,0.0,0.3333333333333333,0,0
10000,183,0.01768388256576615,0.9330127018922193,0.16666666666666663,0.04371584699453552,0.1092896174863388,0,0,0,8,0.0,0.0353677651315323,0.0,0.3333333333333333,0,0
10000,170,0.01768388256576615,0.9330127018922193,0.16666666666666663,0.03529411764705882,0.11764705882352941,0,0,0,9,0.0,0.0353677651315323,0.0,0.3333333333333333,0,0
10000,1120,0.11052426603603843,0.7420614591379635,0.04166666666666663,0.03125,1.0,0,0,1,0,0.0353677651315323,0.18568076694054456,0.0,0.08333333333333333,2,0
10000,1073,0.11052426603603843,0.7420614591379635,0.04166666666666663,0.022367194780987885,1.0,0,0,1,1,0.0353677651315323,0.18568076694054456,0.0,0.08333333333333333,2,0
10000,1088,0.11052426603603843,0.7420614591379635,0.04166666666666663,0.03308823529411765,1.0,0,0,1,2,0.0353677651315323,0.18568076694054456,0.0,0.08333333333333333,2,0
10000,1115,0.11052426603603843,0.7420614591379635,0.04166666666666663,0.03497757847533632,1.0,0,0,1,3,0.0353677651315323,0.18568076694054456,0.0,0.08333333333333333,2,0
10000,1118,0.11052426603603843,0.7420614591379635,0.04166666666666663,0.03309481216457961,1.0,0,0,1,4,0.0353677651315323,0.18568076694054456,0.0,0.08333333333333333,2,0
10000,1076,0.11052426603603843,0.7420614591379635,0.04166666666666663,0.028810408921933085,1.0,0,0,1,5,0.0353677651315323,0.18568076694054456,0.0,0.08333333333333333,2,0
10000,1153,0.11052426603603843,0.7420614591379635,0.04166666666666663,0.026886383347788378,1.0,0,0,1,6,0.0353677651315323,0.18568076694054456,0.0,0.08333333333333333,2,0
10000,1133,0.11052426603603843,0.7420614591379635,0.04166666666666663,0.02912621359223301,1.0,0,0,1,7,0.0353677651315323,0.18568076694054456,0.0,0.08333333333333333,2,0
10000,1086,0.11052426603603843,0.7420614591379635,0.04166666666666663,0.03222836095764273,1.0,0,0,1,8,0.0353677651315323,0.18568076694054456,0.0,0.08333333333333333,2,0
10000,1140,0.11052426603603843,0.7420614591379635,0.04166666666666663,0.02631578947368421,1.0,0,0,1,9,0.0353677651315323,0.18568076694054456,0.0,0.08333333333333333,2,0
10000,1109,0.11052426603603843,0.8903123748998999,0.125,0.032461677186654644,1.0,0,0,2,0,0.0353677651315323,0.18568076694054456,0.08333333333333333,0.16666666666666666,2,0
10000,1043,0.11052426603603843,0.8903123748998999,0.125,0.031639501438159155,1.0,0,0,2,1,0.0353677651315323,0.18568076694054456,0.08333333333333333,0.16666666666666666,2,0
10000,1042,0.11052426603603843,0.8903123748998999,0.125,0.03550863723608445,1.0,0,0,2,2,0.0353677651315323,0.18568076694054456,0.08333333333333333,0.16666666666666666,2,0
10000,1050,0.11052426603603843,0.8903123748998999,0.125,0.0380952380952381,1.0,0,0,2,3,0.0353677651315323,0.18568076694054456,0.08333333333333333,0.16666666666666666,2,0
10000,1116,0.11052426603603843,0.8903123748998999,0.125,0.03225806451612903,1.0,0,0,2,4,0.0353677651315323,0.18568076694054456,0.08333333333333333,0.16666666666666666,2,0
10000,1103,0.11052426603603843,0.8903123748998999,0.125,0.030825022665457842,1.0,0,0,2,5,0.0353677651315323,0.18568076694054456,0.08333333333333333,0.16666666666666666,2,0
10000,1065,0.11052426603603843,0.8903123748998999,0.125,0.03755868544600939,1.0,0,0,2,6,0.0353677651315323,0.18568076694054456,0.08333333333333333,0.16666666666666666,2,0
10000,1068,0.11052426603603843,0.8903123748998999,0.125,0.02902621722846442,1.0,0,0,2,7,0.0353677651315323,0.18568076694054456,0.08333333333333333,0.16666666666666666,2,0
10000,1121,0.11052426603603843,0.8903123748998999,0.125,0.03389830508474576,1.0,0,0,2,8,0.0353677651315323,0.18568076694054456,0.08333333333333333,0.16666666666666666,2,0
10000,1119,0.11052426603603843,0.8903123748998999,0.125,0.022341376228775692,1.0,0,0,2,9,0.0353677651315323,0.18568076694054456,0.08333333333333333,0.16666666666666666,2,0
10000,2583,0.2608372678450507,0.7420614591379635,0.04166666666666663,0.03561749903213318,1.0,0,0,3,0,0.18568076694054456,0.33599376874955683,0.0,0.08333333333333333,2,0
10000,2561,0.2608372678450507,0.7420614591379635,0.04166666666666663,0.032409215150331905,1.0,0,0,3,1,0.18568076694054456,0.33599376874955683,0.0,0.08333333333333333,2,0
10000,2619,0.2608372678450507,0.7420614591379635,0.04166666666666663,0.033982436044291714,1.0,0,0,3,2,0.18568076694054456,0.33599376874955683,0.0,0.08333333333333333,2,0
10000,2634,0.2608372678450507,0.7420614591379635,0.04166666666666663,0.02733485193621868,1.0,0,0,3,3,0.18568076694054456,0.33599376874955683,0.0,0.08333333333333333,2,0
10000,2609,0.2608372678450507,0.7420614591379635,0.04166666666666663,0.029129934840935224,1.0,0,0,3,4,0.18568076694054456,0.33599376874955683,0.0,0.08333333333333333,2,0
10000,2717,0.2608372678450507,0.7420614591379635,0.04166666666666663,0.02981229297018771,1.0,0,0,3,5,0.18568076694054456,0.33599376874955683,0.0,0.08333333333333333,2,0
10000,2570,0.2608372678450507,0.7420614591379635,0.04166666666666663,0.03151750972762646,1.0,0,0,3,6,0.18568076694054456,0.33599376874955683,0.0,0.08333333333333333,2,0
10000,2616,0.2608372678450507,0.7420614591379635,0.04166666666666663,0.033256880733944956,1.0,0,0,3,7,0.18568076694054456,0.33599376874955683,0.0,0.08333333333333333,2,0
10000,2624,0.2608372678450507,0.7420614591379635,0.04166666666666663,0.03429878048780488,1.0,0,0,3,8,0.18568076694054456,0.33599376874955683,0.0,0.08333333333333333,2,0
10000,2525,0.2608372678450507,0.7420614591379635,0.04166666666666663,0.026534653465346534,1.0,0,0,3,9,0.18568076694054456,0.33599376874955683,0.0,0.08333333333333333,2,0
10000,2233,0.22325901739279763,0.8630921887069454,0.1041666666666667,0.035826242722794444,1.0,0,1,4,0,0.18568076694054456,0.2608372678450507,0.08333333333333333,0.125,3,0
10000,2138,0.22325901739279763,0.8630921887069454,0.1041666666666667,0.029466791393826006,1.0,0,0,4,1,0.18568076694054456,0.2608372678450507,0.08333333333333333,0.125,3,0
10000,2228,0.22325901739279763,0.8630921887069454,0.1041666666666667,0.033662477558348294,1.0,0,1,4,2,0.18568076694054456,0.2608372678450507,0.08333333333333333,0.125,3,0
10000,2227,0.22325901739279763,0.8630921887069454,0.1041666666666667,0.038616973506960035,1.0,0,0,4,3,0.18568076694054456,0.2608372678450507,0.08333333333333333,0.125,3,0
10000,2234,0.22325901739279763,0.8630921887069454,0.1041666666666667,0.03446732318710832,1.0,0,1,4,4,0.18568076694054456,0.2608372678450507,0.08333333333333333,0.125,3,0
10000,2240,0.22325901739279763,0.8630921887069454,0.1041666666666667,0.03482142857142857,1.0,0,0,4,5,0.18568076694054456,0.2608372678450507,0.08333333333333333,0.125,3,0
10000,2275,0.22325901739279763,0.8630921887069454,0.1041666666666667,0.024615384615384615,1.0,0,1,4,6,0.18568076694054456,0.2608372678450507,0.08333333333333333,0.125,3,0
10000,2181,0.22325901739279763,0.8630921887069454,0.1041666666666667,0.031178358551123338,1.0,0,1,4,7,0.18568076694054456,0.2608372678450507,0.08333333333333333,0.125,3,0
10000,2225,0.22325901739279763,0.8630921887069454,0.1041666666666667,0.029213483146067417,1.0,0,0,4,8,0.18568076694054456,0.2608372678450507,0.08333333333333333,0.125,3,0
10000,2215,0.22325901739279763,0.8630921887069454,0.1041666666666667,0.03927765237020316,1.0,0,1,4,9,0.18568076694054456,0.2608372678450507,0.08333333333333333,0.125,3,0
10000,2019,0.2044698921666711,0.9023247871744917,0.13541666666666674,0.03714710252600297,1.0,0,1,5,0,0.18568076694054456,0.22325901739279763,0.125,0.14583333333333331,4,0
10000,2110,0.2044698921666711,0.9023247871744917,0.13541666666666674,0.029383886255924172,1.0,0,1,5,1,0.18568076694054456,0.22325901739279763,0.125,0.14583333333333331,4,0
10000,1977,0.2044698921666711,0.9023247871744917,0.13541666666666674,0.03237228123419322,1.0,1,0,5,2,0.18568076694054456,0.22325901739279763,0.125,0.14583333333333331,4,0
10000,1990,0.2044698921666711,0.9023247871744917,0.13541666666666674,0.032663316582914576,1.0,0,1,5,3,0.18568076694054456,0.22325901739279763,0.125,0.14583333333333331,4,0
10000,1992,0.2044698921666711,0.9023247871744917,0.13541666666666674,0.040160642570281124,1.0,1,1,5,4,0.18568076694054456,0.22325901739279763,0.125,0.14583333333333331,4,0
10000,2039,0.2044698921666711,0.9023247871744917,0.13541666666666674,0.04168710152035311,1.0,0,1,5,5,0.18568076694054456,0.22325901739279763,0.125,0.14583333333333331,4,0
10000,1994,0.2044698921666711,0.9023247871744917,0.13541666666666674,0.02958876629889669,1.0,0,1,5,6,0.18568076694054456,0.22325901739279763,0.125,0.14583333333333331,4,0
10000,1989,0.2044698921666711,0.9023247871744917,0.13541666666666674,0.03418803418803419,1.0,1,1,5,7,0.18568076694054456,0.22325901739279763,0.125,0.14583333333333331,4,0
10000,2046,0.2044698921666711,0.9023247871744917,0.13541666666666674,0.03274682306940371,1.0,0,1,5,8,0.18568076694054456,0.22325901739279763,0.125,0.14583333333333331,4,0
10000,1993,0.2044698921666711,0.9023247871744917,0.13541666666666674,0.030105368790767688,1.0,0,1,5,9,0.18568076694054456,0.22325901739279763,0.125,0.14583333333333331,4,0
10000,1915,0.19507532955360785,0.9186071351443379,0.15104166666666663,0.029242819843342035,1.0,0,1,6,0,0.18568076694054456,0.2044698921666711,0.14583333333333331,0.15625,5,0
10000,2014,0.19507532955360785,0.9186071351443379,0.15104166666666663,0.03624627606752731,1.0,0,1,6,1,0.18568076694054456,0.2044698921666711,0.14583333333333331,0.15625,5,0
10000,1956,0.19507532955360785,0.9186071351443379,0.15104166666666663,0.0408997955010225,1.0,0,1,6,2,0.18568076694054456,0.2044698921666711,0.14583333333333331,0.15625,5,0
10000,1972,0.19507532955360785,0.9186071351443379,0.15104166666666663,0.0268762677484787,1.0,0,1,6,3,0.18568076694054456,0.2044698921666711,0.14583333333333331,0.15625,5,0
10000,1968,0.19507532955360785,0.9186071351443379,0.15104166666666663,0.029471544715447155,1.0,0,1,6,4,0.18568076694054456,0.2044698921666711,0.14583333333333331,0.15625,5,0
10000,1933,0.19507532955360785,0.9186071351443379,0.15104166666666663,0.02638385928608381,1.0,0,1,6,5,0.18568076694054456,0.2044698921666711,0.14583333333333331,0.15625,5,0
10000,1942,0.19507532955360785,0.9186071351443379,0.15104166666666663,0.03244078269824923,1.0,1,1,6,6,0.18568076694054456,0.2044698921666711,0.14583333333333331,0.15625,5,0
10000,1962,0.19507532955360785,0.9186071351443379,0.15104166666666663,0.03669724770642202,1.0,0,1,6,7,0.18568076694054456,0.2044698921666711,0.14583333333333331,0.15625,5,0
10000,1992,0.19507532955360785,0.9186071351443379,0.15104166666666663,0.03714859437751004,1.0,0,1,6,8,0.18568076694054456,0.2044698921666711,0.14583333333333331,0.15625,5,0
10000,1939,0.19507532955360785,0.9186071351443379,0.15104166666666663,0.029912325941206807,1.0,0,1,6,9,0.18568076694054456,0.2044698921666711,0.14583333333333331,0.15625,5,0
10000,1989,0.19507532955360785,0.9284071834642249,0.1614583333333334,0.026143790849673203,1.0,0,1,7,0,0.18568076694054456,0.2044698921666711,0.15625,0.16666666666666666,5,0
10000,1930,0.19507532955360785,0.9284071834642249,0.1614583333333334,0.031606217616580314,1.0,0,1,7,1,0.18568076694054456,0.2044698921666711,0.15625,0.16666666666666666,5,0
10000,1980,0.19507532955360785,0.9284071834642249,0.1614583333333334,0.029292929292929294,1.0,0,1,7,2,0.18568076694054456,0.2044698921666711,0.15625,0.16666666666666666,5,0
10000,1933,0.19507532955360785,0.9284071834642249,0.1614583333333334,0.03155716502845318,1.0,0,1,7,3,0.18568076694054456,0.2044698921666711,0.15625,0.16666666666666666,5,0
10000,1917,0.19507532955360785,0.9284071834642249,0.1614583333333334,0.029212310902451747,1.0,1,1,7,4,0.18568076694054456,0.2044698921666711,0.15625,0.16666666666666666,5,0
10000,1930,0.19507532955360785,0.9284071834642249,0.1614583333333334,0.031088082901554404,1.0,0,1,7,5,0.18568076694054456,0.2044698921666711,0.15625,0.16666666666666666,5,0
10000,1947,0.19507532955360785,0.9284071834642249,0.1614583333333334,0.035952747817154594,1.0,1,1,7,6,0.18568076694054456,0.2044698921666711,0.15625,0.16666666666666666,5,0
10000,1946,0.19507532955360785,0.9284071834642249,0.1614583333333334,0.03751284686536485,1.0,1,1,7,7,0.18568076694054456,0.2044698921666711,0.15625,0.16666666666666666,5,0
10000,1921,0.19507532955360785,0.9284071834642249,0.1614583333333334,0.031233732431025507,1.0,0,1,7,8,0.18568076694054456,0.2044698921666711,0.15625,0.16666666666666666,5,0
10000,1968,0.19507532955360785,0.9284071834642249,0.1614583333333334,0.03353658536585366,1.0,0,1,7,9,0.18568076694054456,0.2044698921666711,0.15625,0.16666666666666666,5,0
10000,2193,0.21386445477973437,0.9186071351443379,0.15104166666666663,0.03191974464204286,1.0,0,1,8,0,0.2044698921666711,0.22325901739279763,0.14583333333333331,0.15625,5,0
10000,2148,0.21386445477973437,0.9186071351443379,0.15104166666666663,0.03165735567970205,1.0,0,1,8,1,0.2044698921666711,0.22325901739279763,0.14583333333333331,0.15625,5,0
10000,2059,0.21386445477973437,0.9186071351443379,0.15104166666666663,0.03254006799417193,1.0,0,1,8,2,0.2044698921666711,0.22325901739279763,0.14583333333333331,0.15625,5,0
10000,2175,0.21386445477973437,0.9186071351443379,0.15104166666666663,0.033563218390804596,1.0,0,1,8,3,0.2044698921666711,0.22325901739279763,0.14583333333333331,0.15625,5,0
10000,2155,0.21386445477973437,0.9186071351443379,0.15104166666666663,0.032018561484918794,1.0,0,1,8,4,0.2044698921666711,0.22325901739279763,0.14583333333333331,0.15625,5,0
10000,2123,0.21386445477973437,0.9186071351443379,0.15104166666666663,0.04145077720207254,1.0,0,1,8,5,0.2044698921666711,0.22325901739279763,0.14583333333333331,0.15625,5,0
10000,2209,0.21386445477973437,0.9186071351443379,0.15104166666666663,0.03531009506564056,1.0,0,1,8,6,0.2044698921666711,0.22325901739279763,0.14583333333333331,0.15625,5,0
10000,2106,0.21386445477973437,0.9186071351443379,0.15104166666666663,0.029914529914529916,1.0,0,1,8,7,0.2044698921666711,0.22325901739279763,0.14583333333333331,0.15625,5,0
10000,2143,0.21386445477973437,0.9186071351443379,0.15104166666666663,0.03126458236117592,1.0,0,1,8,8,0.2044698921666711,0.22325901739279763,0.14583333333333331,0.15625,5,0
10000,2190,0.21386445477973437,0.9186071351443379,0.15104166666666663,0.038356164383561646,1.0,0,1,8,9,0.2044698921666711,0.22325901739279763,0.14583333333333331,0.15625,5,0
10000,2156,0.21386445477973437,0.9284071834642249,0.1614583333333334,0.036641929499072357,1.0,1,1,9,0,0.2044698921666711,0.22325901739279763,0.15625,0.16666666666666666,5,1
10000,2166,0.21386445477973437,0.9284071834642249,0.1614583333333334,0.030470914127423823,1.0,1,1,9,1,0.2044698921666711,0.22325901739279763,0.15625,0.16666666666666666,5,1
10000,2103,0.21386445477973437,0.9284071834642249,0.1614583333333334,0.029481692819781264,1.0,1,1,9,2,0.2044698921666711,0.22325901739279763,0.15625,0.16666666666666666,5,1
10000,2118,0.21386445477973437,0.9284071834642249,0.1614583333333334,0.03541076487252125,1.0,1,1,9,3,0.2044698921666711,0.22325901739279763,0.15625,0.16666666666666666,5,1
10000,2123,0.21386445477973437,0.9284071834642249,0.1614583333333334,0.03250117757889778,1.0,1,1,9,4,0.2044698921666711,0.22325901739279763,0.15625,0.16666666666666666,5,1
10000,2091,0.21386445477973437,0.9284071834642249,0.1614583333333334,0.03204208512673362,1.0,1,1,9,5,0.2044698921666711,0.22325901739279763,0.15625,0.16666666666666666,5,1
10000,2140,0.21386445477973437,0.9284071834642249,0.1614583333333334,0.027570093457943926,1.0,1,1,9,6,0.2044698921666711,0.22325901739279763,0.15625,0.16666666666666666,5,1
10000,2120,0.21386445477973437,0.9284071834642249,0.1614583333333334,0.030660377358490566,1.0,1,1,9,7,0.2044698921666711,0.22325901739279763,0.15625,0.16666666666666666,5,1
10000,2096,0.21386445477973437,0.9284071834642249,0.1614583333333334,0.03148854961832061,1.0,0,1,9,8,0.2044698921666711,0.22325901739279763,0.15625,0.16666666666666666,5,1
10000,2117,0.21386445477973437,0.9284071834642249,0.1614583333333334,0.03353802550779405,1.0,1,1,9,9,0.2044698921666711,0.22325901739279763,0.15625,0.16666666666666666,5,1
10000,2154,0.21386445477973437,0.9284071834642249,0.1614583333333334,0.033890436397400185,1.0,0,1,9,10,0.2044698921666711,0.22325901739279763,0.15625,0.16666666666666666,5,1
10000,2210,0.21386445477973437,0.9284071834642249,0.1614583333333334,0.030316742081447964,1.0,0,1,9,11,0.2044698921666711,0.22325901739279763,0.15625,0.16666666666666666,5,1
10000,2064,0.21386445477973437,0.9284071834642249,0.1614583333333334,0.03197674418604651,1.0,0,1,9,12,0.2044698921666711,0.22325901739279763,0.15625,0.16666666666666666,5,1
10000,2133,0.21386445477973437,0.9284071834642249,0.1614583333333334,0.03375527426160337,1.0,1,1,9,13,0.2044698921666711,0.22325901739279763,0.15625,0.16666666666666666,5,1
10000,2166,0.21386445477973437,0.9284071834642249,0.1614583333333334,0.037396121883656507,1.0,1,1,9,14,0.2044698921666711,0.22325901739279763,0.15625,0.16666666666666666,5,1
10000,2128,0.21386445477973437,0.9284071834642249,0.1614583333333334,0.03336466165413534,1.0,1,1,9,15,0.2044698921666711,0.22325901739279763,0.15625,0.16666666666666666,5,1
10000,2200,0.21386445477973437,0.9284071834642249,0.1614583333333334,0.03954545454545454,1.0,1,1,9,16,0.2044698921666711,0.22325901739279763,0.15625,0.16666666666666666,5,1
10000,2079,0.21386445477973437,0.9284071834642249,0.1614583333333334,0.037037037037037035,1.0,1,1,9,17,0.2044698921666711,0.22325901739279763,0.15625,0.16666666666666666,5,1
10000,2200,0.21386445477973437,0.9284071834642249,0.1614583333333334,0.03409090909090909,1.0,0,1,9,18,0.2044698921666711,0.22325901739279763,0.15625,0.16666666666666666,5,1
10000,2118,0.21386445477973437,0.9284071834642249,0.1614583333333334,0.03352219074598678,1.0,1,1,9,19,0.2044698921666711,0.22325901739279763,0.15625,0.16666666666666666,5,1
10000,2271,0.2326535800058609,0.8964410767614148,0.13020833333333334,0.035667107001321,1.0,0,1,10,0,0.22325901739279763,0.24204814261892416,0.125,0.13541666666666666,5,0
10000,2314,0.2326535800058609,0.8964410767614148,0.13020833333333334,0.032411408815903195,1.0,0,1,10,1,0.22325901739279763,0.24204814261892416,0.125,0.13541666666666666,5,0
10000,2384,0.2326535800058609,0.8964410767614148,0.13020833333333334,0.03481543624161074,1.0,0,1,10,2,0.22325901739279763,0.24204814261892416,0.125,0.13541666666666666,5,0
10000,2375,0.2326535800058609,0.8964410767614148,0.13020833333333334,0.03242105263157895,1.0,0,1,10,3,0.22325901739279763,0.24204814261892416,0.125,0.13541666666666666,5,0
10000,2223,0.2326535800058609,0.8964410767614148,0.13020833333333334,0.033738191632928474,1.0,0,1,10,4,0.22325901739279763,0.24204814261892416,0.125,0.13541666666666666,5,0
10000,2286,0.2326535800058609,0.8964410767614148,0.13020833333333334,0.03412073490813648,1.0,0,1,10,5,0.22325901739279763,0.24204814261892416,0.125,0.13541666666666666,5,0
10000,2356,0.2326535800058609,0.8964410767614148,0.13020833333333334,0.029711375212224108,1.0,0,1,10,6,0.22325901739279763,0.24204814261892416,0.125,0.13541666666666666,5,0
10000,2290,0.2326535800058609,0.8964410767614148,0.13020833333333334,0.032314410480349345,1.0,0,1,10,7,0.22325901739279763,0.24204814261892416,0.125,0.13541666666666666,5,0
10000,2348,0.2326535800058609,0.8964410767614148,0.13020833333333334,0.039182282793867124,1.0,0,1,10,8,0.22325901739279763,0.24204814261892416,0.125,0.13541666666666666,5,0
10000,2259,0.2326535800058609,0.8964410767614148,0.13020833333333334,0.027445772465692783,1.0,0,0,10,9,0.22325901739279763,0.24204814261892416,0.125,0.13541666666666666,5,0
10000,2379,0.2326535800058609,0.9079741059108408,0.14062499999999997,0.031946195880622114,1.0,0,1,11,0,0.22325901739279763,0.24204814261892416,0.13541666666666666,0.14583333333333331,5,0
10000,2426,0.2326535800058609,0.9079741059108408,0.14062499999999997,0.03586150041220115,1.0,0,0,11,1,0.22325901739279763,0.24204814261892416,0.13541666666666666,0.14583333333333331,5,0
10000,2380,0.2326535800058609,0.9079741059108408,0.14062499999999997,0.03991596638655462,1.0,0,1,11,2,0.22325901739279763,0.24204814261892416,0.13541666666666666,0.14583333333333331,5,0
10000,2334,0.2326535800058609,0.9079741059108408,0.14062499999999997,0.028277634961439587,1.0,0,1,11,3,0.22325901739279763,0.24204814261892416,0.13541666666666666,0.14583333333333331,5,0
10000,2406,0.2326535800058609,0.9079741059108408,0.14062499999999997,0.030756442227763924,1.0,1,1,11,4,0.22325901739279763,0.24204814261892416,0.13541666666666666,0.14583333333333331,5,0
10000,2342,0.2326535800058609,0.9079741059108408,0.14062499999999997,0.030742954739538857,1.0,0,1,11,5,0.22325901739279763,0.24204814261892416,0.13541666666666666,0.14583333333333331,5,0
10000,2342,0.2326535800058609,0.9079741059108408,0.14062499999999997,0.029035012809564473,1.0,0,1,11,6,0.22325901739279763,0.24204814261892416,0.13541666666666666,0.14583333333333331,5,0
10000,2296,0.2326535800058609,0.9079741059108408,0.14062499999999997,0.040940766550522645,1.0,0,1,11,7,0.22325901739279763,0.24204814261892416,0.13541666666666666,0.14583333333333331,5,0
10000,2348,0.2326535800058609,0.9079741059108408,0.14062499999999997,0.038756388415672915,1.0,0,1,11,8,0.22325901739279763,0.24204814261892416,0.13541666666666666,0.14583333333333331,5,0
10000,2313,0.2326535800058609,0.9079741059108408,0.14062499999999997,0.03285776048421963,1.0,1,1,11,9,0.22325901739279763,0.24204814261892416,0.13541666666666666,0.14583333333333331,5,0
10000,2513,0.2514427052319874,0.8964410767614148,0.13020833333333334,0.03223239156386789,1.0,0,1,12,0,0.24204814261892416,0.2608372678450507,0.125,0.13541666666666666,5,0
10000,2466,0.2514427052319874,0.8964410767614148,0.13020833333333334,0.034874290348742905,1.0,0,1,12,1,0.24204814261892416,0.2608372678450507,0.125,0.13541666666666666,5,0
10000,2557,0.2514427052319874,0.8964410767614148,0.13020833333333334,0.032068830660930775,1.0,0,1,12,2,0.24204814261892416,0.2608372678450507,0.125,0.13541666666666666,5,0
10000,2462,0.2514427052319874,0.8964410767614148,0.13020833333333334,0.023558082859463852,1.0,1,1,12,3,0.24204814261892416,0.2608372678450507,0.125,0.13541666666666666,5,0
10000,2471,0.2514427052319874,0.8964410767614148,0.13020833333333334,0.03439902873330635,1.0,0,1,12,4,0.24204814261892416,0.2608372678450507,0.125,0.13541666666666666,5,0
10000,2497,0.2514427052319874,0.8964410767614148,0.13020833333333334,0.02883460152182619,1.0,0,1,12,5,0.24204814261892416,0.2608372678450507,0.125,0.13541666666666666,5,0
10000,2577,0.2514427052319874,0.8964410767614148,0.13020833333333334,0.029491656965463717,1.0,0,1,12,6,0.24204814261892416,0.2608372678450507,0.125,0.13541666666666666,5,0
10000,2597,0.2514427052319874,0.8964410767614148,0.13020833333333334,0.030419715055833654,1.0,0,1,12,7,0.24204814261892416,0.2608372678450507,0.125,0.13541666666666666,5,0
10000,2416,0.2514427052319874,0.8964410767614148,0.13020833333333334,0.036009933774834434,1.0,0,1,12,8,0.24204814261892416,0.2608372678450507,0.125,0.13541666666666666,5,0
10000,2506,0.2514427052319874,0.8964410767614148,0.13020833333333334,0.03192338387869114,1.0,1,1,12,9,0.24204814261892416,0.2608372678450507,0.125,0.13541666666666666,5,0
10000,2404,0.2514427052319874,0.9079741059108408,0.14062499999999997,0.028286189683860232,1.0,1,1,13,0,0.24204814261892416,0.2608372678450507,0.13541666666666666,0.14583333333333331,5,1
10000,2507,0.2514427052319874,0.9079741059108408,0.14062499999999997,0.033506182688472275,1.0,1,1,13,1,0.24204814261892416,0.2608372678450507,0.13541666666666666,0.14583333333333331,5,1
10000,2470,0.2514427052319874,0.9079741059108408,0.14062499999999997,0.03805668016194332,1.0,0,1,13,2,0.24204814261892416,0.2608372678450507,0.13541666666666666,0.14583333333333331,5,1
10000,2612,0.2514427052319874,0.9079741059108408,0.14062499999999997,0.03598774885145482,1.0,0,1,13,3,0.24204814261892416,0.2608372678450507,0.13541666666666666,0.14583333333333331,5,1
10000,2532,0.2514427052319874,0.9079741059108408,0.14062499999999997,0.0339652448657188,1.0,1,1,13,4,0.24204814261892416,0.2608372678450507,0.13541666666666666,0.14583333333333331,5,1
10000,2627,0.2514427052319874,0.9079741059108408,0.14062499999999997,0.03806623524933384,1.0,1,1,13,5,0.24204814261892416,0.2608372678450507,0.13541666666666666,0.14583333333333331,5,1
10000,2548,0.2514427052319874,0.9079741059108408,0.14062499999999997,0.0380690737833595,1.0,0,1,13,6,0.24204814261892416,0.2608372678450507,0.13541666666666666,0.14583333333333331,5,1
10000,2536,0.2514427052319874,0.9079741059108408,0.14062499999999997,0.032334384858044164,1.0,1,1,13,7,0.24204814261892416,0.2608372678450507,0.13541666666666666,0.14583333333333331,5,1
10000,2544,0.2514427052319874,0.9079741059108408,0.14062499999999997,0.031446540880503145,1.0,1,1,13,8,0.24204814261892416,0.2608372678450507,0.13541666666666666,0.14583333333333331,5,1
10000,2546,0.2514427052319874,0.9079741059108408,0.14062499999999997,0.03613511390416339,1.0,1,1,13,9,0.24204814261892416,0.2608372678450507,0.13541666666666666,0.14583333333333331,5,1
10000,2528,0.2514427052319874,0.9079741059108408,0.14062499999999997,0.032041139240506326,1.0,0,1,13,10,0.24204814261892416,0.2608372678450507,0.13541666666666666,0.14583333333333331,5,1
10000,2522,0.2514427052319874,0.9079741059108408,0.14062499999999997,0.03687549563838224,1.0,0,1,13,11,0.24204814261892416,0.2608372678450507,0.13541666666666666,0.14583333333333331,5,1
10000,2526,0.2514427052319874,0.9079741059108408,0.14062499999999997,0.0332541567695962,1.0,1,1,13,12,0.24204814261892416,0.2608372678450507,0.13541666666666666,0.14583333333333331,5,1
10000,2494,0.2514427052319874,0.9079741059108408,0.14062499999999997,0.03769045709703288,1.0,0,1,13,13,0.24204814261892416,0.2608372678450507,0.13541666666666666,0.14583333333333331,5,1
10000,2524,0.2514427052319874,0.9079741059108408,0.14062499999999997,0.03288431061806656,1.0,0,1,13,14,0.24204814261892416,0.2608372678450507,0.13541666666666666,0.14583333333333331,5,1
10000,2583,0.2514427052319874,0.9079741059108408,0.14062499999999997,0.03445605884630275,1.0,1,1,13,15,0.24204814261892416,0.2608372678450507,0.13541666666666666,0.14583333333333331,5,1
10000,2553,0.2514427052319874,0.9079741059108408,0.14062499999999997,0.02702702702702703,1.0,1,1,13,16,0.24204814261892416,0.2608372678450507,0.13541666666666666,0.14583333333333331,5,1
10000,2558,0.2514427052319874,0.9079741059108408,0.14062499999999997,0.03205629397967162,1.0,0,1,13,17,0.24204814261892416,0.2608372678450507,0.13541666666666666,0.14583333333333331,5,1
10000,2539,0.2514427052319874,0.9079741059108408,0.14062499999999997,0.03308389129578574,1.0,0,1,13,18,0.24204814261892416,0.2608372678450507,0.13541666666666666,0.14583333333333331,5,1
10000,2507,0.2514427052319874,0.9079741059108408,0.14062499999999997,0.033506182688472275,1.0,0,1,13,19,0.24204814261892416,0.2608372678450507,0.13541666666666666,0.14583333333333331,5,1
10000,2301,0.2326535800058609,0.9186071351443379,0.15104166666666663,0.029117774880486745,1.0,1,1,14,0,0.22325901739279763,0.24204814261892416,0.14583333333333331,0.15625,5,1
10000,2313,0.2326535800058609,0.9186071351443379,0.15104166666666663,0.030696065715520967,1.0,1,1,14,1,0.22325901739279763,0.24204814261892416,0.14583333333333331,0.15625,5,1
10000,2319,0.2326535800058609,0.9186071351443379,0.15104166666666663,0.03794739111686071,1.0,1,1,14,2,0.22325901739279763,0.24204814261892416,0.14583333333333331,0.15625,5,1
10000,2269,0.2326535800058609,0.9186071351443379,0.15104166666666663,0.035698545614808286,1.0,0,1,14,3,0.22325901739279763,0.24204814261892416,0.14583333333333331,0.15625,5,1
10000,2248,0.2326535800058609,0.9186071351443379,0.15104166666666663,0.03558718861209965,1.0,1,1,14,4,0.22325901739279763,0.24204814261892416,0.14583333333333331,0.15625,5,1
10000,2362,0.2326535800058609,0.9186071351443379,0.15104166666666663,0.02582557154953429,1.0,1,1,14,5,0.22325901739279763,0.24204814261892416,0.14583333333333331,0.15625,5,1
10000,2323,0.2326535800058609,0.9186071351443379,0.15104166666666663,0.02582866982350409,1.0,0,1,14,6,0.22325901739279763,0.24204814261892416,0.14583333333333331,0.15625,5,1
10000,2331,0.2326535800058609,0.9186071351443379,0.15104166666666663,0.02917202917202917,1.0,0,1,14,7,0.22325901739279763,0.24204814261892416,0.14583333333333331,0.15625,5,1
10000,2364,0.2326535800058609,0.9186071351443379,0.15104166666666663,0.03595600676818951,1.0,0,1,14,8,0.22325901739279763,0.24204814261892416,0.14583333333333331,0.15625,5,1
10000,2341,0.2326535800058609,0.9186071351443379,0.15104166666666663,0.030756087142246903,1.0,1,1,14,9,0.22325901739279763,0.24204814261892416,0.14583333333333331,0.15625,5,1
10000,2335,0.2326535800058609,0.9186071351443379,0.15104166666666663,0.032119914346895075,1.0,0,1,14,10,0.22325901739279763,0.24204814261892416,0.14583333333333331,0.15625,5,1
10000,2391,0.2326535800058609,0.9186071351443379,0.15104166666666663,0.027185278126306986,1.0,0,1,14,11,0.22325901739279763,0.24204814261892416,0.14583333333333331,0.15625,5,1
10000,2270,0.2326535800058609,0.9186071351443379,0.15104166666666663,0.03788546255506608,1.0,1,1,14,12,0.22325901739279763,0.24204814261892416,0.14583333333333331,0.15625,5,1
10000,2296,0.2326535800058609,0.9186071351443379,0.15104166666666663,0.029616724738675958,1.0,1,1,14,13,0.22325901739279763,0.24204814261892416,0.14583333333333331,0.15625,5,1
10000,2362,0.2326535800058609,0.9186071351443379,0.15104166666666663,0.02497883149872989,1.0,0,1,14,14,0.22325901739279763,0.24204814261892416,0.14583333333333331,0.15625,5,1
10000,2222,0.2326535800058609,0.9186071351443379,0.15104166666666663,0.03375337533753375,1.0,0,1,14,15,0.22325901739279763,0.24204814261892416,0.14583333333333331,0.15625,5,1
10000,2410,0.2326535800058609,0.9186071351443379,0.15104166666666663,0.033609958506224065,1.0,0,1,14,16,0.22325901739279763,0.24204814261892416,0.14583333333333331,0.15625,5,1
10000,2239,0.2326535800058609,0.9186071351443379,0.15104166666666663,0.03662349263063868,1.0,0,1,14,17,0.22325901739279763,0.24204814261892416,0.14583333333333331,0.15625,5,1
10000,2343,0.2326535800058609,0.9186071351443379,0.15104166666666663,0.03286384976525822,1.0,0,1,14,18,0.22325901739279763,0.24204814261892416,0.14583333333333331,0.15625,5,1
10000,2331,0.2326535800058609,0.9186071351443379,0.15104166666666663,0.028314028314028315,1.0,0,1,14,19,0.22325901739279763,0.24204814261892416,0.14583333333333331,0.15625,5,1
10000,2405,0.2326535800058609,0.9284071834642249,0.1614583333333334,0.03659043659043659,1.0,1,1,15,0,0.22325901739279763,0.24204814261892416,0.15625,0.16666666666666666,5,1
10000,2303,0.2326535800058609,0.9284071834642249,0.1614583333333334,0.030829353017802867,1.0,1,1,15,1,0.22325901739279763,0.24204814261892416,0.15625,0.16666666666666666,5,1
10000,2317,0.2326535800058609,0.9284071834642249,0.1614583333333334,0.035390591281829954,1.0,1,1,15,2,0.22325901739279763,0.24204814261892416,0.15625,0.16666666666666666,5,1
10000,2320,0.2326535800058609,0.9284071834642249,0.1614583333333334,0.043534482758620686,1.0,1,1,15,3,0.22325901739279763,0.24204814261892416,0.15625,0.16666666666666666,5,1
10000,2328,0.2326535800058609,0.9284071834642249,0.1614583333333334,0.02491408934707904,1.0,0,1,15,4,0.22325901739279763,0.24204814261892416,0.15625,0.16666666666666666,5,1
10000,2307,0.2326535800058609,0.9284071834642249,0.1614583333333334,0.033810143042912875,1.0,1,1,15,5,0.22325901739279763,0.24204814261892416,0.15625,0.16666666666666666,5,1
10000,2362,0.2326535800058609,0.9284071834642249,0.1614583333333334,0.03810330228619814,1.0,1,1,15,6,0.22325901739279763,0.24204814261892416,0.15625,0.16666666666666666,5,1
10000,2305,0.2326535800058609,0.9284071834642249,0.1614583333333334,0.03297180043383948,1.0,1,1,15,7,0.22325901739279763,0.24204814261892416,0.15625,0.16666666666666666,5,1
10000,2398,0.2326535800058609,0.9284071834642249,0.1614583333333334,0.029608006672226857,1.0,1,1,15,8,0.22325901739279763,0.24204814261892416,0.15625,0.16666666666666666,5,1
10000,2324,0.2326535800058609,0.9284071834642249,0.1614583333333334,0.034853700516351116,1.0,1,1,15,9,0.22325901739279763,0.24204814261892416,0.15625,0.16666666666666666,5,1
10000,2254,0.2326535800058609,0.9284071834642249,0.1614583333333334,0.024844720496894408,1.0,1,1,15,10,0.22325901739279763,0.24204814261892416,0.15625,0.16666666666666666,5,1
10000,2352,0.2326535800058609,0.9284071834642249,0.1614583333333334,0.034013605442176874,1.0,0,1,15,11,0.22325901739279763,0.24204814261892416,0.15625,0.16666666666666666,5,1
10000,2276,0.2326535800058609,0.9284071834642249,0.1614583333333334,0.032952548330404216,1.0,1,1,15,12,0.22325901739279763,0.24204814261892416,0.15625,0.16666666666666666,5,1
10000,2396,0.2326535800058609,0.9284071834642249,0.1614583333333334,0.034641068447412354,1.0,0,1,15,13,0.22325901739279763,0.24204814261892416,0.15625,0.16666666666666666,5,1
10000,2345,0.2326535800058609,0.9284071834642249,0.1614583333333334,0.03070362473347548,1.0,1,1,15,14,0.22325901739279763,0.24204814261892416,0.15625,0.16666666666666666,5,1
10000,2274,0.2326535800058609,0.9284071834642249,0.1614583333333334,0.03825857519788918,1.0,1,1,15,15,0.22325901739279763,0.24204814261892416,0.15625,0.16666666666666666,5,1
10000,2277,0.2326535800058609,0.9284071834642249,0.1614583333333334,0.03293807641633729,1.0,1,1,15,16,0.22325901739279763,0.24204814261892416,0.15625,0.16666666666666666,5,1
10000,2392,0.2326535800058609,0.9284071834642249,0.1614583333333334,0.032190635451505016,1.0,1,1,15,17,0.22325901739279763,0.24204814261892416,0.15625,0.16666666666666666,5,1
10000,2289,0.2326535800058609,0.9284071834642249,0.1614583333333334,0.03669724770642202,1.0,1,1,15,18,0.22325901739279763,0.24204814261892416,0.15625,0.16666666666666666,5,1
10000,2271,0.2326535800058609,0.9284071834642249,0.1614583333333334,0.03786878027300748,1.0,1,1,15,19,0.22325901739279763,0.24204814261892416,0.15625,0.16666666666666666,5,1
10000,2428,0.2514427052319874,0.9186071351443379,0.15104166666666663,0.030477759472817133,1.0,0,1,16,0,0.24204814261892416,0.2608372678450507,0.14583333333333331,0.15625,5,1
10000,2503,0.2514427052319874,0.9186071351443379,0.15104166666666663,0.03276068717538953,1.0,0,1,16,1,0.24204814261892416,0.2608372678450507,0.14583333333333331,0.15625,5,1
10000,2526,0.2514427052319874,0.9186071351443379,0.15104166666666663,0.03602533650039588,1.0,1,1,16,2,0.24204814261892416,0.2608372678450507,0.14583333333333331,0.15625,5,1
10000,2427,0.2514427052319874,0.9186071351443379,0.15104166666666663,0.029254223320972394,1.0,0,1,16,3,0.24204814261892416,0.2608372678450507,0.14583333333333331,0.15625,5,1
10000,2504,0.2514427052319874,0.9186071351443379,0.15104166666666663,0.03354632587859425,1.0,0,1,16,4,0.24204814261892416,0.2608372678450507,0.14583333333333331,0.15625,5,1
10000,2472,0.2514427052319874,0.9186071351443379,0.15104166666666663,0.02912621359223301,1.0,0,1,16,5,0.24204814261892416,0.2608372678450507,0.14583333333333331,0.15625,5,1
10000,2507,0.2514427052319874,0.9186071351443379,0.15104166666666663,0.031112883925009972,1.0,1,1,16,6,0.24204814261892416,0.2608372678450507,0.14583333333333331,0.15625,5,1
10000,2644,0.2514427052319874,0.9186071351443379,0.15104166666666663,0.03177004538577912,1.0,1,1,16,7,0.24204814261892416,0.2608372678450507,0.14583333333333331,0.15625,5,1
10000,2453,0.2514427052319874,0.9186071351443379,0.15104166666666663,0.03139013452914798,1.0,0,1,16,8,0.24204814261892416,0.2608372678450507,0.14583333333333331,0.15625,5,1
10000,2463,0.2514427052319874,0.9186071351443379,0.15104166666666663,0.03857084855866829,1.0,0,1,16,9,0.24204814261892416,0.2608372678450507,0.14583333333333331,0.15625,5,1
10000,2509,0.2514427052319874,0.9186071351443379,0.15104166666666663,0.03587086488640893,1.0,1,1,16,10,0.24204814261892416,0.2608372678450507,0.14583333333333331,0.15625,5,1
10000,2549,0.2514427052319874,0.9186071351443379,0.15104166666666663,0.03373872106708513,1.0,1,1,16,11,0.24204814261892416,0.2608372678450507,0.14583333333333331,0.15625,5,1
10000,2514,0.2514427052319874,0.9186071351443379,0.15104166666666663,0.023468575974542563,1.0,1,1,16,12,0.24204814261892416,0.2608372678450507,0.14583333333333331,0.15625,5,1
10000,2570,0.2514427052319874,0.9186071351443379,0.15104166666666663,0.033073929961089495,1.0,0,1,16,13,0.24204814261892416,0.2608372678450507,0.14583333333333331,0.15625,5,1
10000,2548,0.2514427052319874,0.9186071351443379,0.15104166666666663,0.036891679748822605,1.0,1,1,16,14,0.24204814261892416,0.2608372678450507,0.14583333333333331,0.15625,5,1
10000,2512,0.2514427052319874,0.9186071351443379,0.15104166666666663,0.03702229299363057,1.0,1,1,16,15,0.24204814261892416,0.2608372678450507,0.14583333333333331,0.15625,5,1
10000,2479,0.2514427052319874,0.9186071351443379,0.15104166666666663,0.0326744655102864,1.0,0,1,16,16,0.24204814261892416,0.2608372678450507,0.14583333333333331,0.15625,5,1
10000,2480,0.2514427052319874,0.9186071351443379,0.15104166666666663,0.034274193548387094,1.0,1,1,16,17,0.24204814261892416,0.2608372678450507,0.14583333333333331,0.15625,5,1
10000,2445,0.2514427052319874,0.9186071351443379,0.15104166666666663,0.02985685071574642,1.0,1,1,16,18,0.24204814261892416,0.2608372678450507,0.14583333333333331,0.15625,5,1
10000,2574,0.2514427052319874,0.9186071351443379,0.15104166666666663,0.03613053613053613,1.0,1,1,16,19,0.24204814261892416,0.2608372678450507,0.14583333333333331,0.15625,5,1
10000,2509,0.2514427052319874,0.9284071834642249,0.1614583333333334,0.027102431247508968,1.0,1,1,17,0,0.24204814261892416,0.2608372678450507,0.15625,0.16666666666666666,5,0
10000,2519,0.2514427052319874,0.9284071834642249,0.1614583333333334,0.03255260023818976,1.0,1,1,17,1,0.24204814261892416,0.2608372678450507,0.15625,0.16666666666666666,5,0
10000,2479,0.2514427052319874,0.9284071834642249,0.1614583333333334,0.03509479628882614,1.0,1,1,17,2,0.24204814261892416,0.2608372678450507,0.15625,0.16666666666666666,5,0
10000,2445,0.2514427052319874,0.9284071834642249,0.1614583333333334,0.025357873210633947,1.0,0,1,17,3,0.24204814261892416,0.2608372678450507,0.15625,0.16666666666666666,5,0
10000,2517,0.2514427052319874,0.9284071834642249,0.1614583333333334,0.03535955502582439,1.0,1,1,17,4,0.24204814261892416,0.2608372678450507,0.15625,0.16666666666666666,5,0
10000,2467,0.2514427052319874,0.9284071834642249,0.1614583333333334,0.033238751520064856,1.0,1,1,17,5,0.24204814261892416,0.2608372678450507,0.15625,0.16666666666666666,5,0
10000,2529,0.2514427052319874,0.9284071834642249,0.1614583333333334,0.039541320680110716,1.0,1,1,17,6,0.24204814261892416,0.2608372678450507,0.15625,0.16666666666666666,5,0
10000,2514,0.2514427052319874,0.9284071834642249,0.1614583333333334,0.028241845664280032,1.0,1,1,17,7,0.24204814261892416,0.2608372678450507,0.15625,0.16666666666666666,5,0
10000,2603,0.2514427052319874,0.9284071834642249,0.1614583333333334,0.03803303880138302,1.0,1,1,17,8,0.24204814261892416,0.2608372678450507,0.15625,0.16666666666666666,5,0
10000,2540,0.2514427052319874,0.9284071834642249,0.1614583333333334,0.03464566929133858,1.0,1,1,17,9,0.24204814261892416,0.2608372678450507,0.15625,0.16666666666666666,5,0
10000,2790,0.2796263930711772,0.8476343040826092,0.09375,0.03620071684587814,1.0,0,0,18,0,0.2608372678450507,0.29841551829730373,0.08333333333333333,0.10416666666666666,4,0
10000,2802,0.2796263930711772,0.8476343040826092,0.09375,0.03283369022127052,1.0,0,1,18,1,0.2608372678450507,0.29841551829730373,0.08333333333333333,0.10416666666666666,4,0
10000,2740,0.2796263930711772,0.8476343040826092,0.09375,0.03394160583941606,1.0,0,1,18,2,0.2608372678450507,0.29841551829730373,0.08333333333333333,0.10416666666666666,4,0
10000,2720,0.2796263930711772,0.8476343040826092,0.09375,0.027941176470588237,1.0,0,1,18,3,0.2608372678450507,0.29841551829730373,0.08333333333333333,0.10416666666666666,4,0
10000,2875,0.2796263930711772,0.8476343040826092,0.09375,0.035478260869565216,1.0,0,1,18,4,0.2608372678450507,0.29841551829730373,0.08333333333333333,0.10416666666666666,4,0
10000,2778,0.2796263930711772,0.8476343040826092,0.09375,0.029877609791216703,1.0,0,1,18,5,0.2608372678450507,0.29841551829730373,0.08333333333333333,0.10416666666666666,4,0
10000,2824,0.2796263930711772,0.8476343040826092,0.09375,0.03576487252124646,1.0,0,1,18,6,0.2608372678450507,0.29841551829730373,0.08333333333333333,0.10416666666666666,4,0
10000,2789,0.2796263930711772,0.8476343040826092,0.09375,0.030118321979204016,1.0,0,1,18,7,0.2608372678450507,0.29841551829730373,0.08333333333333333,0.10416666666666666,4,0
10000,2823,0.2796263930711772,0.8476343040826092,0.09375,0.030818278427205102,1.0,0,1,18,8,0.2608372678450507,0.29841551829730373,0.08333333333333333,0.10416666666666666,4,0
10000,2766,0.2796263930711772,0.8476343040826092,0.09375,0.02566883586406363,1.0,0,1,18,9,0.2608372678450507,0.29841551829730373,0.08333333333333333,0.10416666666666666,4,0
10000,2744,0.27023183045811394,0.8703322779528542,0.10937500000000004,0.038629737609329445,1.0,0,1,19,0,0.2608372678450507,0.2796263930711772,0.10416666666666666,0.11458333333333333,5,0
10000,2707,0.27023183045811394,0.8703322779528542,0.10937500000000004,0.034355374953823424,1.0,0,0,19,1,0.2608372678450507,0.2796263930711772,0.10416666666666666,0.11458333333333333,5,0
10000,2761,0.27023183045811394,0.8703322779528542,0.10937500000000004,0.02933719666787396,1.0,0,1,19,2,0.2608372678450507,0.2796263930711772,0.10416666666666666,0.11458333333333333,5,0
10000,2718,0.27023183045811394,0.8703322779528542,0.10937500000000004,0.03384841795437822,1.0,0,1,19,3,0.2608372678450507,0.2796263930711772,0.10416666666666666,0.11458333333333333,5,0
10000,2702,0.27023183045811394,0.8703322779528542,0.10937500000000004,0.027387120651369355,1.0,0,1,19,4,0.2608372678450507,0.2796263930711772,0.10416666666666666,0.11458333333333333,5,0
10000,2711,0.27023183045811394,0.8703322779528542,0.10937500000000004,0.03467355219476208,1.0,0,1,19,5,0.2608372678450507,0.2796263930711772,0.10416666666666666,0.11458333333333333,5,0
10000,2640,0.27023183045811394,0.8703322779528542,0.10937500000000004,0.037121212121212124,1.0,0,1,19,6,0.2608372678450507,0.2796263930711772,0.10416666666666666,0.11458333333333333,5,0
10000,2835,0.27023183045811394,0.8703322779528542,0.10937500000000004,0.038447971781305115,1.0,0,1,19,7,0.2608372678450507,0.2796263930711772,0.10416666666666666,0.11458333333333333,5,0
10000,2605,0.27023183045811394,0.8703322779528542,0.10937500000000004,0.03301343570057581,1.0,0,1,19,8,0.2608372678450507,0.2796263930711772,0.10416666666666666,0.11458333333333333,5,0
10000,2686,0.27023183045811394,0.8703322779528542,0.10937500000000004,0.025688756515264335,1.0,0,1,19,9,0.2608372678450507,0.2796263930711772,0.10416666666666666,0.11458333333333333,5,0
10000,2706,0.27023183045811394,0.8839269492283004,0.11979166666666659,0.030303030303030304,1.0,0,1,20,0,0.2608372678450507,0.2796263930711772,0.11458333333333333,0.125,5,0
10000,2770,0.27023183045811394,0.8839269492283004,0.11979166666666659,0.030685920577617327,1.0,0,1,20,1,0.2608372678450507,0.2796263930711772,0.11458333333333333,0.125,5,0
10000,2663,0.27023183045811394,0.8839269492283004,0.11979166666666659,0.02929027412692452,1.0,0,1,20,2,0.2608372678450507,0.2796263930711772,0.11458333333333333,0.125,5,0
10000,2755,0.27023183045811394,0.8839269492283004,0.11979166666666659,0.02867513611615245,1.0,0,1,20,3,0.2608372678450507,0.2796263930711772,0.11458333333333333,0.125,5,0
10000,2747,0.27023183045811394,0.8839269492283004,0.11979166666666659,0.029850746268656716,1.0,0,1,20,4,0.2608372678450507,0.2796263930711772,0.11458333333333333,0.125,5,0
10000,2672,0.27023183045811394,0.8839269492283004,0.11979166666666659,0.03817365269461078,1.0,0,1,20,5,0.2608372678450507,0.2796263930711772,0.11458333333333333,0.125,5,0
10000,2770,0.27023183045811394,0.8839269492283004,0.11979166666666659,0.03790613718411552,1.0,1,1,20,6,0.2608372678450507,0.2796263930711772,0.11458333333333333,0.125,5,0
10000,2725,0.27023183045811394,0.8839269492283004,0.11979166666666659,0.028990825688073395,1.0,0,1,20,7,0.2608372678450507,0.2796263930711772,0.11458333333333333,0.125,5,0
10000,2754,0.27023183045811394,0.8839269492283004,0.11979166666666659,0.03159041394335512,1.0,0,1,20,8,0.2608372678450507,0.2796263930711772,0.11458333333333333,0.125,5,0
10000,2721,0.27023183045811394,0.8839269492283004,0.11979166666666659,0.03454612274898934,1.0,0,1,20,9,0.2608372678450507,0.2796263930711772,0.11458333333333333,0.125,5,0
10000,2857,0.28902095568424047,0.8703322779528542,0.10937500000000004,0.036751837591879596,1.0,0,1,21,0,0.2796263930711772,0.29841551829730373,0.10416666666666666,0.11458333333333333,5,0
10000,2873,0.28902095568424047,0.8703322779528542,0.10937500000000004,0.03445875391576749,1.0,0,1,21,1,0.2796263930711772,0.29841551829730373,0.10416666666666666,0.11458333333333333,5,0
10000,2937,0.28902095568424047,0.8703322779528542,0.10937500000000004,0.03881511746680286,1.0,0,1,21,2,0.2796263930711772,0.29841551829730373,0.10416666666666666,0.11458333333333333,5,0
10000,2885,0.28902095568424047,0.8703322779528542,0.10937500000000004,0.032582322357019064,1.0,0,1,21,3,0.2796263930711772,0.29841551829730373,0.10416666666666666,0.11458333333333333,5,0
10000,2907,0.28902095568424047,0.8703322779528542,0.10937500000000004,0.03164774681802546,1.0,0,1,21,4,0.2796263930711772,0.29841551829730373,0.10416666666666666,0.11458333333333333,5,0
10000,2916,0.28902095568424047,0.8703322779528542,0.10937500000000004,0.033607681755829906,1.0,0,1,21,5,0.2796263930711772,0.29841551829730373,0.10416666666666666,0.11458333333333333,5,0
10000,2855,0.28902095568424047,0.8703322779528542,0.10937500000000004,0.03922942206654991,1.0,1,1,21,6,0.2796263930711772,0.29841551829730373,0.10416666666666666,0.11458333333333333,5,0
10000,2890,0.28902095568424047,0.8703322779528542,0.10937500000000004,0.0342560553633218,1.0,0,1,21,7,0.2796263930711772,0.29841551829730373,0.10416666666666666,0.11458333333333333,5,0
10000,2952,0.28902095568424047,0.8703322779528542,0.10937500000000004,0.031504065040650404,1.0,0,1,21,8,0.2796263930711772,0.29841551829730373,0.10416666666666666,0.11458333333333333,5,0
10000,2868,0.28902095568424047,0.8703322779528542,0.10937500000000004,0.03103207810320781,1.0,0,1,21,9,0.2796263930711772,0.29841551829730373,0.10416666666666666,0.11458333333333333,5,0
10000,2871,0.28902095568424047,0.8839269492283004,0.11979166666666659,0.03726924416579589,1.0,0,1,22,0,0.2796263930711772,0.29841551829730373,0.11458333333333333,0.125,5,1
10000,2912,0.28902095568424047,0.8839269492283004,0.11979166666666659,0.033997252747252744,1.0,1,1,22,1,0.2796263930711772,0.29841551829730373,0.11458333333333333,0.125,5,1
10000,2863,0.28902095568424047,0.8839269492283004,0.11979166666666659,0.033531260915124,1.0,0,1,22,2,0.2796263930711772,0.29841551829730373,0.11458333333333333,0.125,5,1
10000,2891,0.28902095568424047,0.8839269492283004,0.11979166666666659,0.03631961259079903,1.0,1,1,22,3,0.2796263930711772,0.29841551829730373,0.11458333333333333,0.125,5,1
10000,2792,0.28902095568424047,0.8839269492283004,0.11979166666666659,0.03510028653295129,1.0,0,1,22,4,0.2796263930711772,0.29841551829730373,0.11458333333333333,0.125,5,1
10000,2829,0.28902095568424047,0.8839269492283004,0.11979166666666659,0.037469070342877345,1.0,0,1,22,5,0.2796263930711772,0.29841551829730373,0.11458333333333333,0.125,5,1
10000,2906,0.28902095568424047,0.8839269492283004,0.11979166666666659,0.032002752924982794,1.0,0,1,22,6,0.2796263930711772,0.29841551829730373,0.11458333333333333,0.125,5,1
10000,2906,0.28902095568424047,0.8839269492283004,0.11979166666666659,0.0364762560220234,1.0,0,1,22,7,0.2796263930711772,0.29841551829730373,0.11458333333333333,0.125,5,1
10000,2962,0.28902095568424047,0.8839269492283004,0.11979166666666659,0.032072923700202566,1.0,1,1,22,8,0.2796263930711772,0.29841551829730373,0.11458333333333333,0.125,5,1
10000,2850,0.28902095568424047,0.8839269492283004,0.11979166666666659,0.02736842105263158,1.0,0,1,22,9,0.2796263930711772,0.29841551829730373,0.11458333333333333,0.125,5,1
10000,2924,0.28902095568424047,0.8839269492283004,0.11979166666666659,0.02975376196990424,1.0,1,1,22,10,0.2796263930711772,0.29841551829730373,0.11458333333333333,0.125,5,1
10000,2854,0.28902095568424047,0.8839269492283004,0.11979166666666659,0.03398738612473721,1.0,0,1,22,11,0.2796263930711772,0.29841551829730373,0.11458333333333333,0.125,5,1
10000,2948,0.28902095568424047,0.8839269492283004,0.11979166666666659,0.03426051560379918,1.0,1,1,22,12,0.2796263930711772,0.29841551829730373,0.11458333333333333,0.125,5,1
10000,2903,0.28902095568424047,0.8839269492283004,0.11979166666666659,0.03272476748191526,1.0,1,1,22,13,0.2796263930711772,0.29841551829730373,0.11458333333333333,0.125,5,1
10000,2938,0.28902095568424047,0.8839269492283004,0.11979166666666659,0.031994554118447927,1.0,0,1,22,14,0.2796263930711772,0.29841551829730373,0.11458333333333333,0.125,5,1
10000,2893,0.28902095568424047,0.8839269492283004,0.11979166666666659,0.03767715174559281,1.0,0,1,22,15,0.2796263930711772,0.29841551829730373,0.11458333333333333,0.125,5,1
10000,2920,0.28902095568424047,0.8839269492283004,0.11979166666666659,0.03664383561643836,1.0,0,1,22,16,0.2796263930711772,0.29841551829730373,0.11458333333333333,0.125,5,1
10000,2862,0.28902095568424047,0.8839269492283004,0.11979166666666659,0.031446540880503145,1.0,0,1,22,17,0.2796263930711772,0.29841551829730373,0.11458333333333333,0.125,5,1
10000,2820,0.28902095568424047,0.8839269492283004,0.11979166666666659,0.03368794326241135,1.0,0,1,22,18,0.2796263930711772,0.29841551829730373,0.11458333333333333,0.125,5,1
10000,2870,0.28902095568424047,0.8839269492283004,0.11979166666666659,0.027874564459930314,1.0,0,1,22,19,0.2796263930711772,0.29841551829730373,0.11458333333333333,0.125,5,1
10000,3139,0.31720464352343025,0.8476343040826092,0.09375,0.03153870659445683,1.0,0,1,23,0,0.29841551829730373,0.33599376874955683,0.08333333333333333,0.10416666666666666,4,0
10000,3177,0.31720464352343025,0.8476343040826092,0.09375,0.02927289896128423,1.0,0,1,23,1,0.29841551829730373,0.33599376874955683,0.08333333333333333,0.10416666666666666,4,0
10000,3171,0.31720464352343025,0.8476343040826092,0.09375,0.03279722485020498,1.0,0,1,23,2,0.29841551829730373,0.33599376874955683,0.08333333333333333,0.10416666666666666,4,0
10000,3154,0.31720464352343025,0.8476343040826092,0.09375,0.03741280913126189,1.0,0,1,23,3,0.29841551829730373,0.33599376874955683,0.08333333333333333,0.10416666666666666,4,0
10000,3251,0.31720464352343025,0.8476343040826092,0.09375,0.03968009843125192,1.0,0,1,23,4,0.29841551829730373,0.33599376874955683,0.08333333333333333,0.10416666666666666,4,0
10000,3149,0.31720464352343025,0.8476343040826092,0.09375,0.033343918704350585,1.0,0,1,23,5,0.29841551829730373,0.33599376874955683,0.08333333333333333,0.10416666666666666,4,0
10000,3172,0.31720464352343025,0.8476343040826092,0.09375,0.03310214375788146,1.0,0,1,23,6,0.29841551829730373,0.33599376874955683,0.08333333333333333,0.10416666666666666,4,0
10000,3281,0.31720464352343025,0.8476343040826092,0.09375,0.03352636391344102,1.0,0,1,23,7,0.29841551829730373,0.33599376874955683,0.08333333333333333,0.10416666666666666,4,0
10000,3210,0.31720464352343025,0.8476343040826092,0.09375,0.029906542056074768,1.0,0,1,23,8,0.29841551829730373,0.33599376874955683,0.08333333333333333,0.10416666666666666,4,0
10000,3195,0.31720464352343025,0.8476343040826092,0.09375,0.028482003129890455,1.0,0,1,23,9,0.29841551829730373,0.33599376874955683,0.08333333333333333,0.10416666666666666,4,0
10000,3074,0.307810080910367,0.8703322779528542,0.10937500000000004,0.039687703318152245,1.0,0,1,24,0,0.29841551829730373,0.31720464352343025,0.10416666666666666,0.11458333333333333,5,1
10000,3017,0.307810080910367,0.8703322779528542,0.10937500000000004,0.03115677825654624,1.0,0,1,24,1,0.29841551829730373,0.31720464352343025,0.10416666666666666,0.11458333333333333,5,1
10000,3058,0.307810080910367,0.8703322779528542,0.10937500000000004,0.03531720078482668,1.0,1,1,24,2,0.29841551829730373,0.31720464352343025,0.10416666666666666,0.11458333333333333,5,1
10000,3013,0.307810080910367,0.8703322779528542,0.10937500000000004,0.032193826750746765,1.0,0,1,24,3,0.29841551829730373,0.31720464352343025,0.10416666666666666,0.11458333333333333,5,1
10000,3105,0.307810080910367,0.8703322779528542,0.10937500000000004,0.02640901771336554,1.0,0,1,24,4,0.29841551829730373,0.31720464352343025,0.10416666666666666,0.11458333333333333,5,1
10000,3026,0.307810080910367,0.8703322779528542,0.10937500000000004,0.03502974223397224,1.0,1,0,24,5,0.29841551829730373,0.31720464352343025,0.10416666666666666,0.11458333333333333,5,1
10000,3061,0.307810080910367,0.8703322779528542,0.10937500000000004,0.03952956550147011,1.0,1,1,24,6,0.29841551829730373,0.31720464352343025,0.10416666666666666,0.11458333333333333,5,1
10000,3063,0.307810080910367,0.8703322779528542,0.10937500000000004,0.03395364022200457,1.0,0,1,24,7,0.29841551829730373,0.31720464352343025,0.10416666666666666,0.11458333333333333,5,1
10000,3171,0.307810080910367,0.8703322779528542,0.10937500000000004,0.03122043519394513,1.0,0,1,24,8,0.29841551829730373,0.31720464352343025,0.10416666666666666,0.11458333333333333,5,1
10000,3143,0.307810080910367,0.8703322779528542,0.10937500000000004,0.03149856824689787,1.0,0,1,24,9,0.29841551829730373,0.31720464352343025,0.10416666666666666,0.11458333333333333,5,1
10000,3055,0.307810080910367,0.8703322779528542,0.10937500000000004,0.031096563011456628,1.0,0,1,24,10,0.29841551829730373,0.31720464352343025,0.10416666666666666,0.11458333333333333,5,1
10000,3080,0.307810080910367,0.8703322779528542,0.10937500000000004,0.025974025974025976,1.0,0,1,24,11,0.29841551829730373,0.31720464352343025,0.10416666666666666,0.11458333333333333,5,1
10000,3115,0.307810080910367,0.8703322779528542,0.10937500000000004,0.036597110754414124,1.0,1,1,24,12,0.29841551829730373,0.31720464352343025,0.10416666666666666,0.11458333333333333,5,1
10000,3089,0.307810080910367,0.8703322779528542,0.10937500000000004,0.03140174813855617,1.0,0,1,24,13,0.29841551829730373,0.31720464352343025,0.10416666666666666,0.11458333333333333,5,1
10000,3095,0.307810080910367,0.8703322779528542,0.10937500000000004,0.03134087237479806,1.0,0,1,24,14,0.29841551829730373,0.31720464352343025,0.10416666666666666,0.11458333333333333,5,1
10000,2950,0.307810080910367,0.8703322779528542,0.10937500000000004,0.029491525423728814,1.0,0,1,24,15,0.29841551829730373,0.31720464352343025,0.10416666666666666,0.11458333333333333,5,1
10000,3188,0.307810080910367,0.8703322779528542,0.10937500000000004,0.03262233375156838,1.0,0,1,24,16,0.29841551829730373,0.31720464352343025,0.10416666666666666,0.11458333333333333,5,1
10000,3037,0.307810080910367,0.8703322779528542,0.10937500000000004,0.033915047744484686,1.0,1,1,24,17,0.29841551829730373,0.31720464352343025,0.10416666666666666,0.11458333333333333,5,1
10000,3041,0.307810080910367,0.8703322779528542,0.10937500000000004,0.0295955277869122,1.0,0,1,24,18,0.29841551829730373,0.31720464352343025,0.10416666666666666,0.11458333333333333,5,1
10000,3060,0.307810080910367,0.8703322779528542,0.10937500000000004,0.02908496732026144,1.0,1,1,24,19,0.29841551829730373,0.31720464352343025,0.10416666666666666,0.11458333333333333,5,1
10000,3132,0.307810080910367,0.8839269492283004,0.11979166666666659,0.030970625798212005,1.0,0,1,25,0,0.29841551829730373,0.31720464352343025,0.11458333333333333,0.125,5,1
10000,3178,0.307810080910367,0.8839269492283004,0.11979166666666659,0.03587161736941473,1.0,0,1,25,1,0.29841551829730373,0.31720464352343025,0.11458333333333333,0.125,5,1
10000,3035,0.307810080910367,0.8839269492283004,0.11979166666666659,0.035914332784184516,1.0,0,1,25,2,0.29841551829730373,0.31720464352343025,0.11458333333333333,0.125,5,1
10000,3160,0.307810080910367,0.8839269492283004,0.11979166666666659,0.0379746835443038,1.0,1,1,25,3,0.29841551829730373,0.31720464352343025,0.11458333333333333,0.125,5,1
10000,3058,0.307810080910367,0.8839269492283004,0.11979166666666659,0.03629823413996076,1.0,1,1,25,4,0.29841551829730373,0.31720464352343025,0.11458333333333333,0.125,5,1
10000,3134,0.307810080910367,0.8839269492283004,0.11979166666666659,0.02488832163369496,1.0,0,1,25,5,0.29841551829730373,0.31720464352343025,0.11458333333333333,0.125,5,1
10000,3046,0.307810080910367,0.8839269492283004,0.11979166666666659,0.03611293499671701,1.0,1,1,25,6,0.29841551829730373,0.31720464352343025,0.11458333333333333,0.125,5,1
10000,3117,0.307810080910367,0.8839269492283004,0.11979166666666659,0.03721527109400064,1.0,0,1,25,7,0.29841551829730373,0.31720464352343025,0.11458333333333333,0.125,5,1
10000,3052,0.307810080910367,0.8839269492283004,0.11979166666666659,0.03473132372214941,1.0,1,1,25,8,0.29841551829730373,0.31720464352343025,0.11458333333333333,0.125,5,1
10000,3150,0.307810080910367,0.8839269492283004,0.11979166666666659,0.03333333333333333,1.0,0,1,25,9,0.29841551829730373,0.31720464352343025,0.11458333333333333,0.125,5,1
10000,3083,0.307810080910367,0.8839269492283004,0.11979166666666659,0.031462860849821604,1.0,0,1,25,10,0.29841551829730373,0.31720464352343025,0.11458333333333333,0.125,5,1
10000,2984,0.307810080910367,0.8839269492283004,0.11979166666666659,0.03183646112600536,1.0,1,1,25,11,0.29841551829730373,0.31720464352343025,0.11458333333333333,0.125,5,1
10000,3118,0.307810080910367,0.8839269492283004,0.11979166666666659,0.03559974342527261,1.0,0,1,25,12,0.29841551829730373,0.31720464352343025,0.11458333333333333,0.125,5,1
10000,2976,0.307810080910367,0.8839269492283004,0.11979166666666659,0.029233870967741934,1.0,0,1,25,13,0.29841551829730373,0.31720464352343025,0.11458333333333333,0.125,5,1
10000,3074,0.307810080910367,0.8839269492283004,0.11979166666666659,0.03188028627195836,1.0,1,1,25,14,0.29841551829730373,0.31720464352343025,0.11458333333333333,0.125,5,1
10000,3127,0.307810080910367,0.8839269492283004,0.11979166666666659,0.032619123760793095,1.0,0,1,25,15,0.29841551829730373,0.31720464352343025,0.11458333333333333,0.125,5,1
10000,3053,0.307810080910367,0.8839269492283004,0.11979166666666659,0.03504749426793318,1.0,1,1,25,16,0.29841551829730373,0.31720464352343025,0.11458333333333333,0.125,5,1
10000,3044,0.307810080910367,0.8839269492283004,0.11979166666666659,0.03120893561103811,1.0,0,1,25,17,0.29841551829730373,0.31720464352343025,0.11458333333333333,0.125,5,1
10000,3151,0.307810080910367,0.8839269492283004,0.11979166666666659,0.0342748333862266,1.0,1,1,25,18,0.29841551829730373,0.31720464352343025,0.11458333333333333,0.125,5,1
10000,3149,0.307810080910367,0.8839269492283004,0.11979166666666659,0.02731025722451572,1.0,0,1,25,19,0.29841551829730373,0.31720464352343025,0.11458333333333333,0.125,5,1
10000,3238,0.3265992061364935,0.8703322779528542,0.10937500000000004,0.029030265596046944,1.0,0,1,26,0,0.31720464352343025,0.33599376874955683,0.10416666666666666,0.11458333333333333,5,1
10000,3290,0.3265992061364935,0.8703322779528542,0.10937500000000004,0.03343465045592705,1.0,0,1,26,1,0.31720464352343025,0.33599376874955683,0.10416666666666666,0.11458333333333333,5,1
10000,3217,0.3265992061364935,0.8703322779528542,0.10937500000000004,0.03947777432390426,1.0,0,1,26,2,0.31720464352343025,0.33599376874955683,0.10416666666666666,0.11458333333333333,5,1
10000,3104,0.3265992061364935,0.8703322779528542,0.10937500000000004,0.031894329896907214,1.0,0,1,26,3,0.31720464352343025,0.33599376874955683,0.10416666666666666,0.11458333333333333,5,1
10000,3230,0.3265992061364935,0.8703322779528542,0.10937500000000004,0.031578947368421054,1.0,0,1,26,4,0.31720464352343025,0.33599376874955683,0.10416666666666666,0.11458333333333333,5,1
10000,3216,0.3265992061364935,0.8703322779528542,0.10937500000000004,0.030472636815920398,1.0,1,1,26,5,0.31720464352343025,0.33599376874955683,0.10416666666666666,0.11458333333333333,5,1
10000,3221,0.3265992061364935,0.8703322779528542,0.10937500000000004,0.03632412294318535,1.0,0,1,26,6,0.31720464352343025,0.33599376874955683,0.10416666666666666,0.11458333333333333,5,1
10000,3312,0.3265992061364935,0.8703322779528542,0.10937500000000004,0.034420289855072464,1.0,0,1,26,7,0.31720464352343025,0.33599376874955683,0.10416666666666666,0.11458333333333333,5,1
10000,3242,0.3265992061364935,0.8703322779528542,0.10937500000000004,0.033312769895126465,1.0,0,1,26,8,0.31720464352343025,0.33599376874955683,0.10416666666666666,0.11458333333333333,5,1
10000,3267,0.3265992061364935,0.8703322779528542,0.10937500000000004,0.031221303948576674,1.0,0,1,26,9,0.31720464352343025,0.33599376874955683,0.10416666666666666,0.11458333333333333,5,1
10000,3255,0.3265992061364935,0.8703322779528542,0.10937500000000004,0.03287250384024577,1.0,0,1,26,10,0.31720464352343025,0.33599376874955683,0.10416666666666666,0.11458333333333333,5,1
10000,3293,0.3265992061364935,0.8703322779528542,0.10937500000000004,0.04190707561494078,1.0,0,1,26,11,0.31720464352343025,0.33599376874955683,0.10416666666666666,0.11458333333333333,5,1
10000,3278,0.3265992061364935,0.8703322779528542,0.10937500000000004,0.0350823672971324,1.0,1,1,26,12,0.31720464352343025,0.33599376874955683,0.10416666666666666,0.11458333333333333,5,1
10000,3298,0.3265992061364935,0.8703322779528542,0.10937500000000004,0.030927835051546393,1.0,0,1,26,13,0.31720464352343025,0.33599376874955683,0.10416666666666666,0.11458333333333333,5,1
10000,3204,0.3265992061364935,0.8703322779528542,0.10937500000000004,0.035580524344569285,1.0,0,1,26,14,0.31720464352343025,0.33599376874955683,0.10416666666666666,0.11458333333333333,5,1
10000,3194,0.3265992061364935,0.8703322779528542,0.10937500000000004,0.03162179085785848,1.0,0,1,26,15,0.31720464352343025,0.33599376874955683,0.10416666666666666,0.11458333333333333,5,1
10000,3244,0.3265992061364935,0.8703322779528542,0.10937500000000004,0.03329223181257707,1.0,0,1,26,16,0.31720464352343025,0.33599376874955683,0.10416666666666666,0.11458333333333333,5,1
10000,3259,0.3265992061364935,0.8703322779528542,0.10937500000000004,0.03068425897514575,1.0,0,1,26,17,0.31720464352343025,0.33599376874955683,0.10416666666666666,0.11458333333333333,5,1
10000,3185,0.3265992061364935,0.8703322779528542,0.10937500000000004,0.0326530612244898,1.0,0,1,26,18,0.31720464352343025,0.33599376874955683,0.10416666666666666,0.11458333333333333,5,1
10000,3282,0.3265992061364935,0.8703322779528542,0.10937500000000004,0.03991468616697136,1.0,0,1,26,19,0.31720464352343025,0.33599376874955683,0.10416666666666666,0.11458333333333333,5,1
10000,3311,0.3265992061364935,0.8839269492283004,0.11979166666666659,0.03261854424645122,1.0,0,1,27,0,0.31720464352343025,0.33599376874955683,0.11458333333333333,0.125,5,0
10000,3249,0.3265992061364935,0.8839269492283004,0.11979166666666659,0.03200984918436442,1.0,0,1,27,1,0.31720464352343025,0.33599376874955683,0.11458333333333333,0.125,5,0
10000,3389,0.3265992061364935,0.8839269492283004,0.11979166666666659,0.03304809678371201,1.0,1,1,27,2,0.31720464352343025,0.33599376874955683,0.11458333333333333,0.125,5,0
10000,3312,0.3265992061364935,0.8839269492283004,0.11979166666666659,0.034118357487922704,1.0,1,1,27,3,0.31720464352343025,0.33599376874955683,0.11458333333333333,0.125,5,0
10000,3318,0.3265992061364935,0.8839269492283004,0.11979166666666659,0.038577456298975285,1.0,0,1,27,4,0.31720464352343025,0.33599376874955683,0.11458333333333333,0.125,5,0
10000,3300,0.3265992061364935,0.8839269492283004,0.11979166666666659,0.03575757575757576,1.0,0,1,27,5,0.31720464352343025,0.33599376874955683,0.11458333333333333,0.125,5,0
10000,3345,0.3265992061364935,0.8839269492283004,0.11979166666666659,0.038266068759342305,1.0,1,1,27,6,0.31720464352343025,0.33599376874955683,0.11458333333333333,0.125,5,0
10000,3255,0.3265992061364935,0.8839269492283004,0.11979166666666659,0.03225806451612903,1.0,1,1,27,7,0.31720464352343025,0.33599376874955683,0.11458333333333333,0.125,5,0
10000,3181,0.3265992061364935,0.8839269492283004,0.11979166666666659,0.03143665513989312,1.0,1,1,27,8,0.31720464352343025,0.33599376874955683,0.11458333333333333,0.125,5,0
10000,3324,0.3265992061364935,0.8839269492283004,0.11979166666666659,0.03640192539109507,1.0,1,1,27,9,0.31720464352343025,0.33599376874955683,0.11458333333333333,0.125,5,0
10000,2755,0.27023183045811394,0.8964410767614148,0.13020833333333334,0.036297640653357534,1.0,0,1,28,0,0.2608372678450507,0.2796263930711772,0.125,0.13541666666666666,5,1
10000,2599,0.27023183045811394,0.8964410767614148,0.13020833333333334,0.02847248941900731,1.0,1,1,28,1,0.2608372678450507,0.2796263930711772,0.125,0.13541666666666666,5,1
10000,2745,0.27023183045811394,0.8964410767614148,0.13020833333333334,0.033879781420765025,1.0,1,1,28,2,0.2608372678450507,0.2796263930711772,0.125,0.13541666666666666,5,1
10000,2564,0.27023183045811394,0.8964410767614148,0.13020833333333334,0.03159126365054602,1.0,0,1,28,3,0.2608372678450507,0.2796263930711772,0.125,0.13541666666666666,5,1
10000,2621,0.27023183045811394,0.8964410767614148,0.13020833333333334,0.033956505150705835,1.0,1,1,28,4,0.2608372678450507,0.2796263930711772,0.125,0.13541666666666666,5,1
10000,2729,0.27023183045811394,0.8964410767614148,0.13020833333333334,0.037009893733968485,1.0,0,1,28,5,0.2608372678450507,0.2796263930711772,0.125,0.13541666666666666,5,1
10000,2733,0.27023183045811394,0.8964410767614148,0.13020833333333334,0.03768752286864252,1.0,1,1,28,6,0.2608372678450507,0.2796263930711772,0.125,0.13541666666666666,5,1
10000,2861,0.27023183045811394,0.8964410767614148,0.13020833333333334,0.029010835372247464,1.0,0,1,28,7,0.2608372678450507,0.2796263930711772,0.125,0.13541666666666666,5,1
10000,2776,0.27023183045811394,0.8964410767614148,0.13020833333333334,0.02701729106628242,1.0,0,1,28,8,0.2608372678450507,0.2796263930711772,0.125,0.13541666666666666,5,1
10000,2752,0.27023183045811394,0.8964410767614148,0.13020833333333334,0.04142441860465116,1.0,1,1,28,9,0.2608372678450507,0.2796263930711772,0.125,0.13541666666666666,5,1
10000,2702,0.27023183045811394,0.8964410767614148,0.13020833333333334,0.03960029607698001,1.0,0,1,28,10,0.2608372678450507,0.2796263930711772,0.125,0.13541666666666666,5,1
10000,2605,0.27023183045811394,0.8964410767614148,0.13020833333333334,0.03109404990403071,1.0,1,1,28,11,0.2608372678450507,0.2796263930711772,0.125,0.13541666666666666,5,1
10000,2642,0.27023183045811394,0.8964410767614148,0.13020833333333334,0.033308099924299776,1.0,0,1,28,12,0.2608372678450507,0.2796263930711772,0.125,0.13541666666666666,5,1
10000,2620,0.27023183045811394,0.8964410767614148,0.13020833333333334,0.03244274809160305,1.0,0,1,28,13,0.2608372678450507,0.2796263930711772,0.125,0.13541666666666666,5,1
10000,2722,0.27023183045811394,0.8964410767614148,0.13020833333333334,0.03600293901542983,1.0,0,1,28,14,0.2608372678450507,0.2796263930711772,0.125,0.13541666666666666,5,1
10000,2610,0.27023183045811394,0.8964410767614148,0.13020833333333334,0.03639846743295019,1.0,1,1,28,15,0.2608372678450507,0.2796263930711772,0.125,0.13541666666666666,5,1
10000,2630,0.27023183045811394,0.8964410767614148,0.13020833333333334,0.03384030418250951,1.0,0,1,28,16,0.2608372678450507,0.2796263930711772,0.125,0.13541666666666666,5,1
10000,2672,0.27023183045811394,0.8964410767614148,0.13020833333333334,0.033682634730538924,1.0,0,1,28,17,0.2608372678450507,0.2796263930711772,0.125,0.13541666666666666,5,1
10000,2713,0.27023183045811394,0.8964410767614148,0.13020833333333334,0.04091411721341688,1.0,0,1,28,18,0.2608372678450507,0.2796263930711772,0.125,0.13541666666666666,5,1
10000,2776,0.27023183045811394,0.8964410767614148,0.13020833333333334,0.03025936599423631,1.0,0,1,28,19,0.2608372678450507,0.2796263930711772,0.125,0.13541666666666666,5,1
10000,2699,0.27023183045811394,0.9079741059108408,0.14062499999999997,0.0318636532048907,1.0,0,1,29,0,0.2608372678450507,0.2796263930711772,0.13541666666666666,0.14583333333333331,5,1
10000,2698,0.27023183045811394,0.9079741059108408,0.14062499999999997,0.0374351371386212,1.0,1,1,29,1,0.2608372678450507,0.2796263930711772,0.13541666666666666,0.14583333333333331,5,1
10000,2737,0.27023183045811394,0.9079741059108408,0.14062499999999997,0.031786627694556084,1.0,1,1,29,2,0.2608372678450507,0.2796263930711772,0.13541666666666666,0.14583333333333331,5,1
10000,2761,0.27023183045811394,0.9079741059108408,0.14062499999999997,0.034045635639261135,1.0,0,1,29,3,0.2608372678450507,0.2796263930711772,0.13541666666666666,0.14583333333333331,5,1
10000,2755,0.27023183045811394,0.9079741059108408,0.14062499999999997,0.031941923774954625,1.0,1,1,29,4,0.2608372678450507,0.2796263930711772,0.13541666666666666,0.14583333333333331,5,1
10000,2677,0.27023183045811394,0.9079741059108408,0.14062499999999997,0.028763541277549497,1.0,1,1,29,5,0.2608372678450507,0.2796263930711772,0.13541666666666666,0.14583333333333331,5,1
10000,2768,0.27023183045811394,0.9079741059108408,0.14062499999999997,0.033236994219653176,1.0,1,1,29,6,0.2608372678450507,0.2796263930711772,0.13541666666666666,0.14583333333333331,5,1
10000,2687,0.27023183045811394,0.9079741059108408,0.14062499999999997,0.028656494231484926,1.0,1,1,29,7,0.2608372678450507,0.2796263930711772,0.13541666666666666,0.14583333333333331,5,1
10000,2657,0.27023183045811394,0.9079741059108408,0.14062499999999997,0.033496424538953705,1.0,1,1,29,8,0.2608372678450507,0.2796263930711772,0.13541666666666666,0.14583333333333331,5,1
10000,2745,0.27023183045811394,0.9079741059108408,0.14062499999999997,0.03570127504553734,1.0,1,1,29,9,0.2608372678450507,0.2796263930711772,0.13541666666666666,0.14583333333333331,5,1
10000,2779,0.27023183045811394,0.9079741059108408,0.14062499999999997,0.035984166966534725,1.0,1,1,29,10,0.2608372678450507,0.2796263930711772,0.13541666666666666,0.14583333333333331,5,1
10000,2741,0.27023183045811394,0.9079741059108408,0.14062499999999997,0.041225829989055086,1.0,0,1,29,11,0.2608372678450507,0.2796263930711772,0.13541666666666666,0.14583333333333331,5,1
10000,2805,0.27023183045811394,0.9079741059108408,0.14062499999999997,0.03208556149732621,1.0,1,1,29,12,0.2608372678450507,0.2796263930711772,0.13541666666666666,0.14583333333333331,5,1
10000,2689,0.27023183045811394,0.9079741059108408,0.14062499999999997,0.031238378579397545,1.0,1,1,29,13,0.2608372678450507,0.2796263930711772,0.13541666666666666,0.14583333333333331,5,1
10000,2690,0.27023183045811394,0.9079741059108408,0.14062499999999997,0.03420074349442379,1.0,0,1,29,14,0.2608372678450507,0.2796263930711772,0.13541666666666666,0.14583333333333331,5,1
10000,2724,0.27023183045811394,0.9079741059108408,0.14062499999999997,0.0315712187958884,1.0,1,1,29,15,0.2608372678450507,0.2796263930711772,0.13541666666666666,0.14583333333333331,5,1
10000,2687,0.27023183045811394,0.9079741059108408,0.14062499999999997,0.03275027912169706,1.0,1,1,29,16,0.2608372678450507,0.2796263930711772,0.13541666666666666,0.14583333333333331,5,1
10000,2610,0.27023183045811394,0.9079741059108408,0.14062499999999997,0.032567049808429116,1.0,0,1,29,17,0.2608372678450507,0.2796263930711772,0.13541666666666666,0.14583333333333331,5,1
10000,2719,0.27023183045811394,0.9079741059108408,0.14062499999999997,0.026480323648400146,1.0,0,1,29,18,0.2608372678450507,0.2796263930711772,0.13541666666666666,0.14583333333333331,5,1
10000,2736,0.27023183045811394,0.9079741059108408,0.14062499999999997,0.031432748538011694,1.0,0,1,29,19,0.2608372678450507,0.2796263930711772,0.13541666666666666,0.14583333333333331,5,1
10000,2837,0.28902095568424047,0.8964410767614148,0.13020833333333334,0.03419104688050758,1.0,0,1,30,0,0.2796263930711772,0.29841551829730373,0.125,0.13541666666666666,5,1
10000,2868,0.28902095568424047,0.8964410767614148,0.13020833333333334,0.0299860529986053,1.0,1,1,30,1,0.2796263930711772,0.29841551829730373,0.125,0.13541666666666666,5,1
10000,2860,0.28902095568424047,0.8964410767614148,0.13020833333333334,0.03566433566433566,1.0,0,1,30,2,0.2796263930711772,0.29841551829730373,0.125,0.13541666666666666,5,1
10000,2940,0.28902095568424047,0.8964410767614148,0.13020833333333334,0.03435374149659864,1.0,0,1,30,3,0.2796263930711772,0.29841551829730373,0.125,0.13541666666666666,5,1
10000,2925,0.28902095568424047,0.8964410767614148,0.13020833333333334,0.03487179487179487,1.0,1,1,30,4,0.2796263930711772,0.29841551829730373,0.125,0.13541666666666666,5,1
10000,2873,0.28902095568424047,0.8964410767614148,0.13020833333333334,0.03376261747302471,1.0,1,1,30,5,0.2796263930711772,0.29841551829730373,0.125,0.13541666666666666,5,1
10000,2955,0.28902095568424047,0.8964410767614148,0.13020833333333334,0.0338409475465313,1.0,0,1,30,6,0.2796263930711772,0.29841551829730373,0.125,0.13541666666666666,5,1
10000,2964,0.28902095568424047,0.8964410767614148,0.13020833333333334,0.03272604588394062,1.0,0,1,30,7,0.2796263930711772,0.29841551829730373,0.125,0.13541666666666666,5,1
10000,2924,0.28902095568424047,0.8964410767614148,0.13020833333333334,0.03112175102599179,1.0,0,1,30,8,0.2796263930711772,0.29841551829730373,0.125,0.13541666666666666,5,1
10000,3006,0.28902095568424047,0.8964410767614148,0.13020833333333334,0.030272787757817696,1.0,0,1,30,9,0.2796263930711772,0.29841551829730373,0.125,0.13541666666666666,5,1
10000,2905,0.28902095568424047,0.8964410767614148,0.13020833333333334,0.033046471600688465,1.0,0,1,30,10,0.2796263930711772,0.29841551829730373,0.125,0.13541666666666666,5,1
10000,2829,0.28902095568424047,0.8964410767614148,0.13020833333333334,0.029692470837751856,1.0,1,1,30,11,0.2796263930711772,0.29841551829730373,0.125,0.13541666666666666,5,1
10000,2882,0.28902095568424047,0.8964410767614148,0.13020833333333334,0.037126995142262316,1.0,1,1,30,12,0.2796263930711772,0.29841551829730373,0.125,0.13541666666666666,5,1
10000,2913,0.28902095568424047,0.8964410767614148,0.13020833333333334,0.035015447991761074,1.0,0,1,30,13,0.2796263930711772,0.29841551829730373,0.125,0.13541666666666666,5,1
10000,2831,0.28902095568424047,0.8964410767614148,0.13020833333333334,0.03285058283292123,1.0,0,1,30,14,0.2796263930711772,0.29841551829730373,0.125,0.13541666666666666,5,1
10000,2960,0.28902095568424047,0.8964410767614148,0.13020833333333334,0.027702702702702704,1.0,1,1,30,15,0.2796263930711772,0.29841551829730373,0.125,0.13541666666666666,5,1
10000,2891,0.28902095568424047,0.8964410767614148,0.13020833333333334,0.026288481494292634,1.0,1,1,30,16,0.2796263930711772,0.29841551829730373,0.125,0.13541666666666666,5,1
10000,2942,0.28902095568424047,0.8964410767614148,0.13020833333333334,0.036709721278042146,1.0,0,1,30,17,0.2796263930711772,0.29841551829730373,0.125,0.13541666666666666,5,1
10000,2897,0.28902095568424047,0.8964410767614148,0.13020833333333334,0.03727994477045219,1.0,1,1,30,18,0.2796263930711772,0.29841551829730373,0.125,0.13541666666666666,5,1
10000,2882,0.28902095568424047,0.8964410767614148,0.13020833333333334,0.031228313671061762,1.0,1,1,30,19,0.2796263930711772,0.29841551829730373,0.125,0.13541666666666666,5,1
10000,2937,0.28902095568424047,0.9079741059108408,0.14062499999999997,0.029281579843377595,1.0,1,1,31,0,0.2796263930711772,0.29841551829730373,0.13541666666666666,0.14583333333333331,5,0
10000,2879,0.28902095568424047,0.9079741059108408,0.14062499999999997,0.03473428273706148,1.0,1,1,31,1,0.2796263930711772,0.29841551829730373,0.13541666666666666,0.14583333333333331,5,0
10000,2877,0.28902095568424047,0.9079741059108408,0.14062499999999997,0.03441084462982273,1.0,1,1,31,2,0.2796263930711772,0.29841551829730373,0.13541666666666666,0.14583333333333331,5,0
10000,2876,0.28902095568424047,0.9079741059108408,0.14062499999999997,0.028164116828929067,1.0,0,1,31,3,0.2796263930711772,0.29841551829730373,0.13541666666666666,0.14583333333333331,5,0
10000,2883,0.28902095568424047,0.9079741059108408,0.14062499999999997,0.031217481789802288,1.0,0,1,31,4,0.2796263930711772,0.29841551829730373,0.13541666666666666,0.14583333333333331,5,0
10000,2964,0.28902095568424047,0.9079741059108408,0.14062499999999997,0.03609986504723347,1.0,1,1,31,5,0.2796263930711772,0.29841551829730373,0.13541666666666666,0.14583333333333331,5,0
10000,2900,0.28902095568424047,0.9079741059108408,0.14062499999999997,0.033448275862068964,1.0,1,1,31,6,0.2796263930711772,0.29841551829730373,0.13541666666666666,0.14583333333333331,5,0
10000,2867,0.28902095568424047,0.9079741059108408,0.14062499999999997,0.029298918730380187,1.0,1,1,31,7,0.2796263930711772,0.29841551829730373,0.13541666666666666,0.14583333333333331,5,0
10000,2917,0.28902095568424047,0.9079741059108408,0.14062499999999997,0.03668152211175866,1.0,1,1,31,8,0.2796263930711772,0.29841551829730373,0.13541666666666666,0.14583333333333331,5,0
10000,2905,0.28902095568424047,0.9079741059108408,0.14062499999999997,0.0351118760757315,1.0,1,1,31,9,0.2796263930711772,0.29841551829730373,0.13541666666666666,0.14583333333333331,5,0
10000,2789,0.2796263930711772,0.9236075534914362,0.15624999999999997,0.032628182144137687,1.0,1,1,32,0,0.2608372678450507,0.29841551829730373,0.14583333333333331,0.16666666666666666,4,0
10000,2784,0.2796263930711772,0.9236075534914362,0.15624999999999997,0.0319683908045977,1.0,1,1,32,1,0.2608372678450507,0.29841551829730373,0.14583333333333331,0.16666666666666666,4,0
10000,2845,0.2796263930711772,0.9236075534914362,0.15624999999999997,0.03550087873462215,1.0,1,1,32,2,0.2608372678450507,0.29841551829730373,0.14583333333333331,0.16666666666666666,4,0
10000,2808,0.2796263930711772,0.9236075534914362,0.15624999999999997,0.03276353276353276,1.0,1,1,32,3,0.2608372678450507,0.29841551829730373,0.14583333333333331,0.16666666666666666,4,0
10000,2817,0.2796263930711772,0.9236075534914362,0.15624999999999997,0.03301384451544196,1.0,1,1,32,4,0.2608372678450507,0.29841551829730373,0.14583333333333331,0.16666666666666666,4,0
10000,2836,0.2796263930711772,0.9236075534914362,0.15624999999999997,0.032087447108603666,1.0,1,1,32,5,0.2608372678450507,0.29841551829730373,0.14583333333333331,0.16666666666666666,4,0
10000,2840,0.2796263930711772,0.9236075534914362,0.15624999999999997,0.032746478873239435,1.0,1,1,32,6,0.2608372678450507,0.29841551829730373,0.14583333333333331,0.16666666666666666,4,0
10000,2842,0.2796263930711772,0.9236075534914362,0.15624999999999997,0.029556650246305417,1.0,1,1,32,7,0.2608372678450507,0.29841551829730373,0.14583333333333331,0.16666666666666666,4,0
10000,2801,0.2796263930711772,0.9236075534914362,0.15624999999999997,0.03855765797929311,1.0,1,1,32,8,0.2608372678450507,0.29841551829730373,0.14583333333333331,0.16666666666666666,4,0
10000,2688,0.2796263930711772,0.9236075534914362,0.15624999999999997,0.030133928571428572,1.0,1,1,32,9,0.2608372678450507,0.29841551829730373,0.14583333333333331,0.16666666666666666,4,0
10000,3176,0.31720464352343025,0.9023247871744917,0.13541666666666674,0.030541561712846346,1.0,1,1,33,0,0.29841551829730373,0.33599376874955683,0.125,0.14583333333333331,4,0
10000,3121,0.31720464352343025,0.9023247871744917,0.13541666666666674,0.03556552387055431,1.0,1,1,33,1,0.29841551829730373,0.33599376874955683,0.125,0.14583333333333331,4,0
10000,3166,0.31720464352343025,0.9023247871744917,0.13541666666666674,0.033480732785849655,1.0,1,1,33,2,0.29841551829730373,0.33599376874955683,0.125,0.14583333333333331,4,0
10000,3198,0.31720464352343025,0.9023247871744917,0.13541666666666674,0.03877423389618512,1.0,1,1,33,3,0.29841551829730373,0.33599376874955683,0.125,0.14583333333333331,4,0
10000,3121,0.31720464352343025,0.9023247871744917,0.13541666666666674,0.02531239987183595,1.0,1,1,33,4,0.29841551829730373,0.33599376874955683,0.125,0.14583333333333331,4,0
10000,3195,0.31720464352343025,0.9023247871744917,0.13541666666666674,0.03599374021909233,1.0,1,1,33,5,0.29841551829730373,0.33599376874955683,0.125,0.14583333333333331,4,0
10000,3181,0.31720464352343025,0.9023247871744917,0.13541666666666674,0.028921722728701665,1.0,0,1,33,6,0.29841551829730373,0.33599376874955683,0.125,0.14583333333333331,4,0
10000,3203,0.31720464352343025,0.9023247871744917,0.13541666666666674,0.033406181704651886,1.0,1,1,33,7,0.29841551829730373,0.33599376874955683,0.125,0.14583333333333331,4,0
10000,3036,0.31720464352343025,0.9023247871744917,0.13541666666666674,0.03919631093544137,1.0,1,1,33,8,0.29841551829730373,0.33599376874955683,0.125,0.14583333333333331,4,0
10000,3267,0.31720464352343025,0.9023247871744917,0.13541666666666674,0.03213957759412305,1.0,1,1,33,9,0.29841551829730373,0.33599376874955683,0.125,0.14583333333333331,4,0
10000,3135,0.31720464352343025,0.9236075534914362,0.15624999999999997,0.031578947368421054,1.0,1,1,34,0,0.29841551829730373,0.33599376874955683,0.14583333333333331,0.16666666666666666,4,0
10000,3206,0.31720464352343025,0.9236075534914362,0.15624999999999997,0.03524641297567062,1.0,1,1,34,1,0.29841551829730373,0.33599376874955683,0.14583333333333331,0.16666666666666666,4,0
10000,3171,0.31720464352343025,0.9236075534914362,0.15624999999999997,0.03658152002522864,1.0,1,1,34,2,0.29841551829730373,0.33599376874955683,0.14583333333333331,0.16666666666666666,4,0
10000,3107,0.31720464352343025,0.9236075534914362,0.15624999999999997,0.03701319600901191,1.0,1,1,34,3,0.29841551829730373,0.33599376874955683,0.14583333333333331,0.16666666666666666,4,0
10000,3090,0.31720464352343025,0.9236075534914362,0.15624999999999997,0.03559870550161812,1.0,1,1,34,4,0.29841551829730373,0.33599376874955683,0.14583333333333331,0.16666666666666666,4,0
10000,3155,0.31720464352343025,0.9236075534914362,0.15624999999999997,0.030427892234548337,1.0,1,1,34,5,0.29841551829730373,0.33599376874955683,0.14583333333333331,0.16666666666666666,4,0
10000,3182,0.31720464352343025,0.9236075534914362,0.15624999999999997,0.03299811439346323,1.0,1,1,34,6,0.29841551829730373,0.33599376874955683,0.14583333333333331,0.16666666666666666,4,0
10000,3036,0.31720464352343025,0.9236075534914362,0.15624999999999997,0.03787878787878788,1.0,1,1,34,7,0.29841551829730373,0.33599376874955683,0.14583333333333331,0.16666666666666666,4,0
10000,3189,0.31720464352343025,0.9236075534914362,0.15624999999999997,0.03167137033552838,1.0,1,1,34,8,0.29841551829730373,0.33599376874955683,0.14583333333333331,0.16666666666666666,4,0
10000,3204,0.31720464352343025,0.9236075534914362,0.15624999999999997,0.033395755305867664,1.0,1,1,34,9,0.29841551829730373,0.33599376874955683,0.14583333333333331,0.16666666666666666,4,0
10000,736,0.07294601558378537,0.9496092053105675,0.1875,0.029891304347826088,1.0,0,0,35,0,0.0353677651315323,0.11052426603603843,0.16666666666666666,0.20833333333333331,3,0
10000,683,0.07294601558378537,0.9496092053105675,0.1875,0.024890190336749635,1.0,0,0,35,1,0.0353677651315323,0.11052426603603843,0.16666666666666666,0.20833333333333331,3,0
10000,736,0.07294601558378537,0.9496092053105675,0.1875,0.025815217391304348,1.0,0,0,35,2,0.0353677651315323,0.11052426603603843,0.16666666666666666,0.20833333333333331,3,0
10000,733,0.07294601558378537,0.9496092053105675,0.1875,0.027285129604365622,1.0,0,0,35,3,0.0353677651315323,0.11052426603603843,0.16666666666666666,0.20833333333333331,3,0
10000,748,0.07294601558378537,0.9496092053105675,0.1875,0.040106951871657755,1.0,0,0,35,4,0.0353677651315323,0.11052426603603843,0.16666666666666666,0.20833333333333331,3,0
10000,760,0.07294601558378537,0.9496092053105675,0.1875,0.04473684210526316,1.0,0,0,35,5,0.0353677651315323,0.11052426603603843,0.16666666666666666,0.20833333333333331,3,0
10000,733,0.07294601558378537,0.9496092053105675,0.1875,0.0286493860845839,1.0,0,0,35,6,0.0353677651315323,0.11052426603603843,0.16666666666666666,0.20833333333333331,3,0
10000,732,0.07294601558378537,0.9496092053105675,0.1875,0.031420765027322405,1.0,0,0,35,7,0.0353677651315323,0.11052426603603843,0.16666666666666666,0.20833333333333331,3,0
10000,747,0.07294601558378537,0.9496092053105675,0.1875,0.0214190093708166,1.0,0,0,35,8,0.0353677651315323,0.11052426603603843,0.16666666666666666,0.20833333333333331,3,0
10000,720,0.07294601558378537,0.9496092053105675,0.1875,0.027777777777777776,1.0,0,0,35,9,0.0353677651315323,0.11052426603603843,0.16666666666666666,0.20833333333333331,3,0
10000,789,0.07294601558378537,0.9749588797990832,0.22916666666666666,0.031685678073510776,1.0,0,1,36,0,0.0353677651315323,0.11052426603603843,0.20833333333333331,0.25,3,0
10000,699,0.07294601558378537,0.9749588797990832,0.22916666666666666,0.032904148783977114,1.0,0,0,36,1,0.0353677651315323,0.11052426603603843,0.20833333333333331,0.25,3,0
10000,689,0.07294601558378537,0.9749588797990832,0.22916666666666666,0.030478955007256895,1.0,0,0,36,2,0.0353677651315323,0.11052426603603843,0.20833333333333331,0.25,3,0
10000,698,0.07294601558378537,0.9749588797990832,0.22916666666666666,0.04727793696275072,1.0,0,0,36,3,0.0353677651315323,0.11052426603603843,0.20833333333333331,0.25,3,0
10000,714,0.07294601558378537,0.9749588797990832,0.22916666666666666,0.04061624649859944,1.0,0,0,36,4,0.0353677651315323,0.11052426603603843,0.20833333333333331,0.25,3,0
10000,774,0.07294601558378537,0.9749588797990832,0.22916666666666666,0.02454780361757106,1.0,0,0,36,5,0.0353677651315323,0.11052426603603843,0.20833333333333331,0.25,3,0
10000,771,0.07294601558378537,0.9749588797990832,0.22916666666666666,0.027237354085603113,1.0,0,0,36,6,0.0353677651315323,0.11052426603603843,0.20833333333333331,0.25,3,0
10000,730,0.07294601558378537,0.9749588797990832,0.22916666666666666,0.04246575342465753,1.0,0,0,36,7,0.0353677651315323,0.11052426603603843,0.20833333333333331,0.25,3,0
10000,680,0.07294601558378537,0.9749588797990832,0.22916666666666666,0.039705882352941174,1.0,0,0,36,8,0.0353677651315323,0.11052426603603843,0.20833333333333331,0.25,3,0
10000,757,0.07294601558378537,0.9749588797990832,0.22916666666666666,0.035667107001321,1.0,0,1,36,9,0.0353677651315323,0.11052426603603843,0.20833333333333331,0.25,3,0
10000,1321,0.12931339126216496,0.9416654382844554,0.1770833333333334,0.031037093111279335,1.0,0,1,37,0,0.11052426603603843,0.14810251648829148,0.16666666666666666,0.1875,4,0
10000,1264,0.12931339126216496,0.9416654382844554,0.1770833333333334,0.03164556962025317,1.0,0,1,37,1,0.11052426603603843,0.14810251648829148,0.16666666666666666,0.1875,4,0
10000,1300,0.12931339126216496,0.9416654382844554,0.1770833333333334,0.03,1.0,0,1,37,2,0.11052426603603843,0.14810251648829148,0.16666666666666666,0.1875,4,0
10000,1224,0.12931339126216496,0.9416654382844554,0.1770833333333334,0.032679738562091505,1.0,0,0,37,3,0.11052426603603843,0.14810251648829148,0.16666666666666666,0.1875,4,0
10000,1278,0.12931339126216496,0.9416654382844554,0.1770833333333334,0.03051643192488263,1.0,0,1,37,4,0.11052426603603843,0.14810251648829148,0.16666666666666666,0.1875,4,0
10000,1266,0.12931339126216496,0.9416654382844554,0.1770833333333334,0.04186413902053712,1.0,0,1,37,5,0.11052426603603843,0.14810251648829148,0.16666666666666666,0.1875,4,0
10000,1292,0.12931339126216496,0.9416654382844554,0.1770833333333334,0.03715170278637771,1.0,0,1,37,6,0.11052426603603843,0.14810251648829148,0.16666666666666666,0.1875,4,0
10000,1309,0.12931339126216496,0.9416654382844554,0.1770833333333334,0.03361344537815126,1.0,0,1,37,7,0.11052426603603843,0.14810251648829148,0.16666666666666666,0.1875,4,0
10000,1362,0.12931339126216496,0.9416654382844554,0.1770833333333334,0.0381791483113069,1.0,0,1,37,8,0.11052426603603843,0.14810251648829148,0.16666666666666666,0.1875,4,0
10000,1300,0.12931339126216496,0.9416654382844554,0.1770833333333334,0.03307692307692308,1.0,0,1,37,9,0.11052426603603843,0.14810251648829148,0.16666666666666666,0.1875,4,0
10000,1263,0.12931339126216496,0.9568809849129202,0.19791666666666666,0.03642121931908155,1.0,0,1,38,0,0.11052426603603843,0.14810251648829148,0.1875,0.20833333333333331,4,0
10000,1287,0.12931339126216496,0.9568809849129202,0.19791666666666666,0.039627039627039624,1.0,0,1,38,1,0.11052426603603843,0.14810251648829148,0.1875,0.20833333333333331,4,0
10000,1279,0.12931339126216496,0.9568809849129202,0.19791666666666666,0.03127443315089914,1.0,0,1,38,2,0.11052426603603843,0.14810251648829148,0.1875,0.20833333333333331,4,0
10000,1270,0.12931339126216496,0.9568809849129202,0.19791666666666666,0.026771653543307086,1.0,1,1,38,3,0.11052426603603843,0.14810251648829148,0.1875,0.20833333333333331,4,0
10000,1259,0.12931339126216496,0.9568809849129202,0.19791666666666666,0.030182684670373314,1.0,0,1,38,4,0.11052426603603843,0.14810251648829148,0.1875,0.20833333333333331,4,0
10000,1251,0.12931339126216496,0.9568809849129202,0.19791666666666666,0.02877697841726619,1.0,1,1,38,5,0.11052426603603843,0.14810251648829148,0.1875,0.20833333333333331,4,0
10000,1319,0.12931339126216496,0.9568809849129202,0.19791666666666666,0.03335860500379075,1.0,0,1,38,6,0.11052426603603843,0.14810251648829148,0.1875,0.20833333333333331,4,0
10000,1295,0.12931339126216496,0.9568809849129202,0.19791666666666666,0.03166023166023166,1.0,0,1,38,7,0.11052426603603843,0.14810251648829148,0.1875,0.20833333333333331,4,0
10000,1248,0.12931339126216496,0.9568809849129202,0.19791666666666666,0.029647435897435896,1.0,1,0,38,8,0.11052426603603843,0.14810251648829148,0.1875,0.20833333333333331,4,0
10000,1291,0.12931339126216496,0.9568809849129202,0.19791666666666666,0.03640588690937258,1.0,1,1,38,9,0.11052426603603843,0.14810251648829148,0.1875,0.20833333333333331,4,0
10000,1600,0.166891641714418,0.9416654382844554,0.1770833333333334,0.026875,1.0,0,1,39,0,0.14810251648829148,0.18568076694054456,0.16666666666666666,0.1875,4,0
10000,1674,0.166891641714418,0.9416654382844554,0.1770833333333334,0.045997610513739545,1.0,0,1,39,1,0.14810251648829148,0.18568076694054456,0.16666666666666666,0.1875,4,0
10000,1694,0.166891641714418,0.9416654382844554,0.1770833333333334,0.03423848878394333,1.0,1,1,39,2,0.14810251648829148,0.18568076694054456,0.16666666666666666,0.1875,4,0
10000,1670,0.166891641714418,0.9416654382844554,0.1770833333333334,0.03952095808383234,1.0,1,1,39,3,0.14810251648829148,0.18568076694054456,0.16666666666666666,0.1875,4,0
10000,1683,0.166891641714418,0.9416654382844554,0.1770833333333334,0.026737967914438502,1.0,0,1,39,4,0.14810251648829148,0.18568076694054456,0.16666666666666666,0.1875,4,0
10000,1667,0.166891641714418,0.9416654382844554,0.1770833333333334,0.03479304139172166,1.0,0,0,39,5,0.14810251648829148,0.18568076694054456,0.16666666666666666,0.1875,4,0
10000,1636,0.166891641714418,0.9416654382844554,0.1770833333333334,0.039119804400977995,1.0,0,1,39,6,0.14810251648829148,0.18568076694054456,0.16666666666666666,0.1875,4,0
10000,1694,0.166891641714418,0.9416654382844554,0.1770833333333334,0.03659976387249114,1.0,0,1,39,7,0.14810251648829148,0.18568076694054456,0.16666666666666666,0.1875,4,0
10000,1688,0.166891641714418,0.9416654382844554,0.1770833333333334,0.03672985781990521,1.0,0,1,39,8,0.14810251648829148,0.18568076694054456,0.16666666666666666,0.1875,4,0
10000,1777,0.166891641714418,0.9416654382844554,0.1770833333333334,0.033202025886325266,1.0,0,1,39,9,0.14810251648829148,0.18568076694054456,0.16666666666666666,0.1875,4,0
10000,1580,0.15749707910135474,0.9533270023876252,0.19270833333333334,0.03354430379746835,1.0,1,1,40,0,0.14810251648829148,0.166891641714418,0.1875,0.19791666666666666,5,0
10000,1585,0.15749707910135474,0.9533270023876252,0.19270833333333334,0.029022082018927444,1.0,1,1,40,1,0.14810251648829148,0.166891641714418,0.1875,0.19791666666666666,5,0
10000,1535,0.15749707910135474,0.9533270023876252,0.19270833333333334,0.025407166123778503,1.0,0,1,40,2,0.14810251648829148,0.166891641714418,0.1875,0.19791666666666666,5,0
10000,1569,0.15749707910135474,0.9533270023876252,0.19270833333333334,0.03824091778202677,1.0,1,1,40,3,0.14810251648829148,0.166891641714418,0.1875,0.19791666666666666,5,0
10000,1581,0.15749707910135474,0.9533270023876252,0.19270833333333334,0.027830487033523088,1.0,0,1,40,4,0.14810251648829148,0.166891641714418,0.1875,0.19791666666666666,5,0
10000,1562,0.15749707910135474,0.9533270023876252,0.19270833333333334,0.03585147247119078,1.0,1,1,40,5,0.14810251648829148,0.166891641714418,0.1875,0.19791666666666666,5,0
10000,1530,0.15749707910135474,0.9533270023876252,0.19270833333333334,0.032679738562091505,1.0,0,1,40,6,0.14810251648829148,0.166891641714418,0.1875,0.19791666666666666,5,0
10000,1491,0.15749707910135474,0.9533270023876252,0.19270833333333334,0.02481556002682763,1.0,1,1,40,7,0.14810251648829148,0.166891641714418,0.1875,0.19791666666666666,5,0
10000,1600,0.15749707910135474,0.9533270023876252,0.19270833333333334,0.030625,1.0,0,1,40,8,0.14810251648829148,0.166891641714418,0.1875,0.19791666666666666,5,0
10000,1550,0.15749707910135474,0.9533270023876252,0.19270833333333334,0.034193548387096775,1.0,1,1,40,9,0.14810251648829148,0.166891641714418,0.1875,0.19791666666666666,5,0
10000,1453,0.15749707910135474,0.9602749475517324,0.203125,0.030970406056434963,1.0,0,1,41,0,0.14810251648829148,0.166891641714418,0.19791666666666666,0.20833333333333331,5,0
10000,1552,0.15749707910135474,0.9602749475517324,0.203125,0.035438144329896906,1.0,0,0,41,1,0.14810251648829148,0.166891641714418,0.19791666666666666,0.20833333333333331,5,0
10000,1533,0.15749707910135474,0.9602749475517324,0.203125,0.03261578604044357,1.0,1,1,41,2,0.14810251648829148,0.166891641714418,0.19791666666666666,0.20833333333333331,5,0
10000,1571,0.15749707910135474,0.9602749475517324,0.203125,0.033099936346276254,1.0,1,1,41,3,0.14810251648829148,0.166891641714418,0.19791666666666666,0.20833333333333331,5,0
10000,1541,0.15749707910135474,0.9602749475517324,0.203125,0.04218040233614536,1.0,1,1,41,4,0.14810251648829148,0.166891641714418,0.19791666666666666,0.20833333333333331,5,0
10000,1587,0.15749707910135474,0.9602749475517324,0.203125,0.026465028355387523,1.0,0,1,41,5,0.14810251648829148,0.166891641714418,0.19791666666666666,0.20833333333333331,5,0
10000,1615,0.15749707910135474,0.9602749475517324,0.203125,0.034055727554179564,1.0,1,1,41,6,0.14810251648829148,0.166891641714418,0.19791666666666666,0.20833333333333331,5,0
10000,1515,0.15749707910135474,0.9602749475517324,0.203125,0.03828382838283828,1.0,1,1,41,7,0.14810251648829148,0.166891641714418,0.19791666666666666,0.20833333333333331,5,0
10000,1557,0.15749707910135474,0.9602749475517324,0.203125,0.03211303789338472,1.0,0,1,41,8,0.14810251648829148,0.166891641714418,0.19791666666666666,0.20833333333333331,5,0
10000,1618,0.15749707910135474,0.9602749475517324,0.203125,0.032756489493201486,1.0,1,1,41,9,0.14810251648829148,0.166891641714418,0.19791666666666666,0.20833333333333331,5,0
10000,1743,0.17628620432748127,0.9533270023876252,0.19270833333333334,0.028112449799196786,1.0,1,1,42,0,0.166891641714418,0.18568076694054456,0.1875,0.19791666666666666,5,1
10000,1697,0.17628620432748127,0.9533270023876252,0.19270833333333334,0.02946375957572186,1.0,1,1,42,1,0.166891641714418,0.18568076694054456,0.1875,0.19791666666666666,5,1
10000,1773,0.17628620432748127,0.9533270023876252,0.19270833333333334,0.028764805414551606,1.0,1,1,42,2,0.166891641714418,0.18568076694054456,0.1875,0.19791666666666666,5,1
10000,1762,0.17628620432748127,0.9533270023876252,0.19270833333333334,0.029511918274687854,1.0,1,1,42,3,0.166891641714418,0.18568076694054456,0.1875,0.19791666666666666,5,1
10000,1723,0.17628620432748127,0.9533270023876252,0.19270833333333334,0.024956471271038887,1.0,0,1,42,4,0.166891641714418,0.18568076694054456,0.1875,0.19791666666666666,5,1
10000,1782,0.17628620432748127,0.9533270023876252,0.19270833333333334,0.03310886644219978,1.0,1,1,42,5,0.166891641714418,0.18568076694054456,0.1875,0.19791666666666666,5,1
10000,1796,0.17628620432748127,0.9533270023876252,0.19270833333333334,0.027282850779510023,1.0,1,1,42,6,0.166891641714418,0.18568076694054456,0.1875,0.19791666666666666,5,1
10000,1763,0.17628620432748127,0.9533270023876252,0.19270833333333334,0.03460011344299489,1.0,1,1,42,7,0.166891641714418,0.18568076694054456,0.1875,0.19791666666666666,5,1
10000,1760,0.17628620432748127,0.9533270023876252,0.19270833333333334,0.03068181818181818,1.0,1,1,42,8,0.166891641714418,0.18568076694054456,0.1875,0.19791666666666666,5,1
10000,1724,0.17628620432748127,0.9533270023876252,0.19270833333333334,0.031902552204176336,1.0,0,1,42,9,0.166891641714418,0.18568076694054456,0.1875,0.19791666666666666,5,1
10000,1696,0.17628620432748127,0.9533270023876252,0.19270833333333334,0.03537735849056604,1.0,1,1,42,10,0.166891641714418,0.18568076694054456,0.1875,0.19791666666666666,5,1
10000,1792,0.17628620432748127,0.9533270023876252,0.19270833333333334,0.03459821428571429,1.0,0,1,42,11,0.166891641714418,0.18568076694054456,0.1875,0.19791666666666666,5,1
10000,1765,0.17628620432748127,0.9533270023876252,0.19270833333333334,0.03512747875354107,1.0,0,1,42,12,0.166891641714418,0.18568076694054456,0.1875,0.19791666666666666,5,1
10000,1722,0.17628620432748127,0.9533270023876252,0.19270833333333334,0.033101045296167246,1.0,1,1,42,13,0.166891641714418,0.18568076694054456,0.1875,0.19791666666666666,5,1
10000,1817,0.17628620432748127,0.9533270023876252,0.19270833333333334,0.03907539900935608,1.0,1,1,42,14,0.166891641714418,0.18568076694054456,0.1875,0.19791666666666666,5,1
10000,1796,0.17628620432748127,0.9533270023876252,0.19270833333333334,0.03841870824053452,1.0,1,1,42,15,0.166891641714418,0.18568076694054456,0.1875,0.19791666666666666,5,1
10000,1756,0.17628620432748127,0.9533270023876252,0.19270833333333334,0.03189066059225513,1.0,1,1,42,16,0.166891641714418,0.18568076694054456,0.1875,0.19791666666666666,5,1
10000,1754,0.17628620432748127,0.9533270023876252,0.19270833333333334,0.03819840364880274,1.0,1,1,42,17,0.166891641714418,0.18568076694054456,0.1875,0.19791666666666666,5,1
10000,1757,0.17628620432748127,0.9533270023876252,0.19270833333333334,0.030734206033010813,1.0,1,1,42,18,0.166891641714418,0.18568076694054456,0.1875,0.19791666666666666,5,1
10000,1757,0.17628620432748127,0.9533270023876252,0.19270833333333334,0.029595902105862264,1.0,1,1,42,19,0.166891641714418,0.18568076694054456,0.1875,0.19791666666666666,5,1
10000,1783,0.17628620432748127,0.9602749475517324,0.203125,0.04150308468872686,1.0,1,1,43,0,0.166891641714418,0.18568076694054456,0.19791666666666666,0.20833333333333331,5,1
10000,1756,0.17628620432748127,0.9602749475517324,0.203125,0.035876993166287015,1.0,1,1,43,1,0.166891641714418,0.18568076694054456,0.19791666666666666,0.20833333333333331,5,1
10000,1739,0.17628620432748127,0.9602749475517324,0.203125,0.025301897642323174,1.0,1,1,43,2,0.166891641714418,0.18568076694054456,0.19791666666666666,0.20833333333333331,5,1
10000,1817,0.17628620432748127,0.9602749475517324,0.203125,0.03962575674188222,1.0,1,1,43,3,0.166891641714418,0.18568076694054456,0.19791666666666666,0.20833333333333331,5,1
10000,1735,0.17628620432748127,0.9602749475517324,0.203125,0.03054755043227666,1.0,0,1,43,4,0.166891641714418,0.18568076694054456,0.19791666666666666,0.20833333333333331,5,1
10000,1792,0.17628620432748127,0.9602749475517324,0.203125,0.03404017857142857,1.0,1,1,43,5,0.166891641714418,0.18568076694054456,0.19791666666666666,0.20833333333333331,5,1
10000,1768,0.17628620432748127,0.9602749475517324,0.203125,0.0333710407239819,1.0,1,1,43,6,0.166891641714418,0.18568076694054456,0.19791666666666666,0.20833333333333331,5,1
10000,1855,0.17628620432748127,0.9602749475517324,0.203125,0.030727762803234502,1.0,1,1,43,7,0.166891641714418,0.18568076694054456,0.19791666666666666,0.20833333333333331,5,1
10000,1742,0.17628620432748127,0.9602749475517324,0.203125,0.03673938002296211,1.0,1,1,43,8,0.166891641714418,0.18568076694054456,0.19791666666666666,0.20833333333333331,5,1
10000,1771,0.17628620432748127,0.9602749475517324,0.203125,0.038396386222473176,1.0,1,1,43,9,0.166891641714418,0.18568076694054456,0.19791666666666666,0.20833333333333331,5,1
10000,1734,0.17628620432748127,0.9602749475517324,0.203125,0.03344867358708189,1.0,0,1,43,10,0.166891641714418,0.18568076694054456,0.19791666666666666,0.20833333333333331,5,1
10000,1788,0.17628620432748127,0.9602749475517324,0.203125,0.03131991051454139,1.0,1,1,43,11,0.166891641714418,0.18568076694054456,0.19791666666666666,0.20833333333333331,5,1
10000,1729,0.17628620432748127,0.9602749475517324,0.203125,0.04684788895315211,1.0,1,1,43,12,0.166891641714418,0.18568076694054456,0.19791666666666666,0.20833333333333331,5,1
10000,1723,0.17628620432748127,0.9602749475517324,0.203125,0.03946604759141033,1.0,1,1,43,13,0.166891641714418,0.18568076694054456,0.19791666666666666,0.20833333333333331,5,1
10000,1751,0.17628620432748127,0.9602749475517324,0.203125,0.03198172472872644,1.0,1,1,43,14,0.166891641714418,0.18568076694054456,0.19791666666666666,0.20833333333333331,5,1
10000,1736,0.17628620432748127,0.9602749475517324,0.203125,0.03225806451612903,1.0,0,1,43,15,0.166891641714418,0.18568076694054456,0.19791666666666666,0.20833333333333331,5,1
10000,1718,0.17628620432748127,0.9602749475517324,0.203125,0.03667054714784633,1.0,0,1,43,16,0.166891641714418,0.18568076694054456,0.19791666666666666,0.20833333333333331,5,1
10000,1787,0.17628620432748127,0.9602749475517324,0.203125,0.024622271964185788,1.0,0,1,43,17,0.166891641714418,0.18568076694054456,0.19791666666666666,0.20833333333333331,5,1
10000,1777,0.17628620432748127,0.9602749475517324,0.203125,0.028137310073157007,1.0,1,1,43,18,0.166891641714418,0.18568076694054456,0.19791666666666666,0.20833333333333331,5,1
10000,1822,0.17628620432748127,0.9602749475517324,0.203125,0.030735455543358946,1.0,1,1,43,19,0.166891641714418,0.18568076694054456,0.19791666666666666,0.20833333333333331,5,1
10000,1324,0.12931339126216496,0.9695306000411474,0.21874999999999992,0.03474320241691843,1.0,1,1,44,0,0.11052426603603843,0.14810251648829148,0.20833333333333331,0.22916666666666666,4,0
10000,1362,0.12931339126216496,0.9695306000411474,0.21874999999999992,0.02643171806167401,1.0,0,1,44,1,0.11052426603603843,0.14810251648829148,0.20833333333333331,0.22916666666666666,4,0
10000,1267,0.12931339126216496,0.9695306000411474,0.21874999999999992,0.03157063930544594,1.0,1,1,44,2,0.11052426603603843,0.14810251648829148,0.20833333333333331,0.22916666666666666,4,0
10000,1295,0.12931339126216496,0.9695306000411474,0.21874999999999992,0.03474903474903475,1.0,1,1,44,3,0.11052426603603843,0.14810251648829148,0.20833333333333331,0.22916666666666666,4,0
10000,1288,0.12931339126216496,0.9695306000411474,0.21874999999999992,0.034161490683229816,1.0,0,1,44,4,0.11052426603603843,0.14810251648829148,0.20833333333333331,0.22916666666666666,4,0
10000,1289,0.12931339126216496,0.9695306000411474,0.21874999999999992,0.031031807602792862,1.0,0,1,44,5,0.11052426603603843,0.14810251648829148,0.20833333333333331,0.22916666666666666,4,0
10000,1308,0.12931339126216496,0.9695306000411474,0.21874999999999992,0.03746177370030581,1.0,0,1,44,6,0.11052426603603843,0.14810251648829148,0.20833333333333331,0.22916666666666666,4,0
10000,1267,0.12931339126216496,0.9695306000411474,0.21874999999999992,0.03157063930544594,1.0,0,1,44,7,0.11052426603603843,0.14810251648829148,0.20833333333333331,0.22916666666666666,4,0
10000,1330,0.12931339126216496,0.9695306000411474,0.21874999999999992,0.0406015037593985,1.0,1,1,44,8,0.11052426603603843,0.14810251648829148,0.20833333333333331,0.22916666666666666,4,0
10000,1350,0.12931339126216496,0.9695306000411474,0.21874999999999992,0.040740740740740744,1.0,1,1,44,9,0.11052426603603843,0.14810251648829148,0.20833333333333331,0.22916666666666666,4,0
10000,1238,0.1199188286491017,0.9774581747061726,0.23437500000000003,0.03150242326332795,1.0,1,1,45,0,0.11052426603603843,0.12931339126216496,0.22916666666666666,0.23958333333333331,5,0
10000,1134,0.1199188286491017,0.9774581747061726,0.23437500000000003,0.037037037037037035,1.0,1,1,45,1,0.11052426603603843,0.12931339126216496,0.22916666666666666,0.23958333333333331,5,0
10000,1215,0.1199188286491017,0.9774581747061726,0.23437500000000003,0.02633744855967078,1.0,0,1,45,2,0.11052426603603843,0.12931339126216496,0.22916666666666666,0.23958333333333331,5,0
10000,1162,0.1199188286491017,0.9774581747061726,0.23437500000000003,0.03442340791738382,1.0,1,1,45,3,0.11052426603603843,0.12931339126216496,0.22916666666666666,0.23958333333333331,5,0
10000,1269,0.1199188286491017,0.9774581747061726,0.23437500000000003,0.026004728132387706,1.0,0,1,45,4,0.11052426603603843,0.12931339126216496,0.22916666666666666,0.23958333333333331,5,0
10000,1201,0.1199188286491017,0.9774581747061726,0.23437500000000003,0.035803497085761866,1.0,1,1,45,5,0.11052426603603843,0.12931339126216496,0.22916666666666666,0.23958333333333331,5,0
10000,1247,0.1199188286491017,0.9774581747061726,0.23437500000000003,0.03769045709703288,1.0,0,1,45,6,0.11052426603603843,0.12931339126216496,0.22916666666666666,0.23958333333333331,5,0
10000,1209,0.1199188286491017,0.9774581747061726,0.23437500000000003,0.036393713813068655,1.0,0,1,45,7,0.11052426603603843,0.12931339126216496,0.22916666666666666,0.23958333333333331,5,0
10000,1250,0.1199188286491017,0.9774581747061726,0.23437500000000003,0.024,1.0,1,1,45,8,0.11052426603603843,0.12931339126216496,0.22916666666666666,0.23958333333333331,5,0
10000,1215,0.1199188286491017,0.9774581747061726,0.23437500000000003,0.03374485596707819,1.0,1,1,45,9,0.11052426603603843,0.12931339126216496,0.22916666666666666,0.23958333333333331,5,0
10000,1206,0.1199188286491017,0.9820382140906985,0.24479166666666682,0.03316749585406302,1.0,1,1,46,0,0.11052426603603843,0.12931339126216496,0.23958333333333331,0.25,5,0
10000,1156,0.1199188286491017,0.9820382140906985,0.24479166666666682,0.03633217993079585,1.0,1,1,46,1,0.11052426603603843,0.12931339126216496,0.23958333333333331,0.25,5,0
10000,1172,0.1199188286491017,0.9820382140906985,0.24479166666666682,0.03754266211604096,1.0,1,1,46,2,0.11052426603603843,0.12931339126216496,0.23958333333333331,0.25,5,0
10000,1170,0.1199188286491017,0.9820382140906985,0.24479166666666682,0.037606837606837605,1.0,1,1,46,3,0.11052426603603843,0.12931339126216496,0.23958333333333331,0.25,5,0
10000,1298,0.1199188286491017,0.9820382140906985,0.24479166666666682,0.023112480739599383,1.0,0,1,46,4,0.11052426603603843,0.12931339126216496,0.23958333333333331,0.25,5,0
10000,1199,0.1199188286491017,0.9820382140906985,0.24479166666666682,0.03502919099249374,1.0,1,1,46,5,0.11052426603603843,0.12931339126216496,0.23958333333333331,0.25,5,0
10000,1255,0.1199188286491017,0.9820382140906985,0.24479166666666682,0.03187250996015936,1.0,1,1,46,6,0.11052426603603843,0.12931339126216496,0.23958333333333331,0.25,5,0
10000,1172,0.1199188286491017,0.9820382140906985,0.24479166666666682,0.03924914675767918,1.0,1,1,46,7,0.11052426603603843,0.12931339126216496,0.23958333333333331,0.25,5,0
10000,1224,0.1199188286491017,0.9820382140906985,0.24479166666666682,0.032679738562091505,1.0,0,0,46,8,0.11052426603603843,0.12931339126216496,0.23958333333333331,0.25,5,0
10000,1257,0.1199188286491017,0.9820382140906985,0.24479166666666682,0.031026252983293555,1.0,0,1,46,9,0.11052426603603843,0.12931339126216496,0.23958333333333331,0.25,5,0
10000,1325,0.13870795387522822,0.9774581747061726,0.23437500000000003,0.03471698113207547,1.0,1,1,47,0,0.12931339126216496,0.14810251648829148,0.22916666666666666,0.23958333333333331,5,1
10000,1367,0.13870795387522822,0.9774581747061726,0.23437500000000003,0.029261155815654718,1.0,1,1,47,1,0.12931339126216496,0.14810251648829148,0.22916666666666666,0.23958333333333331,5,1
10000,1385,0.13870795387522822,0.9774581747061726,0.23437500000000003,0.03032490974729242,1.0,1,1,47,2,0.12931339126216496,0.14810251648829148,0.22916666666666666,0.23958333333333331,5,1
10000,1405,0.13870795387522822,0.9774581747061726,0.23437500000000003,0.03701067615658363,1.0,0,1,47,3,0.12931339126216496,0.14810251648829148,0.22916666666666666,0.23958333333333331,5,1
10000,1380,0.13870795387522822,0.9774581747061726,0.23437500000000003,0.04492753623188406,1.0,1,1,47,4,0.12931339126216496,0.14810251648829148,0.22916666666666666,0.23958333333333331,5,1
10000,1415,0.13870795387522822,0.9774581747061726,0.23437500000000003,0.028268551236749116,1.0,1,1,47,5,0.12931339126216496,0.14810251648829148,0.22916666666666666,0.23958333333333331,5,1
10000,1367,0.13870795387522822,0.9774581747061726,0.23437500000000003,0.027798098024871983,1.0,0,1,47,6,0.12931339126216496,0.14810251648829148,0.22916666666666666,0.23958333333333331,5,1
10000,1435,0.13870795387522822,0.9774581747061726,0.23437500000000003,0.03414634146341464,1.0,1,1,47,7,0.12931339126216496,0.14810251648829148,0.22916666666666666,0.23958333333333331,5,1
10000,1484,0.13870795387522822,0.9774581747061726,0.23437500000000003,0.03167115902964959,1.0,1,1,47,8,0.12931339126216496,0.14810251648829148,0.22916666666666666,0.23958333333333331,5,1
10000,1394,0.13870795387522822,0.9774581747061726,0.23437500000000003,0.028694404591104734,1.0,0,1,47,9,0.12931339126216496,0.14810251648829148,0.22916666666666666,0.23958333333333331,5,1
10000,1433,0.13870795387522822,0.9774581747061726,0.23437500000000003,0.03349616189811584,1.0,1,1,47,10,0.12931339126216496,0.14810251648829148,0.22916666666666666,0.23958333333333331,5,1
10000,1439,0.13870795387522822,0.9774581747061726,0.23437500000000003,0.03822098679638638,1.0,1,1,47,11,0.12931339126216496,0.14810251648829148,0.22916666666666666,0.23958333333333331,5,1
10000,1400,0.13870795387522822,0.9774581747061726,0.23437500000000003,0.03214285714285714,1.0,1,1,47,12,0.12931339126216496,0.14810251648829148,0.22916666666666666,0.23958333333333331,5,1
10000,1329,0.13870795387522822,0.9774581747061726,0.23437500000000003,0.03310759969902182,1.0,1,1,47,13,0.12931339126216496,0.14810251648829148,0.22916666666666666,0.23958333333333331,5,1
10000,1365,0.13870795387522822,0.9774581747061726,0.23437500000000003,0.035897435897435895,1.0,1,1,47,14,0.12931339126216496,0.14810251648829148,0.22916666666666666,0.23958333333333331,5,1
10000,1363,0.13870795387522822,0.9774581747061726,0.23437500000000003,0.030814380044020543,1.0,1,1,47,15,0.12931339126216496,0.14810251648829148,0.22916666666666666,0.23958333333333331,5,1
10000,1363,0.13870795387522822,0.9774581747061726,0.23437500000000003,0.0359501100513573,1.0,1,1,47,16,0.12931339126216496,0.14810251648829148,0.22916666666666666,0.23958333333333331,5,1
10000,1367,0.13870795387522822,0.9774581747061726,0.23437500000000003,0.04169714703730797,1.0,1,1,47,17,0.12931339126216496,0.14810251648829148,0.22916666666666666,0.23958333333333331,5,1
10000,1365,0.13870795387522822,0.9774581747061726,0.23437500000000003,0.017582417582417582,1.0,1,1,47,18,0.12931339126216496,0.14810251648829148,0.22916666666666666,0.23958333333333331,5,1
10000,1381,0.13870795387522822,0.9774581747061726,0.23437500000000003,0.04055032585083273,1.0,0,1,47,19,0.12931339126216496,0.14810251648829148,0.22916666666666666,0.23958333333333331,5,1
10000,1400,0.13870795387522822,0.9820382140906985,0.24479166666666682,0.025,1.0,1,1,48,0,0.12931339126216496,0.14810251648829148,0.23958333333333331,0.25,5,1
10000,1362,0.13870795387522822,0.9820382140906985,0.24479166666666682,0.0315712187958884,1.0,1,1,48,1,0.12931339126216496,0.14810251648829148,0.23958333333333331,0.25,5,1
10000,1391,0.13870795387522822,0.9820382140906985,0.24479166666666682,0.03522645578720345,1.0,1,1,48,2,0.12931339126216496,0.14810251648829148,0.23958333333333331,0.25,5,1
10000,1378,0.13870795387522822,0.9820382140906985,0.24479166666666682,0.036284470246734396,1.0,0,1,48,3,0.12931339126216496,0.14810251648829148,0.23958333333333331,0.25,5,1
10000,1385,0.13870795387522822,0.9820382140906985,0.24479166666666682,0.026714801444043323,1.0,1,1,48,4,0.12931339126216496,0.14810251648829148,0.23958333333333331,0.25,5,1
10000,1478,0.13870795387522822,0.9820382140906985,0.24479166666666682,0.033152909336941816,1.0,1,1,48,5,0.12931339126216496,0.14810251648829148,0.23958333333333331,0.25,5,1
10000,1418,0.13870795387522822,0.9820382140906985,0.24479166666666682,0.03173483779971791,1.0,1,1,48,6,0.12931339126216496,0.14810251648829148,0.23958333333333331,0.25,5,1
10000,1416,0.13870795387522822,0.9820382140906985,0.24479166666666682,0.03742937853107345,1.0,1,1,48,7,0.12931339126216496,0.14810251648829148,0.23958333333333331,0.25,5,1
10000,1445,0.13870795387522822,0.9820382140906985,0.24479166666666682,0.03667820069204152,1.0,1,1,48,8,0.12931339126216496,0.14810251648829148,0.23958333333333331,0.25,5,1
10000,1425,0.13870795387522822,0.9820382140906985,0.24479166666666682,0.037894736842105266,1.0,1,1,48,9,0.12931339126216496,0.14810251648829148,0.23958333333333331,0.25,5,1
10000,1458,0.13870795387522822,0.9820382140906985,0.24479166666666682,0.02400548696844993,1.0,1,1,48,10,0.12931339126216496,0.14810251648829148,0.23958333333333331,0.25,5,1
10000,1389,0.13870795387522822,0.9820382140906985,0.24479166666666682,0.03311735061195104,1.0,1,1,48,11,0.12931339126216496,0.14810251648829148,0.23958333333333331,0.25,5,1
10000,1430,0.13870795387522822,0.9820382140906985,0.24479166666666682,0.028671328671328673,1.0,1,1,48,12,0.12931339126216496,0.14810251648829148,0.23958333333333331,0.25,5,1
10000,1386,0.13870795387522822,0.9820382140906985,0.24479166666666682,0.032467532467532464,1.0,1,1,48,13,0.12931339126216496,0.14810251648829148,0.23958333333333331,0.25,5,1
10000,1398,0.13870795387522822,0.9820382140906985,0.24479166666666682,0.0357653791130186,1.0,1,1,48,14,0.12931339126216496,0.14810251648829148,0.23958333333333331,0.25,5,1
10000,1351,0.13870795387522822,0.9820382140906985,0.24479166666666682,0.034048852701702444,1.0,1,1,48,15,0.12931339126216496,0.14810251648829148,0.23958333333333331,0.25,5,1
10000,1409,0.13870795387522822,0.9820382140906985,0.24479166666666682,0.035486160397444996,1.0,1,1,48,16,0.12931339126216496,0.14810251648829148,0.23958333333333331,0.25,5,1
10000,1389,0.13870795387522822,0.9820382140906985,0.24479166666666682,0.04319654427645788,1.0,1,1,48,17,0.12931339126216496,0.14810251648829148,0.23958333333333331,0.25,5,1
10000,1305,0.13870795387522822,0.9820382140906985,0.24479166666666682,0.02681992337164751,1.0,1,1,48,18,0.12931339126216496,0.14810251648829148,0.23958333333333331,0.25,5,1
10000,1454,0.13870795387522822,0.9820382140906985,0.24479166666666682,0.02888583218707015,1.0,1,1,48,19,0.12931339126216496,0.14810251648829148,0.23958333333333331,0.25,5,1
10000,1645,0.15749707910135474,0.9665966163012223,0.21354166666666677,0.035866261398176294,1.0,1,1,49,0,0.14810251648829148,0.166891641714418,0.20833333333333331,0.21875,5,1
10000,1573,0.15749707910135474,0.9665966163012223,0.21354166666666677,0.03750794659885569,1.0,1,1,49,1,0.14810251648829148,0.166891641714418,0.20833333333333331,0.21875,5,1
10000,1583,0.15749707910135474,0.9665966163012223,0.21354166666666677,0.028427037271004423,1.0,1,1,49,2,0.14810251648829148,0.166891641714418,0.20833333333333331,0.21875,5,1
10000,1628,0.15749707910135474,0.9665966163012223,0.21354166666666677,0.0343980343980344,1.0,1,1,49,3,0.14810251648829148,0.166891641714418,0.20833333333333331,0.21875,5,1
10000,1627,0.15749707910135474,0.9665966163012223,0.21354166666666677,0.03626306084818685,1.0,1,1,49,4,0.14810251648829148,0.166891641714418,0.20833333333333331,0.21875,5,1
10000,1583,0.15749707910135474,0.9665966163012223,0.21354166666666677,0.0410612760581175,1.0,1,1,49,5,0.14810251648829148,0.166891641714418,0.20833333333333331,0.21875,5,1
10000,1631,0.15749707910135474,0.9665966163012223,0.21354166666666677,0.036174126302881665,1.0,0,1,49,6,0.14810251648829148,0.166891641714418,0.20833333333333331,0.21875,5,1
10000,1551,0.15749707910135474,0.9665966163012223,0.21354166666666677,0.038039974210186976,1.0,1,1,49,7,0.14810251648829148,0.166891641714418,0.20833333333333331,0.21875,5,1
10000,1547,0.15749707910135474,0.9665966163012223,0.21354166666666677,0.03361344537815126,1.0,1,1,49,8,0.14810251648829148,0.166891641714418,0.20833333333333331,0.21875,5,1
10000,1552,0.15749707910135474,0.9665966163012223,0.21354166666666677,0.037371134020618556,1.0,1,1,49,9,0.14810251648829148,0.166891641714418,0.20833333333333331,0.21875,5,1
10000,1631,0.15749707910135474,0.9665966163012223,0.21354166666666677,0.028816676885346414,1.0,1,1,49,10,0.14810251648829148,0.166891641714418,0.20833333333333331,0.21875,5,1
10000,1574,0.15749707910135474,0.9665966163012223,0.21354166666666677,0.031130876747141042,1.0,1,1,49,11,0.14810251648829148,0.166891641714418,0.20833333333333331,0.21875,5,1
10000,1634,0.15749707910135474,0.9665966163012223,0.21354166666666677,0.03182374541003672,1.0,1,1,49,12,0.14810251648829148,0.166891641714418,0.20833333333333331,0.21875,5,1
10000,1596,0.15749707910135474,0.9665966163012223,0.21354166666666677,0.03320802005012531,1.0,1,1,49,13,0.14810251648829148,0.166891641714418,0.20833333333333331,0.21875,5,1
10000,1625,0.15749707910135474,0.9665966163012223,0.21354166666666677,0.03569230769230769,1.0,0,1,49,14,0.14810251648829148,0.166891641714418,0.20833333333333331,0.21875,5,1
10000,1667,0.15749707910135474,0.9665966163012223,0.21354166666666677,0.03419316136772645,1.0,1,1,49,15,0.14810251648829148,0.166891641714418,0.20833333333333331,0.21875,5,1
10000,1612,0.15749707910135474,0.9665966163012223,0.21354166666666677,0.03535980148883375,1.0,1,1,49,16,0.14810251648829148,0.166891641714418,0.20833333333333331,0.21875,5,1
10000,1526,0.15749707910135474,0.9665966163012223,0.21354166666666677,0.02948885976408912,1.0,1,1,49,17,0.14810251648829148,0.166891641714418,0.20833333333333331,0.21875,5,1
10000,1605,0.15749707910135474,0.9665966163012223,0.21354166666666677,0.02679127725856698,1.0,1,1,49,18,0.14810251648829148,0.166891641714418,0.20833333333333331,0.21875,5,1
10000,1569,0.15749707910135474,0.9665966163012223,0.21354166666666677,0.04397705544933078,1.0,1,1,49,19,0.14810251648829148,0.166891641714418,0.20833333333333331,0.21875,5,1
10000,1542,0.15749707910135474,0.972317156255995,0.22395833333333337,0.029182879377431907,1.0,1,1,50,0,0.14810251648829148,0.166891641714418,0.21875,0.22916666666666666,5,1
10000,1509,0.15749707910135474,0.972317156255995,0.22395833333333337,0.028495692511597084,1.0,1,1,50,1,0.14810251648829148,0.166891641714418,0.21875,0.22916666666666666,5,1
10000,1602,0.15749707910135474,0.972317156255995,0.22395833333333337,0.03433208489388265,1.0,1,1,50,2,0.14810251648829148,0.166891641714418,0.21875,0.22916666666666666,5,1
10000,1659,0.15749707910135474,0.972317156255995,0.22395833333333337,0.03616636528028933,1.0,1,1,50,3,0.14810251648829148,0.166891641714418,0.21875,0.22916666666666666,5,1
10000,1597,0.15749707910135474,0.972317156255995,0.22395833333333337,0.028177833437695678,1.0,1,1,50,4,0.14810251648829148,0.166891641714418,0.21875,0.22916666666666666,5,1
10000,1571,0.15749707910135474,0.972317156255995,0.22395833333333337,0.03946530872056015,1.0,0,0,50,5,0.14810251648829148,0.166891641714418,0.21875,0.22916666666666666,5,1
10000,1589,0.15749707910135474,0.972317156255995,0.22395833333333337,0.033983637507866586,1.0,1,1,50,6,0.14810251648829148,0.166891641714418,0.21875,0.22916666666666666,5,1
10000,1637,0.15749707910135474,0.972317156255995,0.22395833333333337,0.037874160048869884,1.0,1,1,50,7,0.14810251648829148,0.166891641714418,0.21875,0.22916666666666666,5,1
10000,1542,0.15749707910135474,0.972317156255995,0.22395833333333337,0.03372243839169909,1.0,1,1,50,8,0.14810251648829148,0.166891641714418,0.21875,0.22916666666666666,5,1
10000,1613,0.15749707910135474,0.972317156255995,0.22395833333333337,0.03595784252944823,1.0,1,1,50,9,0.14810251648829148,0.166891641714418,0.21875,0.22916666666666666,5,1
10000,1506,0.15749707910135474,0.972317156255995,0.22395833333333337,0.034528552456839307,1.0,1,1,50,10,0.14810251648829148,0.166891641714418,0.21875,0.22916666666666666,5,1
10000,1553,0.15749707910135474,0.972317156255995,0.22395833333333337,0.030907920154539602,1.0,1,1,50,11,0.14810251648829148,0.166891641714418,0.21875,0.22916666666666666,5,1
10000,1623,0.15749707910135474,0.972317156255995,0.22395833333333337,0.02649414664202095,1.0,1,1,50,12,0.14810251648829148,0.166891641714418,0.21875,0.22916666666666666,5,1
10000,1641,0.15749707910135474,0.972317156255995,0.22395833333333337,0.030469226081657527,1.0,1,1,50,13,0.14810251648829148,0.166891641714418,0.21875,0.22916666666666666,5,1
10000,1575,0.15749707910135474,0.972317156255995,0.22395833333333337,0.029206349206349208,1.0,0,1,50,14,0.14810251648829148,0.166891641714418,0.21875,0.22916666666666666,5,1
10000,1589,0.15749707910135474,0.972317156255995,0.22395833333333337,0.030207677784770296,1.0,1,1,50,15,0.14810251648829148,0.166891641714418,0.21875,0.22916666666666666,5,1
10000,1566,0.15749707910135474,0.972317156255995,0.22395833333333337,0.0351213282247765,1.0,1,1,50,16,0.14810251648829148,0.166891641714418,0.21875,0.22916666666666666,5,1
10000,1532,0.15749707910135474,0.972317156255995,0.22395833333333337,0.037859007832898174,1.0,1,1,50,17,0.14810251648829148,0.166891641714418,0.21875,0.22916666666666666,5,1
10000,1526,0.15749707910135474,0.972317156255995,0.22395833333333337,0.037352555701179554,1.0,1,1,50,18,0.14810251648829148,0.166891641714418,0.21875,0.22916666666666666,5,1
10000,1502,0.15749707910135474,0.972317156255995,0.22395833333333337,0.03861517976031957,1.0,1,1,50,19,0.14810251648829148,0.166891641714418,0.21875,0.22916666666666666,5,1
10000,1797,0.17628620432748127,0.9665966163012223,0.21354166666666677,0.0333889816360601,1.0,1,1,51,0,0.166891641714418,0.18568076694054456,0.20833333333333331,0.21875,5,1
10000,1761,0.17628620432748127,0.9665966163012223,0.21354166666666677,0.03691084611016468,1.0,1,1,51,1,0.166891641714418,0.18568076694054456,0.20833333333333331,0.21875,5,1
10000,1688,0.17628620432748127,0.9665966163012223,0.21354166666666677,0.03317535545023697,1.0,1,1,51,2,0.166891641714418,0.18568076694054456,0.20833333333333331,0.21875,5,1
10000,1805,0.17628620432748127,0.9665966163012223,0.21354166666666677,0.03822714681440443,1.0,1,1,51,3,0.166891641714418,0.18568076694054456,0.20833333333333331,0.21875,5,1
10000,1789,0.17628620432748127,0.9665966163012223,0.21354166666666677,0.03018446059250978,1.0,1,1,51,4,0.166891641714418,0.18568076694054456,0.20833333333333331,0.21875,5,1
10000,1776,0.17628620432748127,0.9665966163012223,0.21354166666666677,0.030968468468468468,1.0,1,1,51,5,0.166891641714418,0.18568076694054456,0.20833333333333331,0.21875,5,1
10000,1728,0.17628620432748127,0.9665966163012223,0.21354166666666677,0.037037037037037035,1.0,1,1,51,6,0.166891641714418,0.18568076694054456,0.20833333333333331,0.21875,5,1
10000,1704,0.17628620432748127,0.9665966163012223,0.21354166666666677,0.031103286384976527,1.0,1,1,51,7,0.166891641714418,0.18568076694054456,0.20833333333333331,0.21875,5,1
10000,1725,0.17628620432748127,0.9665966163012223,0.21354166666666677,0.0336231884057971,1.0,1,1,51,8,0.166891641714418,0.18568076694054456,0.20833333333333331,0.21875,5,1
10000,1742,0.17628620432748127,0.9665966163012223,0.21354166666666677,0.02525832376578645,1.0,1,1,51,9,0.166891641714418,0.18568076694054456,0.20833333333333331,0.21875,5,1
10000,1722,0.17628620432748127,0.9665966163012223,0.21354166666666677,0.03426248548199768,1.0,1,1,51,10,0.166891641714418,0.18568076694054456,0.20833333333333331,0.21875,5,1
10000,1755,0.17628620432748127,0.9665966163012223,0.21354166666666677,0.039316239316239315,1.0,1,1,51,11,0.166891641714418,0.18568076694054456,0.20833333333333331,0.21875,5,1
10000,1762,0.17628620432748127,0.9665966163012223,0.21354166666666677,0.034619750283768444,1.0,0,1,51,12,0.166891641714418,0.18568076694054456,0.20833333333333331,0.21875,5,1
10000,1704,0.17628620432748127,0.9665966163012223,0.21354166666666677,0.031103286384976527,1.0,1,1,51,13,0.166891641714418,0.18568076694054456,0.20833333333333331,0.21875,5,1
10000,1737,0.17628620432748127,0.9665966163012223,0.21354166666666677,0.03454231433506045,1.0,1,1,51,14,0.166891641714418,0.18568076694054456,0.20833333333333331,0.21875,5,1
10000,1855,0.17628620432748127,0.9665966163012223,0.21354166666666677,0.031805929919137464,1.0,1,1,51,15,0.166891641714418,0.18568076694054456,0.20833333333333331,0.21875,5,1
10000,1826,0.17628620432748127,0.9665966163012223,0.21354166666666677,0.040525739320920046,1.0,1,1,51,16,0.166891641714418,0.18568076694054456,0.20833333333333331,0.21875,5,1
10000,1814,0.17628620432748127,0.9665966163012223,0.21354166666666677,0.022601984564498346,1.0,0,1,51,17,0.166891641714418,0.18568076694054456,0.20833333333333331,0.21875,5,1
10000,1783,0.17628620432748127,0.9665966163012223,0.21354166666666677,0.03140773976444195,1.0,0,1,51,18,0.166891641714418,0.18568076694054456,0.20833333333333331,0.21875,5,1
10000,1735,0.17628620432748127,0.9665966163012223,0.21354166666666677,0.03861671469740634,1.0,1,1,51,19,0.166891641714418,0.18568076694054456,0.20833333333333331,0.21875,5,1
10000,1767,0.17628620432748127,0.972317156255995,0.22395833333333337,0.035653650254668934,1.0,1,1,52,0,0.166891641714418,0.18568076694054456,0.21875,0.22916666666666666,5,0
10000,1842,0.17628620432748127,0.972317156255995,0.22395833333333337,0.033659066232356136,1.0,0,1,52,1,0.166891641714418,0.18568076694054456,0.21875,0.22916666666666666,5,0
10000,1756,0.17628620432748127,0.972317156255995,0.22395833333333337,0.04100227790432802,1.0,1,1,52,2,0.166891641714418,0.18568076694054456,0.21875,0.22916666666666666,5,0
10000,1775,0.17628620432748127,0.972317156255995,0.22395833333333337,0.029295774647887324,1.0,1,1,52,3,0.166891641714418,0.18568076694054456,0.21875,0.22916666666666666,5,0
10000,1719,0.17628620432748127,0.972317156255995,0.22395833333333337,0.038976148923792905,1.0,1,1,52,4,0.166891641714418,0.18568076694054456,0.21875,0.22916666666666666,5,0
10000,1791,0.17628620432748127,0.972317156255995,0.22395833333333337,0.02568397543271915,1.0,1,1,52,5,0.166891641714418,0.18568076694054456,0.21875,0.22916666666666666,5,0
10000,1733,0.17628620432748127,0.972317156255995,0.22395833333333337,0.03577611079053664,1.0,1,1,52,6,0.166891641714418,0.18568076694054456,0.21875,0.22916666666666666,5,0
10000,1677,0.17628620432748127,0.972317156255995,0.22395833333333337,0.03935599284436494,1.0,1,1,52,7,0.166891641714418,0.18568076694054456,0.21875,0.22916666666666666,5,0
10000,1758,0.17628620432748127,0.972317156255995,0.22395833333333337,0.036973833902161544,1.0,1,1,52,8,0.166891641714418,0.18568076694054456,0.21875,0.22916666666666666,5,0
10000,1736,0.17628620432748127,0.972317156255995,0.22395833333333337,0.027649769585253458,1.0,1,1,52,9,0.166891641714418,0.18568076694054456,0.21875,0.22916666666666666,5,0
10000,1567,0.15749707910135474,0.9774581747061726,0.23437500000000003,0.03190810465858328,1.0,1,1,53,0,0.14810251648829148,0.166891641714418,0.22916666666666666,0.23958333333333331,5,1
10000,1624,0.15749707910135474,0.9774581747061726,0.23437500000000003,0.03694581280788178,1.0,1,1,53,1,0.14810251648829148,0.166891641714418,0.22916666666666666,0.23958333333333331,5,1
10000,1596,0.15749707910135474,0.9774581747061726,0.23437500000000003,0.03446115288220551,1.0,1,1,53,2,0.14810251648829148,0.166891641714418,0.22916666666666666,0.23958333333333331,5,1
10000,1634,0.15749707910135474,0.9774581747061726,0.23437500000000003,0.030599755201958383,1.0,1,1,53,3,0.14810251648829148,0.166891641714418,0.22916666666666666,0.23958333333333331,5,1
10000,1582,0.15749707910135474,0.9774581747061726,0.23437500000000003,0.02718078381795196,1.0,1,1,53,4,0.14810251648829148,0.166891641714418,0.22916666666666666,0.23958333333333331,5,1
10000,1558,0.15749707910135474,0.9774581747061726,0.23437500000000003,0.03465982028241335,1.0,1,1,53,5,0.14810251648829148,0.166891641714418,0.22916666666666666,0.23958333333333331,5,1
10000,1537,0.15749707910135474,0.9774581747061726,0.23437500000000003,0.02797657774886142,1.0,1,1,53,6,0.14810251648829148,0.166891641714418,0.22916666666666666,0.23958333333333331,5,1
10000,1613,0.15749707910135474,0.9774581747061726,0.23437500000000003,0.0328580285182889,1.0,1,1,53,7,0.14810251648829148,0.166891641714418,0.22916666666666666,0.23958333333333331,5,1
10000,1629,0.15749707910135474,0.9774581747061726,0.23437500000000003,0.027624309392265192,1.0,1,1,53,8,0.14810251648829148,0.166891641714418,0.22916666666666666,0.23958333333333331,5,1
10000,1569,0.15749707910135474,0.9774581747061726,0.23437500000000003,0.0331421287444232,1.0,1,1,53,9,0.14810251648829148,0.166891641714418,0.22916666666666666,0.23958333333333331,5,1
10000,1554,0.15749707910135474,0.9774581747061726,0.23437500000000003,0.03861003861003861,1.0,1,1,53,10,0.14810251648829148,0.166891641714418,0.22916666666666666,0.23958333333333331,5,1
10000,1606,0.15749707910135474,0.9774581747061726,0.23437500000000003,0.028019925280199254,1.0,1,1,53,11,0.14810251648829148,0.166891641714418,0.22916666666666666,0.23958333333333331,5,1
10000,1519,0.15749707910135474,0.9774581747061726,0.23437500000000003,0.030941408821593155,1.0,1,1,53,12,0.14810251648829148,0.166891641714418,0.22916666666666666,0.23958333333333331,5,1
10000,1535,0.15749707910135474,0.9774581747061726,0.23437500000000003,0.031270358306188926,1.0,1,1,53,13,0.14810251648829148,0.166891641714418,0.22916666666666666,0.23958333333333331,5,1
10000,1599,0.15749707910135474,0.9774581747061726,0.23437500000000003,0.0300187617260788,1.0,1,1,53,14,0.14810251648829148,0.166891641714418,0.22916666666666666,0.23958333333333331,5,1
10000,1639,0.15749707910135474,0.9774581747061726,0.23437500000000003,0.027455765710799267,1.0,1,1,53,15,0.14810251648829148,0.166891641714418,0.22916666666666666,0.23958333333333331,5,1
10000,1577,0.15749707910135474,0.9774581747061726,0.23437500000000003,0.029169308814204185,1.0,1,1,53,16,0.14810251648829148,0.166891641714418,0.22916666666666666,0.23958333333333331,5,1
10000,1575,0.15749707910135474,0.9774581747061726,0.23437500000000003,0.03365079365079365,1.0,1,1,53,17,0.14810251648829148,0.166891641714418,0.22916666666666666,0.23958333333333331,5,1
10000,1519,0.15749707910135474,0.9774581747061726,0.23437500000000003,0.03489137590520079,1.0,0,1,53,18,0.14810251648829148,0.166891641714418,0.22916666666666666,0.23958333333333331,5,1
10000,1639,0.15749707910135474,0.9774581747061726,0.23437500000000003,0.027455765710799267,1.0,1,1,53,19,0.14810251648829148,0.166891641714418,0.22916666666666666,0.23958333333333331,5,1
10000,1563,0.15749707910135474,0.9820382140906985,0.24479166666666682,0.03326935380678183,1.0,1,1,54,0,0.14810251648829148,0.166891641714418,0.23958333333333331,0.25,5,0
10000,1593,0.15749707910135474,0.9820382140906985,0.24479166666666682,0.031387319522912745,1.0,1,1,54,1,0.14810251648829148,0.166891641714418,0.23958333333333331,0.25,5,0
10000,1572,0.15749707910135474,0.9820382140906985,0.24479166666666682,0.027989821882951654,1.0,1,1,54,2,0.14810251648829148,0.166891641714418,0.23958333333333331,0.25,5,0
10000,1649,0.15749707910135474,0.9820382140906985,0.24479166666666682,0.03759854457246816,1.0,1,1,54,3,0.14810251648829148,0.166891641714418,0.23958333333333331,0.25,5,0
10000,1526,0.15749707910135474,0.9820382140906985,0.24479166666666682,0.030799475753604193,1.0,1,1,54,4,0.14810251648829148,0.166891641714418,0.23958333333333331,0.25,5,0
10000,1653,0.15749707910135474,0.9820382140906985,0.24479166666666682,0.0338777979431337,1.0,1,1,54,5,0.14810251648829148,0.166891641714418,0.23958333333333331,0.25,5,0
10000,1628,0.15749707910135474,0.9820382140906985,0.24479166666666682,0.038083538083538086,1.0,1,1,54,6,0.14810251648829148,0.166891641714418,0.23958333333333331,0.25,5,0
10000,1591,0.15749707910135474,0.9820382140906985,0.24479166666666682,0.044626021370207415,1.0,1,1,54,7,0.14810251648829148,0.166891641714418,0.23958333333333331,0.25,5,0
10000,1551,0.15749707910135474,0.9820382140906985,0.24479166666666682,0.03159252095422308,1.0,1,1,54,8,0.14810251648829148,0.166891641714418,0.23958333333333331,0.25,5,0
10000,1609,0.15749707910135474,0.9820382140906985,0.24479166666666682,0.036047234307022995,1.0,1,1,54,9,0.14810251648829148,0.166891641714418,0.23958333333333331,0.25,5,0
10000,1778,0.17628620432748127,0.9774581747061726,0.23437500000000003,0.04161979752530934,1.0,1,1,55,0,0.166891641714418,0.18568076694054456,0.22916666666666666,0.23958333333333331,5,0
10000,1657,0.17628620432748127,0.9774581747061726,0.23437500000000003,0.028364514182257092,1.0,1,1,55,1,0.166891641714418,0.18568076694054456,0.22916666666666666,0.23958333333333331,5,0
10000,1804,0.17628620432748127,0.9774581747061726,0.23437500000000003,0.031042128603104215,1.0,1,1,55,2,0.166891641714418,0.18568076694054456,0.22916666666666666,0.23958333333333331,5,0
10000,1758,0.17628620432748127,0.9774581747061726,0.23437500000000003,0.03640500568828214,1.0,1,1,55,3,0.166891641714418,0.18568076694054456,0.22916666666666666,0.23958333333333331,5,0
10000,1813,0.17628620432748127,0.9774581747061726,0.23437500000000003,0.038058466629895205,1.0,1,1,55,4,0.166891641714418,0.18568076694054456,0.22916666666666666,0.23958333333333331,5,0
10000,1740,0.17628620432748127,0.9774581747061726,0.23437500000000003,0.035632183908045977,1.0,1,1,55,5,0.166891641714418,0.18568076694054456,0.22916666666666666,0.23958333333333331,5,0
10000,1757,0.17628620432748127,0.9774581747061726,0.23437500000000003,0.03414911781445646,1.0,1,1,55,6,0.166891641714418,0.18568076694054456,0.22916666666666666,0.23958333333333331,5,0
10000,1736,0.17628620432748127,0.9774581747061726,0.23437500000000003,0.020737327188940093,1.0,1,1,55,7,0.166891641714418,0.18568076694054456,0.22916666666666666,0.23958333333333331,5,0
10000,1741,0.17628620432748127,0.9774581747061726,0.23437500000000003,0.03388856978747846,1.0,1,1,55,8,0.166891641714418,0.18568076694054456,0.22916666666666666,0.23958333333333331,5,0
10000,1748,0.17628620432748127,0.9774581747061726,0.23437500000000003,0.034324942791762014,1.0,1,1,55,9,0.166891641714418,0.18568076694054456,0.22916666666666666,0.23958333333333331,5,0
10000,1777,0.17628620432748127,0.9820382140906985,0.24479166666666682,0.033202025886325266,1.0,1,1,56,0,0.166891641714418,0.18568076694054456,0.23958333333333331,0.25,5,0
10000,1769,0.17628620432748127,0.9820382140906985,0.24479166666666682,0.031091011871113624,1.0,1,1,56,1,0.166891641714418,0.18568076694054456,0.23958333333333331,0.25,5,0
10000,1786,0.17628620432748127,0.9820382140906985,0.24479166666666682,0.024076147816349383,1.0,1,1,56,2,0.166891641714418,0.18568076694054456,0.23958333333333331,0.25,5,0
10000,1747,0.17628620432748127,0.9820382140906985,0.24479166666666682,0.028048082427017746,1.0,1,1,56,3,0.166891641714418,0.18568076694054456,0.23958333333333331,0.25,5,0
10000,1754,0.17628620432748127,0.9820382140906985,0.24479166666666682,0.03192702394526796,1.0,1,1,56,4,0.166891641714418,0.18568076694054456,0.23958333333333331,0.25,5,0
10000,1731,0.17628620432748127,0.9820382140906985,0.24479166666666682,0.03581744656268053,1.0,1,1,56,5,0.166891641714418,0.18568076694054456,0.23958333333333331,0.25,5,0
10000,1699,0.17628620432748127,0.9820382140906985,0.24479166666666682,0.034726309593878756,1.0,1,1,56,6,0.166891641714418,0.18568076694054456,0.23958333333333331,0.25,5,0
10000,1756,0.17628620432748127,0.9820382140906985,0.24479166666666682,0.03302961275626424,1.0,1,1,56,7,0.166891641714418,0.18568076694054456,0.23958333333333331,0.25,5,0
10000,1773,0.17628620432748127,0.9820382140906985,0.24479166666666682,0.03440496333897349,1.0,1,1,56,8,0.166891641714418,0.18568076694054456,0.23958333333333331,0.25,5,0
10000,1794,0.17628620432748127,0.9820382140906985,0.24479166666666682,0.04013377926421405,1.0,0,1,56,9,0.166891641714418,0.18568076694054456,0.23958333333333331,0.25,5,0
10000,737,0.07294601558378537,0.9911323014219284,0.2708333333333332,0.028493894165535955,1.0,0,0,57,0,0.0353677651315323,0.11052426603603843,0.25,0.29166666666666663,3,0
10000,697,0.07294601558378537,0.9911323014219284,0.2708333333333332,0.047345767575322814,1.0,0,0,57,1,0.0353677651315323,0.11052426603603843,0.25,0.29166666666666663,3,0
10000,715,0.07294601558378537,0.9911323014219284,0.2708333333333332,0.03076923076923077,1.0,1,1,57,2,0.0353677651315323,0.11052426603603843,0.25,0.29166666666666663,3,0
10000,720,0.07294601558378537,0.9911323014219284,0.2708333333333332,0.03194444444444444,1.0,0,1,57,3,0.0353677651315323,0.11052426603603843,0.25,0.29166666666666663,3,0
10000,713,0.07294601558378537,0.9911323014219284,0.2708333333333332,0.029453015427769985,1.0,0,0,57,4,0.0353677651315323,0.11052426603603843,0.25,0.29166666666666663,3,0
10000,724,0.07294601558378537,0.9911323014219284,0.2708333333333332,0.03591160220994475,1.0,1,1,57,5,0.0353677651315323,0.11052426603603843,0.25,0.29166666666666663,3,0
10000,709,0.07294601558378537,0.9911323014219284,0.2708333333333332,0.02538787023977433,1.0,0,1,57,6,0.0353677651315323,0.11052426603603843,0.25,0.29166666666666663,3,0
10000,728,0.07294601558378537,0.9911323014219284,0.2708333333333332,0.034340659340659344,1.0,0,0,57,7,0.0353677651315323,0.11052426603603843,0.25,0.29166666666666663,3,0
10000,744,0.07294601558378537,0.9911323014219284,0.2708333333333332,0.04032258064516129,1.0,0,0,57,8,0.0353677651315323,0.11052426603603843,0.25,0.29166666666666663,3,0
10000,746,0.07294601558378537,0.9911323014219284,0.2708333333333332,0.0388739946380697,1.0,1,1,57,9,0.0353677651315323,0.11052426603603843,0.25,0.29166666666666663,3,0
10000,553,0.05415689035765883,0.9977978850648122,0.3020833333333328,0.023508137432188065,1.0,0,0,58,0,0.0353677651315323,0.07294601558378537,0.29166666666666663,0.3125,4,0
10000,514,0.05415689035765883,0.9977978850648122,0.3020833333333328,0.027237354085603113,1.0,1,1,58,1,0.0353677651315323,0.07294601558378537,0.29166666666666663,0.3125,4,0
10000,553,0.05415689035765883,0.9977978850648122,0.3020833333333328,0.034358047016274866,1.0,1,1,58,2,0.0353677651315323,0.07294601558378537,0.29166666666666663,0.3125,4,0
10000,540,0.05415689035765883,0.9977978850648122,0.3020833333333328,0.037037037037037035,1.0,0,0,58,3,0.0353677651315323,0.07294601558378537,0.29166666666666663,0.3125,4,0
10000,512,0.05415689035765883,0.9977978850648122,0.3020833333333328,0.04296875,1.0,0,0,58,4,0.0353677651315323,0.07294601558378537,0.29166666666666663,0.3125,4,0
10000,577,0.05415689035765883,0.9977978850648122,0.3020833333333328,0.036395147313691506,1.0,0,0,58,5,0.0353677651315323,0.07294601558378537,0.29166666666666663,0.3125,4,0
10000,527,0.05415689035765883,0.9977978850648122,0.3020833333333328,0.03984819734345351,1.0,0,0,58,6,0.0353677651315323,0.07294601558378537,0.29166666666666663,0.3125,4,0
10000,495,0.05415689035765883,0.9977978850648122,0.3020833333333328,0.024242424242424242,0.997979797979798,0,0,58,7,0.0353677651315323,0.07294601558378537,0.29166666666666663,0.3125,4,0
10000,494,0.05415689035765883,0.9977978850648122,0.3020833333333328,0.032388663967611336,1.0,0,0,58,8,0.0353677651315323,0.07294601558378537,0.29166666666666663,0.3125,4,0
10000,511,0.05415689035765883,0.9977978850648122,0.3020833333333328,0.0273972602739726,1.0,0,0,58,9,0.0353677651315323,0.07294601558378537,0.29166666666666663,0.3125,4,0
10000,499,0.05415689035765883,0.9997557997412336,0.3229166666666669,0.022044088176352707,1.0,0,0,59,0,0.0353677651315323,0.07294601558378537,0.3125,0.3333333333333333,4,0
10000,561,0.05415689035765883,0.9997557997412336,0.3229166666666669,0.023172905525846704,1.0,0,0,59,1,0.0353677651315323,0.07294601558378537,0.3125,0.3333333333333333,4,0
10000,598,0.05415689035765883,0.9997557997412336,0.3229166666666669,0.03678929765886288,1.0,1,1,59,2,0.0353677651315323,0.07294601558378537,0.3125,0.3333333333333333,4,0
10000,568,0.05415689035765883,0.9997557997412336,0.3229166666666669,0.02992957746478873,1.0,1,1,59,3,0.0353677651315323,0.07294601558378537,0.3125,0.3333333333333333,4,0
10000,552,0.05415689035765883,0.9997557997412336,0.3229166666666669,0.04891304347826087,1.0,1,1,59,4,0.0353677651315323,0.07294601558378537,0.3125,0.3333333333333333,4,0
10000,535,0.05415689035765883,0.9997557997412336,0.3229166666666669,0.03925233644859813,1.0,0,0,59,5,0.0353677651315323,0.07294601558378537,0.3125,0.3333333333333333,4,0
10000,532,0.05415689035765883,0.9997557997412336,0.3229166666666669,0.03383458646616541,1.0,1,1,59,6,0.0353677651315323,0.07294601558378537,0.3125,0.3333333333333333,4,0
10000,566,0.05415689035765883,0.9997557997412336,0.3229166666666669,0.0176678445229682,1.0,1,1,59,7,0.0353677651315323,0.07294601558378537,0.3125,0.3333333333333333,4,0
10000,549,0.05415689035765883,0.9997557997412336,0.3229166666666669,0.02185792349726776,1.0,0,0,59,8,0.0353677651315323,0.07294601558378537,0.3125,0.3333333333333333,4,0
10000,561,0.05415689035765883,0.9997557997412336,0.3229166666666669,0.026737967914438502,1.0,0,0,59,9,0.0353677651315323,0.07294601558378537,0.3125,0.3333333333333333,4,0
10000,899,0.09173514080991191,0.9977978850648122,0.3020833333333328,0.035595105672969966,1.0,0,0,60,0,0.07294601558378537,0.11052426603603843,0.29166666666666663,0.3125,4,0
10000,879,0.09173514080991191,0.9977978850648122,0.3020833333333328,0.03754266211604096,1.0,1,1,60,1,0.07294601558378537,0.11052426603603843,0.29166666666666663,0.3125,4,0
10000,919,0.09173514080991191,0.9977978850648122,0.3020833333333328,0.03917301414581066,1.0,1,1,60,2,0.07294601558378537,0.11052426603603843,0.29166666666666663,0.3125,4,0
10000,939,0.09173514080991191,0.9977978850648122,0.3020833333333328,0.038338658146964855,1.0,1,1,60,3,0.07294601558378537,0.11052426603603843,0.29166666666666663,0.3125,4,0
10000,932,0.09173514080991191,0.9977978850648122,0.3020833333333328,0.033261802575107295,1.0,1,1,60,4,0.07294601558378537,0.11052426603603843,0.29166666666666663,0.3125,4,0
10000,923,0.09173514080991191,0.9977978850648122,0.3020833333333328,0.03791982665222102,1.0,0,0,60,5,0.07294601558378537,0.11052426603603843,0.29166666666666663,0.3125,4,0
10000,946,0.09173514080991191,0.9977978850648122,0.3020833333333328,0.02748414376321353,1.0,1,1,60,6,0.07294601558378537,0.11052426603603843,0.29166666666666663,0.3125,4,0
10000,905,0.09173514080991191,0.9977978850648122,0.3020833333333328,0.039779005524861875,1.0,1,1,60,7,0.07294601558378537,0.11052426603603843,0.29166666666666663,0.3125,4,0
10000,864,0.09173514080991191,0.9977978850648122,0.3020833333333328,0.027777777777777776,1.0,0,1,60,8,0.07294601558378537,0.11052426603603843,0.29166666666666663,0.3125,4,0
10000,897,0.09173514080991191,0.9977978850648122,0.3020833333333328,0.03455964325529543,1.0,1,1,60,9,0.07294601558378537,0.11052426603603843,0.29166666666666663,0.3125,4,0
10000,850,0.08234057819684865,0.999450381513269,0.31770833333333326,0.03411764705882353,1.0,1,1,61,0,0.07294601558378537,0.09173514080991191,0.3125,0.32291666666666663,5,0
10000,790,0.08234057819684865,0.999450381513269,0.31770833333333326,0.04050632911392405,1.0,1,1,61,1,0.07294601558378537,0.09173514080991191,0.3125,0.32291666666666663,5,0
10000,823,0.08234057819684865,0.999450381513269,0.31770833333333326,0.03402187120291616,1.0,1,1,61,2,0.07294601558378537,0.09173514080991191,0.3125,0.32291666666666663,5,0
10000,823,0.08234057819684865,0.999450381513269,0.31770833333333326,0.030376670716889428,1.0,1,1,61,3,0.07294601558378537,0.09173514080991191,0.3125,0.32291666666666663,5,0
10000,820,0.08234057819684865,0.999450381513269,0.31770833333333326,0.03170731707317073,1.0,1,1,61,4,0.07294601558378537,0.09173514080991191,0.3125,0.32291666666666663,5,0
10000,806,0.08234057819684865,0.999450381513269,0.31770833333333326,0.038461538461538464,1.0,1,1,61,5,0.07294601558378537,0.09173514080991191,0.3125,0.32291666666666663,5,0
10000,782,0.08234057819684865,0.999450381513269,0.31770833333333326,0.026854219948849106,1.0,0,1,61,6,0.07294601558378537,0.09173514080991191,0.3125,0.32291666666666663,5,0
10000,823,0.08234057819684865,0.999450381513269,0.31770833333333326,0.031591737545565005,1.0,1,1,61,7,0.07294601558378537,0.09173514080991191,0.3125,0.32291666666666663,5,0
10000,831,0.08234057819684865,0.999450381513269,0.31770833333333326,0.021660649819494584,1.0,1,1,61,8,0.07294601558378537,0.09173514080991191,0.3125,0.32291666666666663,5,0
10000,865,0.08234057819684865,0.999450381513269,0.31770833333333326,0.03121387283236994,1.0,1,1,61,9,0.07294601558378537,0.09173514080991191,0.3125,0.32291666666666663,5,0
10000,793,0.08234057819684865,0.999938961118005,0.32812500000000294,0.03026481715006305,1.0,0,0,62,0,0.07294601558378537,0.09173514080991191,0.32291666666666663,0.3333333333333333,5,0
10000,798,0.08234057819684865,0.999938961118005,0.32812500000000294,0.03508771929824561,1.0,1,1,62,1,0.07294601558378537,0.09173514080991191,0.32291666666666663,0.3333333333333333,5,0
10000,829,0.08234057819684865,0.999938961118005,0.32812500000000294,0.027744270205066344,1.0,1,1,62,2,0.07294601558378537,0.09173514080991191,0.32291666666666663,0.3333333333333333,5,0
10000,768,0.08234057819684865,0.999938961118005,0.32812500000000294,0.03515625,1.0,0,0,62,3,0.07294601558378537,0.09173514080991191,0.32291666666666663,0.3333333333333333,5,0
10000,828,0.08234057819684865,0.999938961118005,0.32812500000000294,0.03864734299516908,1.0,1,1,62,4,0.07294601558378537,0.09173514080991191,0.32291666666666663,0.3333333333333333,5,0
10000,791,0.08234057819684865,0.999938961118005,0.32812500000000294,0.029077117572692796,1.0,0,0,62,5,0.07294601558378537,0.09173514080991191,0.32291666666666663,0.3333333333333333,5,0
10000,803,0.08234057819684865,0.999938961118005,0.32812500000000294,0.024906600249066,1.0,1,1,62,6,0.07294601558378537,0.09173514080991191,0.32291666666666663,0.3333333333333333,5,0
10000,841,0.08234057819684865,0.999938961118005,0.32812500000000294,0.034482758620689655,1.0,1,1,62,7,0.07294601558378537,0.09173514080991191,0.32291666666666663,0.3333333333333333,5,0
10000,792,0.08234057819684865,0.999938961118005,0.32812500000000294,0.03787878787878788,1.0,1,1,62,8,0.07294601558378537,0.09173514080991191,0.32291666666666663,0.3333333333333333,5,0
10000,837,0.08234057819684865,0.999938961118005,0.32812500000000294,0.03345280764635603,1.0,1,1,62,9,0.07294601558378537,0.09173514080991191,0.32291666666666663,0.3333333333333333,5,0
10000,1023,0.10112970342297517,0.999450381513269,0.31770833333333326,0.02346041055718475,1.0,1,1,63,0,0.09173514080991191,0.11052426603603843,0.3125,0.32291666666666663,5,1
10000,987,0.10112970342297517,0.999450381513269,0.31770833333333326,0.03242147922998987,1.0,1,1,63,1,0.09173514080991191,0.11052426603603843,0.3125,0.32291666666666663,5,1
10000,954,0.10112970342297517,0.999450381513269,0.31770833333333326,0.0220125786163522,1.0,0,0,63,2,0.09173514080991191,0.11052426603603843,0.3125,0.32291666666666663,5,1
10000,1016,0.10112970342297517,0.999450381513269,0.31770833333333326,0.027559055118110236,1.0,1,1,63,3,0.09173514080991191,0.11052426603603843,0.3125,0.32291666666666663,5,1
10000,984,0.10112970342297517,0.999450381513269,0.31770833333333326,0.03048780487804878,1.0,1,1,63,4,0.09173514080991191,0.11052426603603843,0.3125,0.32291666666666663,5,1
10000,1037,0.10112970342297517,0.999450381513269,0.31770833333333326,0.03085824493731919,1.0,1,1,63,5,0.09173514080991191,0.11052426603603843,0.3125,0.32291666666666663,5,1
10000,981,0.10112970342297517,0.999450381513269,0.31770833333333326,0.040774719673802244,1.0,0,1,63,6,0.09173514080991191,0.11052426603603843,0.3125,0.32291666666666663,5,1
10000,1012,0.10112970342297517,0.999450381513269,0.31770833333333326,0.030632411067193676,1.0,0,0,63,7,0.09173514080991191,0.11052426603603843,0.3125,0.32291666666666663,5,1
10000,1014,0.10112970342297517,0.999450381513269,0.31770833333333326,0.029585798816568046,1.0,1,1,63,8,0.09173514080991191,0.11052426603603843,0.3125,0.32291666666666663,5,1
10000,1017,0.10112970342297517,0.999450381513269,0.31770833333333326,0.028515240904621434,1.0,1,1,63,9,0.09173514080991191,0.11052426603603843,0.3125,0.32291666666666663,5,1
10000,1050,0.10112970342297517,0.999450381513269,0.31770833333333326,0.03619047619047619,1.0,1,1,63,10,0.09173514080991191,0.11052426603603843,0.3125,0.32291666666666663,5,1
10000,968,0.10112970342297517,0.999450381513269,0.31770833333333326,0.028925619834710745,1.0,1,1,63,11,0.09173514080991191,0.11052426603603843,0.3125,0.32291666666666663,5,1
10000,993,0.10112970342297517,0.999450381513269,0.31770833333333326,0.027190332326283987,1.0,1,1,63,12,0.09173514080991191,0.11052426603603843,0.3125,0.32291666666666663,5,1
10000,1002,0.10112970342297517,0.999450381513269,0.31770833333333326,0.02694610778443114,1.0,1,1,63,13,0.09173514080991191,0.11052426603603843,0.3125,0.32291666666666663,5,1
10000,1025,0.10112970342297517,0.999450381513269,0.31770833333333326,0.025365853658536587,1.0,1,1,63,14,0.09173514080991191,0.11052426603603843,0.3125,0.32291666666666663,5,1
10000,1009,0.10112970342297517,0.999450381513269,0.31770833333333326,0.03270564915758176,1.0,1,1,63,15,0.09173514080991191,0.11052426603603843,0.3125,0.32291666666666663,5,1
10000,1064,0.10112970342297517,0.999450381513269,0.31770833333333326,0.03665413533834586,1.0,1,1,63,16,0.09173514080991191,0.11052426603603843,0.3125,0.32291666666666663,5,1
10000,1073,0.10112970342297517,0.999450381513269,0.31770833333333326,0.03168685927306617,1.0,1,1,63,17,0.09173514080991191,0.11052426603603843,0.3125,0.32291666666666663,5,1
10000,1003,0.10112970342297517,0.999450381513269,0.31770833333333326,0.024925224327018942,1.0,1,1,63,18,0.09173514080991191,0.11052426603603843,0.3125,0.32291666666666663,5,1
10000,1030,0.10112970342297517,0.999450381513269,0.31770833333333326,0.04563106796116505,1.0,1,1,63,19,0.09173514080991191,0.11052426603603843,0.3125,0.32291666666666663,5,1
10000,1037,0.10112970342297517,0.999938961118005,0.32812500000000294,0.03278688524590164,1.0,1,1,64,0,0.09173514080991191,0.11052426603603843,0.32291666666666663,0.3333333333333333,5,1
10000,1015,0.10112970342297517,0.999938961118005,0.32812500000000294,0.029556650246305417,1.0,1,1,64,1,0.09173514080991191,0.11052426603603843,0.32291666666666663,0.3333333333333333,5,1
10000,993,0.10112970342297517,0.999938961118005,0.32812500000000294,0.041289023162134945,1.0,1,1,64,2,0.09173514080991191,0.11052426603603843,0.32291666666666663,0.3333333333333333,5,1
10000,1035,0.10112970342297517,0.999938961118005,0.32812500000000294,0.033816425120772944,1.0,1,1,64,3,0.09173514080991191,0.11052426603603843,0.32291666666666663,0.3333333333333333,5,1
10000,975,0.10112970342297517,0.999938961118005,0.32812500000000294,0.03282051282051282,1.0,1,1,64,4,0.09173514080991191,0.11052426603603843,0.32291666666666663,0.3333333333333333,5,1
10000,984,0.10112970342297517,0.999938961118005,0.32812500000000294,0.023373983739837397,1.0,1,1,64,5,0.09173514080991191,0.11052426603603843,0.32291666666666663,0.3333333333333333,5,1
10000,1020,0.10112970342297517,0.999938961118005,0.32812500000000294,0.022549019607843137,1.0,1,1,64,6,0.09173514080991191,0.11052426603603843,0.32291666666666663,0.3333333333333333,5,1
10000,979,0.10112970342297517,0.999938961118005,0.32812500000000294,0.028600612870275793,1.0,1,1,64,7,0.09173514080991191,0.11052426603603843,0.32291666666666663,0.3333333333333333,5,1
10000,1053,0.10112970342297517,0.999938961118005,0.32812500000000294,0.026590693257359924,1.0,1,1,64,8,0.09173514080991191,0.11052426603603843,0.32291666666666663,0.3333333333333333,5,1
10000,1044,0.10112970342297517,0.999938961118005,0.32812500000000294,0.039272030651340994,1.0,1,1,64,9,0.09173514080991191,0.11052426603603843,0.32291666666666663,0.3333333333333333,5,1
10000,1007,0.10112970342297517,0.999938961118005,0.32812500000000294,0.039721946375372394,1.0,1,1,64,10,0.09173514080991191,0.11052426603603843,0.32291666666666663,0.3333333333333333,5,1
10000,999,0.10112970342297517,0.999938961118005,0.32812500000000294,0.025025025025025027,1.0,1,1,64,11,0.09173514080991191,0.11052426603603843,0.32291666666666663,0.3333333333333333,5,1
10000,1020,0.10112970342297517,0.999938961118005,0.32812500000000294,0.026470588235294117,1.0,1,1,64,12,0.09173514080991191,0.11052426603603843,0.32291666666666663,0.3333333333333333,5,1
10000,1015,0.10112970342297517,0.999938961118005,0.32812500000000294,0.03645320197044335,1.0,1,1,64,13,0.09173514080991191,0.11052426603603843,0.32291666666666663,0.3333333333333333,5,1
10000,988,0.10112970342297517,0.999938961118005,0.32812500000000294,0.04048582995951417,1.0,1,1,64,14,0.09173514080991191,0.11052426603603843,0.32291666666666663,0.3333333333333333,5,1
10000,969,0.10112970342297517,0.999938961118005,0.32812500000000294,0.03199174406604747,1.0,1,1,64,15,0.09173514080991191,0.11052426603603843,0.32291666666666663,0.3333333333333333,5,1
10000,1006,0.10112970342297517,0.999938961118005,0.32812500000000294,0.027833001988071572,1.0,0,0,64,16,0.09173514080991191,0.11052426603603843,0.32291666666666663,0.3333333333333333,5,1
10000,1013,0.10112970342297517,0.999938961118005,0.32812500000000294,0.03652517275419546,1.0,1,1,64,17,0.09173514080991191,0.11052426603603843,0.32291666666666663,0.3333333333333333,5,1
10000,1022,0.10112970342297517,0.999938961118005,0.32812500000000294,0.03131115459882583,1.0,1,1,64,18,0.09173514080991191,0.11052426603603843,0.32291666666666663,0.3333333333333333,5,1
10000,1000,0.10112970342297517,0.999938961118005,0.32812500000000294,0.027,1.0,1,1,64,19,0.09173514080991191,0.11052426603603843,0.32291666666666663,0.3333333333333333,5,1
10000,1186,0.1199188286491017,0.9860731321969463,0.2552083333333333,0.02782462057335582,1.0,1,1,65,0,0.11052426603603843,0.12931339126216496,0.25,0.26041666666666663,5,0
10000,1190,0.1199188286491017,0.9860731321969463,0.2552083333333333,0.031092436974789917,1.0,0,1,65,1,0.11052426603603843,0.12931339126216496,0.25,0.26041666666666663,5,0
10000,1219,0.1199188286491017,0.9860731321969463,0.2552083333333333,0.031173092698933553,1.0,1,1,65,2,0.11052426603603843,0.12931339126216496,0.25,0.26041666666666663,5,0
10000,1201,0.1199188286491017,0.9860731321969463,0.2552083333333333,0.03413821815154038,1.0,1,1,65,3,0.11052426603603843,0.12931339126216496,0.25,0.26041666666666663,5,0
10000,1242,0.1199188286491017,0.9860731321969463,0.2552083333333333,0.036231884057971016,1.0,1,1,65,4,0.11052426603603843,0.12931339126216496,0.25,0.26041666666666663,5,0
10000,1207,0.1199188286491017,0.9860731321969463,0.2552083333333333,0.03148301574150787,1.0,1,1,65,5,0.11052426603603843,0.12931339126216496,0.25,0.26041666666666663,5,0
10000,1285,0.1199188286491017,0.9860731321969463,0.2552083333333333,0.038910505836575876,1.0,1,1,65,6,0.11052426603603843,0.12931339126216496,0.25,0.26041666666666663,5,0
10000,1220,0.1199188286491017,0.9860731321969463,0.2552083333333333,0.030327868852459017,1.0,1,1,65,7,0.11052426603603843,0.12931339126216496,0.25,0.26041666666666663,5,0
10000,1231,0.1199188286491017,0.9860731321969463,0.2552083333333333,0.03249390739236393,1.0,1,1,65,8,0.11052426603603843,0.12931339126216496,0.25,0.26041666666666663,5,0
10000,1165,0.1199188286491017,0.9860731321969463,0.2552083333333333,0.02832618025751073,1.0,1,1,65,9,0.11052426603603843,0.12931339126216496,0.25,0.26041666666666663,5,0
10000,1221,0.1199188286491017,0.9895764073091655,0.2656249999999998,0.03276003276003276,1.0,1,1,66,0,0.11052426603603843,0.12931339126216496,0.26041666666666663,0.2708333333333333,5,0
10000,1202,0.1199188286491017,0.9895764073091655,0.2656249999999998,0.03826955074875208,1.0,1,1,66,1,0.11052426603603843,0.12931339126216496,0.26041666666666663,0.2708333333333333,5,0
10000,1168,0.1199188286491017,0.9895764073091655,0.2656249999999998,0.02910958904109589,1.0,1,1,66,2,0.11052426603603843,0.12931339126216496,0.26041666666666663,0.2708333333333333,5,0
10000,1224,0.1199188286491017,0.9895764073091655,0.2656249999999998,0.03758169934640523,1.0,1,1,66,3,0.11052426603603843,0.12931339126216496,0.26041666666666663,0.2708333333333333,5,0
10000,1194,0.1199188286491017,0.9895764073091655,0.2656249999999998,0.038525963149078725,1.0,1,1,66,4,0.11052426603603843,0.12931339126216496,0.26041666666666663,0.2708333333333333,5,0
10000,1282,0.1199188286491017,0.9895764073091655,0.2656249999999998,0.027301092043681748,1.0,1,1,66,5,0.11052426603603843,0.12931339126216496,0.26041666666666663,0.2708333333333333,5,0
10000,1166,0.1199188286491017,0.9895764073091655,0.2656249999999998,0.02830188679245283,1.0,1,1,66,6,0.11052426603603843,0.12931339126216496,0.26041666666666663,0.2708333333333333,5,0
10000,1201,0.1199188286491017,0.9895764073091655,0.2656249999999998,0.027477102414654453,1.0,1,1,66,7,0.11052426603603843,0.12931339126216496,0.26041666666666663,0.2708333333333333,5,0
10000,1176,0.1199188286491017,0.9895764073091655,0.2656249999999998,0.03316326530612245,1.0,1,1,66,8,0.11052426603603843,0.12931339126216496,0.26041666666666663,0.2708333333333333,5,0
10000,1231,0.1199188286491017,0.9895764073091655,0.2656249999999998,0.047116165718927704,1.0,1,1,66,9,0.11052426603603843,0.12931339126216496,0.26041666666666663,0.2708333333333333,5,0
10000,1393,0.13870795387522822,0.9860731321969463,0.2552083333333333,0.033022254127781765,1.0,1,1,67,0,0.12931339126216496,0.14810251648829148,0.25,0.26041666666666663,5,1
10000,1337,0.13870795387522822,0.9860731321969463,0.2552083333333333,0.04038893044128646,1.0,1,1,67,1,0.12931339126216496,0.14810251648829148,0.25,0.26041666666666663,5,1
10000,1400,0.13870795387522822,0.9860731321969463,0.2552083333333333,0.03571428571428571,1.0,1,1,67,2,0.12931339126216496,0.14810251648829148,0.25,0.26041666666666663,5,1
10000,1450,0.13870795387522822,0.9860731321969463,0.2552083333333333,0.03586206896551724,1.0,1,1,67,3,0.12931339126216496,0.14810251648829148,0.25,0.26041666666666663,5,1
10000,1445,0.13870795387522822,0.9860731321969463,0.2552083333333333,0.023529411764705882,1.0,1,1,67,4,0.12931339126216496,0.14810251648829148,0.25,0.26041666666666663,5,1
10000,1422,0.13870795387522822,0.9860731321969463,0.2552083333333333,0.03305203938115331,1.0,1,1,67,5,0.12931339126216496,0.14810251648829148,0.25,0.26041666666666663,5,1
10000,1376,0.13870795387522822,0.9860731321969463,0.2552083333333333,0.03924418604651163,1.0,1,1,67,6,0.12931339126216496,0.14810251648829148,0.25,0.26041666666666663,5,1
10000,1413,0.13870795387522822,0.9860731321969463,0.2552083333333333,0.029723991507430998,1.0,1,1,67,7,0.12931339126216496,0.14810251648829148,0.25,0.26041666666666663,5,1
10000,1392,0.13870795387522822,0.9860731321969463,0.2552083333333333,0.03089080459770115,1.0,1,1,67,8,0.12931339126216496,0.14810251648829148,0.25,0.26041666666666663,5,1
10000,1398,0.13870795387522822,0.9860731321969463,0.2552083333333333,0.03791130185979971,1.0,1,1,67,9,0.12931339126216496,0.14810251648829148,0.25,0.26041666666666663,5,1
10000,1433,0.13870795387522822,0.9860731321969463,0.2552083333333333,0.03768318213538032,1.0,1,1,67,10,0.12931339126216496,0.14810251648829148,0.25,0.26041666666666663,5,1
10000,1433,0.13870795387522822,0.9860731321969463,0.2552083333333333,0.039078855547801813,1.0,1,1,67,11,0.12931339126216496,0.14810251648829148,0.25,0.26041666666666663,5,1
10000,1386,0.13870795387522822,0.9860731321969463,0.2552083333333333,0.026695526695526696,1.0,1,1,67,12,0.12931339126216496,0.14810251648829148,0.25,0.26041666666666663,5,1
10000,1332,0.13870795387522822,0.9860731321969463,0.2552083333333333,0.025525525525525526,1.0,0,1,67,13,0.12931339126216496,0.14810251648829148,0.25,0.26041666666666663,5,1
10000,1342,0.13870795387522822,0.9860731321969463,0.2552083333333333,0.041728763040238454,1.0,1,1,67,14,0.12931339126216496,0.14810251648829148,0.25,0.26041666666666663,5,1
10000,1342,0.13870795387522822,0.9860731321969463,0.2552083333333333,0.03576751117734724,1.0,1,1,67,15,0.12931339126216496,0.14810251648829148,0.25,0.26041666666666663,5,1
10000,1321,0.13870795387522822,0.9860731321969463,0.2552083333333333,0.036336109008327025,1.0,1,1,67,16,0.12931339126216496,0.14810251648829148,0.25,0.26041666666666663,5,1
10000,1357,0.13870795387522822,0.9860731321969463,0.2552083333333333,0.03537214443625645,1.0,1,1,67,17,0.12931339126216496,0.14810251648829148,0.25,0.26041666666666663,5,1
10000,1338,0.13870795387522822,0.9860731321969463,0.2552083333333333,0.02391629297458894,1.0,1,1,67,18,0.12931339126216496,0.14810251648829148,0.25,0.26041666666666663,5,1
10000,1377,0.13870795387522822,0.9860731321969463,0.2552083333333333,0.032679738562091505,1.0,1,1,67,19,0.12931339126216496,0.14810251648829148,0.25,0.26041666666666663,5,1
10000,1411,0.13870795387522822,0.9895764073091655,0.2656249999999998,0.03472714386959603,1.0,1,1,68,0,0.12931339126216496,0.14810251648829148,0.26041666666666663,0.2708333333333333,5,1
10000,1439,0.13870795387522822,0.9895764073091655,0.2656249999999998,0.03683113273106324,1.0,1,1,68,1,0.12931339126216496,0.14810251648829148,0.26041666666666663,0.2708333333333333,5,1
10000,1427,0.13870795387522822,0.9895764073091655,0.2656249999999998,0.02943237561317449,1.0,1,1,68,2,0.12931339126216496,0.14810251648829148,0.26041666666666663,0.2708333333333333,5,1
10000,1310,0.13870795387522822,0.9895764073091655,0.2656249999999998,0.02748091603053435,1.0,1,1,68,3,0.12931339126216496,0.14810251648829148,0.26041666666666663,0.2708333333333333,5,1
10000,1381,0.13870795387522822,0.9895764073091655,0.2656249999999998,0.024619840695148443,1.0,1,1,68,4,0.12931339126216496,0.14810251648829148,0.26041666666666663,0.2708333333333333,5,1
10000,1327,0.13870795387522822,0.9895764073091655,0.2656249999999998,0.0346646571213263,1.0,1,1,68,5,0.12931339126216496,0.14810251648829148,0.26041666666666663,0.2708333333333333,5,1
10000,1422,0.13870795387522822,0.9895764073091655,0.2656249999999998,0.03938115330520394,1.0,1,1,68,6,0.12931339126216496,0.14810251648829148,0.26041666666666663,0.2708333333333333,5,1
10000,1357,0.13870795387522822,0.9895764073091655,0.2656249999999998,0.039056742815033164,1.0,1,1,68,7,0.12931339126216496,0.14810251648829148,0.26041666666666663,0.2708333333333333,5,1
10000,1412,0.13870795387522822,0.9895764073091655,0.2656249999999998,0.029745042492917848,1.0,1,1,68,8,0.12931339126216496,0.14810251648829148,0.26041666666666663,0.2708333333333333,5,1
10000,1373,0.13870795387522822,0.9895764073091655,0.2656249999999998,0.032046613255644577,1.0,1,1,68,9,0.12931339126216496,0.14810251648829148,0.26041666666666663,0.2708333333333333,5,1
10000,1356,0.13870795387522822,0.9895764073091655,0.2656249999999998,0.030973451327433628,1.0,1,1,68,10,0.12931339126216496,0.14810251648829148,0.26041666666666663,0.2708333333333333,5,1
10000,1427,0.13870795387522822,0.9895764073091655,0.2656249999999998,0.03714085494043448,1.0,1,1,68,11,0.12931339126216496,0.14810251648829148,0.26041666666666663,0.2708333333333333,5,1
10000,1403,0.13870795387522822,0.9895764073091655,0.2656249999999998,0.036350677120456164,1.0,1,1,68,12,0.12931339126216496,0.14810251648829148,0.26041666666666663,0.2708333333333333,5,1
10000,1415,0.13870795387522822,0.9895764073091655,0.2656249999999998,0.03674911660777385,1.0,1,1,68,13,0.12931339126216496,0.14810251648829148,0.26041666666666663,0.2708333333333333,5,1
10000,1334,0.13870795387522822,0.9895764073091655,0.2656249999999998,0.03298350824587706,1.0,1,1,68,14,0.12931339126216496,0.14810251648829148,0.26041666666666663,0.2708333333333333,5,1
10000,1394,0.13870795387522822,0.9895764073091655,0.2656249999999998,0.036585365853658534,1.0,0,1,68,15,0.12931339126216496,0.14810251648829148,0.26041666666666663,0.2708333333333333,5,1
10000,1331,0.13870795387522822,0.9895764073091655,0.2656249999999998,0.028549962434259956,1.0,1,1,68,16,0.12931339126216496,0.14810251648829148,0.26041666666666663,0.2708333333333333,5,1
10000,1427,0.13870795387522822,0.9895764073091655,0.2656249999999998,0.04414856341976174,1.0,1,1,68,17,0.12931339126216496,0.14810251648829148,0.26041666666666663,0.2708333333333333,5,1
10000,1319,0.13870795387522822,0.9895764073091655,0.2656249999999998,0.032600454890068235,1.0,1,1,68,18,0.12931339126216496,0.14810251648829148,0.26041666666666663,0.2708333333333333,5,1
10000,1393,0.13870795387522822,0.9895764073091655,0.2656249999999998,0.02799712849964106,1.0,1,1,68,19,0.12931339126216496,0.14810251648829148,0.26041666666666663,0.2708333333333333,5,1
10000,1196,0.1199188286491017,0.9925593833171286,0.27604166666666663,0.03511705685618729,1.0,1,1,69,0,0.11052426603603843,0.12931339126216496,0.2708333333333333,0.28125,5,1
10000,1163,0.1199188286491017,0.9925593833171286,0.27604166666666663,0.03697334479793637,1.0,1,1,69,1,0.11052426603603843,0.12931339126216496,0.2708333333333333,0.28125,5,1
10000,1202,0.1199188286491017,0.9925593833171286,0.27604166666666663,0.02745424292845258,1.0,1,1,69,2,0.11052426603603843,0.12931339126216496,0.2708333333333333,0.28125,5,1
10000,1156,0.1199188286491017,0.9925593833171286,0.27604166666666663,0.04325259515570934,1.0,1,1,69,3,0.11052426603603843,0.12931339126216496,0.2708333333333333,0.28125,5,1
10000,1157,0.1199188286491017,0.9925593833171286,0.27604166666666663,0.032843560933448576,1.0,1,1,69,4,0.11052426603603843,0.12931339126216496,0.2708333333333333,0.28125,5,1
10000,1157,0.1199188286491017,0.9925593833171286,0.27604166666666663,0.025064822817631807,1.0,1,1,69,5,0.11052426603603843,0.12931339126216496,0.2708333333333333,0.28125,5,1
10000,1187,0.1199188286491017,0.9925593833171286,0.27604166666666663,0.03622577927548441,1.0,1,1,69,6,0.11052426603603843,0.12931339126216496,0.2708333333333333,0.28125,5,1
10000,1211,0.1199188286491017,0.9925593833171286,0.27604166666666663,0.033856317093311314,1.0,1,1,69,7,0.11052426603603843,0.12931339126216496,0.2708333333333333,0.28125,5,1
10000,1236,0.1199188286491017,0.9925593833171286,0.27604166666666663,0.045307443365695796,1.0,1,1,69,8,0.11052426603603843,0.12931339126216496,0.2708333333333333,0.28125,5,1
10000,1217,0.1199188286491017,0.9925593833171286,0.27604166666666663,0.03697617091207888,1.0,1,1,69,9,0.11052426603603843,0.12931339126216496,0.2708333333333333,0.28125,5,1
10000,1230,0.1199188286491017,0.9925593833171286,0.27604166666666663,0.04227642276422764,1.0,1,1,69,10,0.11052426603603843,0.12931339126216496,0.2708333333333333,0.28125,5,1
10000,1187,0.1199188286491017,0.9925593833171286,0.27604166666666663,0.037910699241786014,1.0,1,1,69,11,0.11052426603603843,0.12931339126216496,0.2708333333333333,0.28125,5,1
10000,1157,0.1199188286491017,0.9925593833171286,0.27604166666666663,0.03975799481417459,1.0,1,1,69,12,0.11052426603603843,0.12931339126216496,0.2708333333333333,0.28125,5,1
10000,1233,0.1199188286491017,0.9925593833171286,0.27604166666666663,0.038929440389294405,1.0,1,1,69,13,0.11052426603603843,0.12931339126216496,0.2708333333333333,0.28125,5,1
10000,1183,0.1199188286491017,0.9925593833171286,0.27604166666666663,0.03127641589180051,1.0,1,1,69,14,0.11052426603603843,0.12931339126216496,0.2708333333333333,0.28125,5,1
10000,1226,0.1199188286491017,0.9925593833171286,0.27604166666666663,0.040783034257748776,1.0,1,1,69,15,0.11052426603603843,0.12931339126216496,0.2708333333333333,0.28125,5,1
10000,1165,0.1199188286491017,0.9925593833171286,0.27604166666666663,0.02575107296137339,1.0,1,1,69,16,0.11052426603603843,0.12931339126216496,0.2708333333333333,0.28125,5,1
10000,1154,0.1199188286491017,0.9925593833171286,0.27604166666666663,0.02339688041594454,1.0,1,1,69,17,0.11052426603603843,0.12931339126216496,0.2708333333333333,0.28125,5,1
10000,1203,0.1199188286491017,0.9925593833171286,0.27604166666666663,0.03657522859517872,1.0,1,1,69,18,0.11052426603603843,0.12931339126216496,0.2708333333333333,0.28125,5,1
10000,1215,0.1199188286491017,0.9925593833171286,0.27604166666666663,0.03539094650205761,1.0,1,1,69,19,0.11052426603603843,0.12931339126216496,0.2708333333333333,0.28125,5,1
10000,1260,0.1199188286491017,0.9950314660137778,0.2864583333333335,0.0373015873015873,1.0,1,1,70,0,0.11052426603603843,0.12931339126216496,0.28125,0.29166666666666663,5,1
10000,1195,0.1199188286491017,0.9950314660137778,0.2864583333333335,0.031799163179916316,1.0,1,1,70,1,0.11052426603603843,0.12931339126216496,0.28125,0.29166666666666663,5,1
10000,1167,0.1199188286491017,0.9950314660137778,0.2864583333333335,0.03427592116538132,1.0,1,1,70,2,0.11052426603603843,0.12931339126216496,0.28125,0.29166666666666663,5,1
10000,1161,0.1199188286491017,0.9950314660137778,0.2864583333333335,0.024978466838931956,1.0,1,1,70,3,0.11052426603603843,0.12931339126216496,0.28125,0.29166666666666663,5,1
10000,1220,0.1199188286491017,0.9950314660137778,0.2864583333333335,0.03524590163934426,1.0,1,0,70,4,0.11052426603603843,0.12931339126216496,0.28125,0.29166666666666663,5,1
10000,1214,0.1199188286491017,0.9950314660137778,0.2864583333333335,0.030477759472817133,1.0,1,1,70,5,0.11052426603603843,0.12931339126216496,0.28125,0.29166666666666663,5,1
10000,1139,0.1199188286491017,0.9950314660137778,0.2864583333333335,0.033362598770851626,1.0,1,1,70,6,0.11052426603603843,0.12931339126216496,0.28125,0.29166666666666663,5,1
10000,1187,0.1199188286491017,0.9950314660137778,0.2864583333333335,0.03538331929233361,1.0,1,1,70,7,0.11052426603603843,0.12931339126216496,0.28125,0.29166666666666663,5,1
10000,1229,0.1199188286491017,0.9950314660137778,0.2864583333333335,0.04963384865744508,1.0,1,1,70,8,0.11052426603603843,0.12931339126216496,0.28125,0.29166666666666663,5,1
10000,1097,0.1199188286491017,0.9950314660137778,0.2864583333333335,0.03555150410209663,1.0,0,0,70,9,0.11052426603603843,0.12931339126216496,0.28125,0.29166666666666663,5,1
10000,1205,0.1199188286491017,0.9950314660137778,0.2864583333333335,0.030705394190871368,1.0,1,1,70,10,0.11052426603603843,0.12931339126216496,0.28125,0.29166666666666663,5,1
10000,1280,0.1199188286491017,0.9950314660137778,0.2864583333333335,0.03828125,1.0,1,1,70,11,0.11052426603603843,0.12931339126216496,0.28125,0.29166666666666663,5,1
10000,1208,0.1199188286491017,0.9950314660137778,0.2864583333333335,0.043874172185430466,1.0,1,1,70,12,0.11052426603603843,0.12931339126216496,0.28125,0.29166666666666663,5,1
10000,1240,0.1199188286491017,0.9950314660137778,0.2864583333333335,0.041935483870967745,1.0,1,1,70,13,0.11052426603603843,0.12931339126216496,0.28125,0.29166666666666663,5,1
10000,1158,0.1199188286491017,0.9950314660137778,0.2864583333333335,0.03540587219343696,1.0,1,1,70,14,0.11052426603603843,0.12931339126216496,0.28125,0.29166666666666663,5,1
10000,1169,0.1199188286491017,0.9950314660137778,0.2864583333333335,0.03421727972626176,1.0,1,1,70,15,0.11052426603603843,0.12931339126216496,0.28125,0.29166666666666663,5,1
10000,1248,0.1199188286491017,0.9950314660137778,0.2864583333333335,0.026442307692307692,1.0,1,1,70,16,0.11052426603603843,0.12931339126216496,0.28125,0.29166666666666663,5,1
10000,1153,0.1199188286491017,0.9950314660137778,0.2864583333333335,0.0398959236773634,1.0,1,1,70,17,0.11052426603603843,0.12931339126216496,0.28125,0.29166666666666663,5,1
10000,1192,0.1199188286491017,0.9950314660137778,0.2864583333333335,0.028523489932885907,1.0,1,1,70,18,0.11052426603603843,0.12931339126216496,0.28125,0.29166666666666663,5,1
10000,1194,0.1199188286491017,0.9950314660137778,0.2864583333333335,0.04103852596314908,1.0,1,1,70,19,0.11052426603603843,0.12931339126216496,0.28125,0.29166666666666663,5,1
10000,1402,0.13870795387522822,0.9925593833171286,0.27604166666666663,0.03138373751783167,1.0,1,1,71,0,0.12931339126216496,0.14810251648829148,0.2708333333333333,0.28125,5,1
10000,1406,0.13870795387522822,0.9925593833171286,0.27604166666666663,0.032005689900426744,1.0,1,1,71,1,0.12931339126216496,0.14810251648829148,0.2708333333333333,0.28125,5,1
10000,1343,0.13870795387522822,0.9925593833171286,0.27604166666666663,0.029039463886820552,1.0,1,1,71,2,0.12931339126216496,0.14810251648829148,0.2708333333333333,0.28125,5,1
10000,1413,0.13870795387522822,0.9925593833171286,0.27604166666666663,0.029016277423920735,1.0,1,1,71,3,0.12931339126216496,0.14810251648829148,0.2708333333333333,0.28125,5,1
10000,1442,0.13870795387522822,0.9925593833171286,0.27604166666666663,0.030513176144244106,1.0,1,1,71,4,0.12931339126216496,0.14810251648829148,0.2708333333333333,0.28125,5,1
10000,1407,0.13870795387522822,0.9925593833171286,0.27604166666666663,0.03482587064676617,1.0,1,1,71,5,0.12931339126216496,0.14810251648829148,0.2708333333333333,0.28125,5,1
10000,1326,0.13870795387522822,0.9925593833171286,0.27604166666666663,0.03092006033182504,1.0,1,1,71,6,0.12931339126216496,0.14810251648829148,0.2708333333333333,0.28125,5,1
10000,1340,0.13870795387522822,0.9925593833171286,0.27604166666666663,0.03283582089552239,1.0,1,1,71,7,0.12931339126216496,0.14810251648829148,0.2708333333333333,0.28125,5,1
10000,1422,0.13870795387522822,0.9925593833171286,0.27604166666666663,0.03727144866385373,1.0,0,1,71,8,0.12931339126216496,0.14810251648829148,0.2708333333333333,0.28125,5,1
10000,1323,0.13870795387522822,0.9925593833171286,0.27604166666666663,0.04157218442932729,1.0,1,1,71,9,0.12931339126216496,0.14810251648829148,0.2708333333333333,0.28125,5,1
10000,1348,0.13870795387522822,0.9925593833171286,0.27604166666666663,0.02373887240356083,1.0,1,1,71,10,0.12931339126216496,0.14810251648829148,0.2708333333333333,0.28125,5,1
10000,1362,0.13870795387522822,0.9925593833171286,0.27604166666666663,0.02936857562408223,1.0,1,1,71,11,0.12931339126216496,0.14810251648829148,0.2708333333333333,0.28125,5,1
10000,1396,0.13870795387522822,0.9925593833171286,0.27604166666666663,0.03151862464183381,1.0,1,1,71,12,0.12931339126216496,0.14810251648829148,0.2708333333333333,0.28125,5,1
10000,1379,0.13870795387522822,0.9925593833171286,0.27604166666666663,0.028281363306744016,1.0,1,1,71,13,0.12931339126216496,0.14810251648829148,0.2708333333333333,0.28125,5,1
10000,1406,0.13870795387522822,0.9925593833171286,0.27604166666666663,0.029160739687055477,1.0,1,1,71,14,0.12931339126216496,0.14810251648829148,0.2708333333333333,0.28125,5,1
10000,1399,0.13870795387522822,0.9925593833171286,0.27604166666666663,0.035739814152966405,1.0,1,1,71,15,0.12931339126216496,0.14810251648829148,0.2708333333333333,0.28125,5,1
10000,1416,0.13870795387522822,0.9925593833171286,0.27604166666666663,0.038135593220338986,1.0,1,1,71,16,0.12931339126216496,0.14810251648829148,0.2708333333333333,0.28125,5,1
10000,1368,0.13870795387522822,0.9925593833171286,0.27604166666666663,0.0402046783625731,1.0,1,1,71,17,0.12931339126216496,0.14810251648829148,0.2708333333333333,0.28125,5,1
10000,1368,0.13870795387522822,0.9925593833171286,0.27604166666666663,0.03874269005847953,1.0,1,1,71,18,0.12931339126216496,0.14810251648829148,0.2708333333333333,0.28125,5,1
10000,1358,0.13870795387522822,0.9925593833171286,0.27604166666666663,0.035346097201767304,1.0,1,1,71,19,0.12931339126216496,0.14810251648829148,0.2708333333333333,0.28125,5,1
10000,1404,0.13870795387522822,0.9950314660137778,0.2864583333333335,0.03205128205128205,1.0,1,1,72,0,0.12931339126216496,0.14810251648829148,0.28125,0.29166666666666663,5,0
10000,1392,0.13870795387522822,0.9950314660137778,0.2864583333333335,0.04382183908045977,1.0,1,1,72,1,0.12931339126216496,0.14810251648829148,0.28125,0.29166666666666663,5,0
10000,1353,0.13870795387522822,0.9950314660137778,0.2864583333333335,0.038433111603843315,1.0,1,1,72,2,0.12931339126216496,0.14810251648829148,0.28125,0.29166666666666663,5,0
10000,1370,0.13870795387522822,0.9950314660137778,0.2864583333333335,0.034306569343065696,1.0,0,1,72,3,0.12931339126216496,0.14810251648829148,0.28125,0.29166666666666663,5,0
10000,1327,0.13870795387522822,0.9950314660137778,0.2864583333333335,0.024114544084400905,1.0,1,1,72,4,0.12931339126216496,0.14810251648829148,0.28125,0.29166666666666663,5,0
10000,1352,0.13870795387522822,0.9950314660137778,0.2864583333333335,0.03106508875739645,1.0,1,1,72,5,0.12931339126216496,0.14810251648829148,0.28125,0.29166666666666663,5,0
10000,1450,0.13870795387522822,0.9950314660137778,0.2864583333333335,0.038620689655172416,1.0,1,1,72,6,0.12931339126216496,0.14810251648829148,0.28125,0.29166666666666663,5,0
10000,1334,0.13870795387522822,0.9950314660137778,0.2864583333333335,0.03073463268365817,1.0,1,1,72,7,0.12931339126216496,0.14810251648829148,0.28125,0.29166666666666663,5,0
10000,1399,0.13870795387522822,0.9950314660137778,0.2864583333333335,0.039313795568263046,1.0,1,1,72,8,0.12931339126216496,0.14810251648829148,0.28125,0.29166666666666663,5,0
10000,1355,0.13870795387522822,0.9950314660137778,0.2864583333333335,0.03394833948339483,1.0,1,1,72,9,0.12931339126216496,0.14810251648829148,0.28125,0.29166666666666663,5,0
10000,1667,0.166891641714418,0.9878904686248748,0.2604166666666666,0.03479304139172166,1.0,1,1,73,0,0.14810251648829148,0.18568076694054456,0.25,0.2708333333333333,4,0
10000,1654,0.166891641714418,0.9878904686248748,0.2604166666666666,0.03083434099153567,1.0,1,1,73,1,0.14810251648829148,0.18568076694054456,0.25,0.2708333333333333,4,0
10000,1711,0.166891641714418,0.9878904686248748,0.2604166666666666,0.029807130333138514,1.0,1,1,73,2,0.14810251648829148,0.18568076694054456,0.25,0.2708333333333333,4,0
10000,1713,0.166891641714418,0.9878904686248748,0.2604166666666666,0.03561004086398132,1.0,1,1,73,3,0.14810251648829148,0.18568076694054456,0.25,0.2708333333333333,4,0
10000,1683,0.166891641714418,0.9878904686248748,0.2604166666666666,0.0314913844325609,1.0,1,1,73,4,0.14810251648829148,0.18568076694054456,0.25,0.2708333333333333,4,0
10000,1621,0.166891641714418,0.9878904686248748,0.2604166666666666,0.03392967304133251,1.0,1,1,73,5,0.14810251648829148,0.18568076694054456,0.25,0.2708333333333333,4,0
10000,1655,0.166891641714418,0.9878904686248748,0.2604166666666666,0.03323262839879154,1.0,1,1,73,6,0.14810251648829148,0.18568076694054456,0.25,0.2708333333333333,4,0
10000,1625,0.166891641714418,0.9878904686248748,0.2604166666666666,0.03569230769230769,1.0,1,1,73,7,0.14810251648829148,0.18568076694054456,0.25,0.2708333333333333,4,0
10000,1634,0.166891641714418,0.9878904686248748,0.2604166666666666,0.02876376988984088,1.0,1,1,73,8,0.14810251648829148,0.18568076694054456,0.25,0.2708333333333333,4,0
10000,1659,0.166891641714418,0.9878904686248748,0.2604166666666666,0.033152501506931886,1.0,1,1,73,9,0.14810251648829148,0.18568076694054456,0.25,0.2708333333333333,4,0
10000,1638,0.166891641714418,0.9938587696649721,0.2812499999999999,0.038461538461538464,1.0,1,1,74,0,0.14810251648829148,0.18568076694054456,0.2708333333333333,0.29166666666666663,4,0
10000,1639,0.166891641714418,0.9938587696649721,0.2812499999999999,0.03721781574130567,1.0,1,1,74,1,0.14810251648829148,0.18568076694054456,0.2708333333333333,0.29166666666666663,4,0
10000,1670,0.166891641714418,0.9938587696649721,0.2812499999999999,0.03413173652694611,1.0,1,1,74,2,0.14810251648829148,0.18568076694054456,0.2708333333333333,0.29166666666666663,4,0
10000,1653,0.166891641714418,0.9938587696649721,0.2812499999999999,0.02601330913490623,1.0,1,1,74,3,0.14810251648829148,0.18568076694054456,0.2708333333333333,0.29166666666666663,4,0
10000,1692,0.166891641714418,0.9938587696649721,0.2812499999999999,0.03959810874704492,1.0,1,1,74,4,0.14810251648829148,0.18568076694054456,0.2708333333333333,0.29166666666666663,4,0
10000,1642,0.166891641714418,0.9938587696649721,0.2812499999999999,0.025578562728380026,1.0,1,1,74,5,0.14810251648829148,0.18568076694054456,0.2708333333333333,0.29166666666666663,4,0
10000,1742,0.166891641714418,0.9938587696649721,0.2812499999999999,0.03673938002296211,1.0,1,1,74,6,0.14810251648829148,0.18568076694054456,0.2708333333333333,0.29166666666666663,4,0
10000,1698,0.166891641714418,0.9938587696649721,0.2812499999999999,0.034746760895170786,1.0,1,1,74,7,0.14810251648829148,0.18568076694054456,0.2708333333333333,0.29166666666666663,4,0
10000,1711,0.166891641714418,0.9938587696649721,0.2812499999999999,0.037405026300409115,1.0,1,1,74,8,0.14810251648829148,0.18568076694054456,0.2708333333333333,0.29166666666666663,4,0
10000,1630,0.166891641714418,0.9938587696649721,0.2812499999999999,0.02883435582822086,1.0,1,1,74,9,0.14810251648829148,0.18568076694054456,0.2708333333333333,0.29166666666666663,4,0
10000,1214,0.1199188286491017,0.9970002790177788,0.29687499999999967,0.03212520593080725,1.0,1,1,75,0,0.11052426603603843,0.12931339126216496,0.29166666666666663,0.3020833333333333,5,1
10000,1213,0.1199188286491017,0.9970002790177788,0.29687499999999967,0.04286892003297609,1.0,1,1,75,1,0.11052426603603843,0.12931339126216496,0.29166666666666663,0.3020833333333333,5,1
10000,1191,0.1199188286491017,0.9970002790177788,0.29687499999999967,0.03610411418975651,1.0,1,1,75,2,0.11052426603603843,0.12931339126216496,0.29166666666666663,0.3020833333333333,5,1
10000,1220,0.1199188286491017,0.9970002790177788,0.29687499999999967,0.03770491803278689,1.0,1,1,75,3,0.11052426603603843,0.12931339126216496,0.29166666666666663,0.3020833333333333,5,1
10000,1205,0.1199188286491017,0.9970002790177788,0.29687499999999967,0.038174273858921165,1.0,1,1,75,4,0.11052426603603843,0.12931339126216496,0.29166666666666663,0.3020833333333333,5,1
10000,1214,0.1199188286491017,0.9970002790177788,0.29687499999999967,0.036243822075782535,1.0,0,0,75,5,0.11052426603603843,0.12931339126216496,0.29166666666666663,0.3020833333333333,5,1
10000,1202,0.1199188286491017,0.9970002790177788,0.29687499999999967,0.021630615640599003,1.0,1,1,75,6,0.11052426603603843,0.12931339126216496,0.29166666666666663,0.3020833333333333,5,1
10000,1226,0.1199188286491017,0.9970002790177788,0.29687499999999967,0.03833605220228385,1.0,1,1,75,7,0.11052426603603843,0.12931339126216496,0.29166666666666663,0.3020833333333333,5,1
10000,1208,0.1199188286491017,0.9970002790177788,0.29687499999999967,0.037251655629139076,1.0,1,1,75,8,0.11052426603603843,0.12931339126216496,0.29166666666666663,0.3020833333333333,5,1
10000,1211,0.1199188286491017,0.9970002790177788,0.29687499999999967,0.02972749793559042,1.0,1,1,75,9,0.11052426603603843,0.12931339126216496,0.29166666666666663,0.3020833333333333,5,1
10000,1213,0.1199188286491017,0.9970002790177788,0.29687499999999967,0.03462489694971146,1.0,1,1,75,10,0.11052426603603843,0.12931339126216496,0.29166666666666663,0.3020833333333333,5,1
10000,1184,0.1199188286491017,0.9970002790177788,0.29687499999999967,0.032939189189189186,1.0,1,1,75,11,0.11052426603603843,0.12931339126216496,0.29166666666666663,0.3020833333333333,5,1
10000,1191,0.1199188286491017,0.9970002790177788,0.29687499999999967,0.031066330814441646,1.0,1,1,75,12,0.11052426603603843,0.12931339126216496,0.29166666666666663,0.3020833333333333,5,1
10000,1237,0.1199188286491017,0.9970002790177788,0.29687499999999967,0.0274858528698464,1.0,1,1,75,13,0.11052426603603843,0.12931339126216496,0.29166666666666663,0.3020833333333333,5,1
10000,1174,0.1199188286491017,0.9970002790177788,0.29687499999999967,0.030664395229982964,1.0,1,1,75,14,0.11052426603603843,0.12931339126216496,0.29166666666666663,0.3020833333333333,5,1
10000,1219,0.1199188286491017,0.9970002790177788,0.29687499999999967,0.04101722723543889,1.0,1,1,75,15,0.11052426603603843,0.12931339126216496,0.29166666666666663,0.3020833333333333,5,1
10000,1244,0.1199188286491017,0.9970002790177788,0.29687499999999967,0.03215434083601286,1.0,1,1,75,16,0.11052426603603843,0.12931339126216496,0.29166666666666663,0.3020833333333333,5,1
10000,1225,0.1199188286491017,0.9970002790177788,0.29687499999999967,0.036734693877551024,1.0,1,1,75,17,0.11052426603603843,0.12931339126216496,0.29166666666666663,0.3020833333333333,5,1
10000,1166,0.1199188286491017,0.9970002790177788,0.29687499999999967,0.036020583190394515,1.0,1,1,75,18,0.11052426603603843,0.12931339126216496,0.29166666666666663,0.3020833333333333,5,1
10000,1139,0.1199188286491017,0.9970002790177788,0.29687499999999967,0.028094820017559263,1.0,1,1,75,19,0.11052426603603843,0.12931339126216496,0.29166666666666663,0.3020833333333333,5,1
10000,1205,0.1199188286491017,0.9984717856546648,0.30729166666666713,0.03983402489626556,1.0,1,1,76,0,0.11052426603603843,0.12931339126216496,0.3020833333333333,0.3125,5,1
10000,1206,0.1199188286491017,0.9984717856546648,0.30729166666666713,0.03482587064676617,1.0,1,1,76,1,0.11052426603603843,0.12931339126216496,0.3020833333333333,0.3125,5,1
10000,1188,0.1199188286491017,0.9984717856546648,0.30729166666666713,0.037037037037037035,1.0,1,1,76,2,0.11052426603603843,0.12931339126216496,0.3020833333333333,0.3125,5,1
10000,1214,0.1199188286491017,0.9984717856546648,0.30729166666666713,0.039538714991762765,1.0,1,1,76,3,0.11052426603603843,0.12931339126216496,0.3020833333333333,0.3125,5,1
10000,1263,0.1199188286491017,0.9984717856546648,0.30729166666666713,0.028503562945368172,1.0,1,1,76,4,0.11052426603603843,0.12931339126216496,0.3020833333333333,0.3125,5,1
10000,1222,0.1199188286491017,0.9984717856546648,0.30729166666666713,0.03355155482815057,1.0,1,1,76,5,0.11052426603603843,0.12931339126216496,0.3020833333333333,0.3125,5,1
10000,1153,0.1199188286491017,0.9984717856546648,0.30729166666666713,0.032090199479618386,1.0,1,1,76,6,0.11052426603603843,0.12931339126216496,0.3020833333333333,0.3125,5,1
10000,1180,0.1199188286491017,0.9984717856546648,0.30729166666666713,0.03389830508474576,1.0,1,1,76,7,0.11052426603603843,0.12931339126216496,0.3020833333333333,0.3125,5,1
10000,1127,0.1199188286491017,0.9984717856546648,0.30729166666666713,0.03992901508429459,1.0,1,1,76,8,0.11052426603603843,0.12931339126216496,0.3020833333333333,0.3125,5,1
10000,1173,0.1199188286491017,0.9984717856546648,0.30729166666666713,0.029838022165387893,1.0,1,1,76,9,0.11052426603603843,0.12931339126216496,0.3020833333333333,0.3125,5,1
10000,1175,0.1199188286491017,0.9984717856546648,0.30729166666666713,0.04,1.0,1,1,76,10,0.11052426603603843,0.12931339126216496,0.3020833333333333,0.3125,5,1
10000,1232,0.1199188286491017,0.9984717856546648,0.30729166666666713,0.0349025974025974,1.0,1,1,76,11,0.11052426603603843,0.12931339126216496,0.3020833333333333,0.3125,5,1
10000,1162,0.1199188286491017,0.9984717856546648,0.30729166666666713,0.029259896729776247,1.0,1,1,76,12,0.11052426603603843,0.12931339126216496,0.3020833333333333,0.3125,5,1
10000,1252,0.1199188286491017,0.9984717856546648,0.30729166666666713,0.02875399361022364,1.0,1,1,76,13,0.11052426603603843,0.12931339126216496,0.3020833333333333,0.3125,5,1
10000,1225,0.1199188286491017,0.9984717856546648,0.30729166666666713,0.03510204081632653,1.0,1,1,76,14,0.11052426603603843,0.12931339126216496,0.3020833333333333,0.3125,5,1
10000,1175,0.1199188286491017,0.9984717856546648,0.30729166666666713,0.03574468085106383,1.0,1,1,76,15,0.11052426603603843,0.12931339126216496,0.3020833333333333,0.3125,5,1
10000,1222,0.1199188286491017,0.9984717856546648,0.30729166666666713,0.02618657937806874,1.0,1,1,76,16,0.11052426603603843,0.12931339126216496,0.3020833333333333,0.3125,5,1
10000,1155,0.1199188286491017,0.9984717856546648,0.30729166666666713,0.033766233766233764,1.0,1,1,76,17,0.11052426603603843,0.12931339126216496,0.3020833333333333,0.3125,5,1
10000,1230,0.1199188286491017,0.9984717856546648,0.30729166666666713,0.03577235772357724,1.0,1,1,76,18,0.11052426603603843,0.12931339126216496,0.3020833333333333,0.3125,5,1
10000,1257,0.1199188286491017,0.9984717856546648,0.30729166666666713,0.028639618138424822,1.0,1,1,76,19,0.11052426603603843,0.12931339126216496,0.3020833333333333,0.3125,5,1
10000,1450,0.13870795387522822,0.9970002790177788,0.29687499999999967,0.036551724137931035,1.0,1,1,77,0,0.12931339126216496,0.14810251648829148,0.29166666666666663,0.3020833333333333,5,0
10000,1387,0.13870795387522822,0.9970002790177788,0.29687499999999967,0.03821196827685652,1.0,1,1,77,1,0.12931339126216496,0.14810251648829148,0.29166666666666663,0.3020833333333333,5,0
10000,1420,0.13870795387522822,0.9970002790177788,0.29687499999999967,0.03309859154929577,1.0,1,1,77,2,0.12931339126216496,0.14810251648829148,0.29166666666666663,0.3020833333333333,5,0
10000,1428,0.13870795387522822,0.9970002790177788,0.29687499999999967,0.03431372549019608,1.0,1,1,77,3,0.12931339126216496,0.14810251648829148,0.29166666666666663,0.3020833333333333,5,0
10000,1414,0.13870795387522822,0.9970002790177788,0.29687499999999967,0.03182461103253183,1.0,1,1,77,4,0.12931339126216496,0.14810251648829148,0.29166666666666663,0.3020833333333333,5,0
10000,1384,0.13870795387522822,0.9970002790177788,0.29687499999999967,0.036127167630057806,1.0,1,1,77,5,0.12931339126216496,0.14810251648829148,0.29166666666666663,0.3020833333333333,5,0
10000,1340,0.13870795387522822,0.9970002790177788,0.29687499999999967,0.03955223880597015,1.0,1,1,77,6,0.12931339126216496,0.14810251648829148,0.29166666666666663,0.3020833333333333,5,0
10000,1411,0.13870795387522822,0.9970002790177788,0.29687499999999967,0.03827072997873848,1.0,1,1,77,7,0.12931339126216496,0.14810251648829148,0.29166666666666663,0.3020833333333333,5,0
10000,1389,0.13870795387522822,0.9970002790177788,0.29687499999999967,0.03167746580273578,1.0,1,1,77,8,0.12931339126216496,0.14810251648829148,0.29166666666666663,0.3020833333333333,5,0
10000,1421,0.13870795387522822,0.9970002790177788,0.29687499999999967,0.038001407459535536,1.0,1,1,77,9,0.12931339126216496,0.14810251648829148,0.29166666666666663,0.3020833333333333,5,0
10000,1379,0.13870795387522822,0.9984717856546648,0.30729166666666713,0.0340826686004351,1.0,1,1,78,0,0.12931339126216496,0.14810251648829148,0.3020833333333333,0.3125,5,0
10000,1393,0.13870795387522822,0.9984717856546648,0.30729166666666713,0.035175879396984924,1.0,1,1,78,1,0.12931339126216496,0.14810251648829148,0.3020833333333333,0.3125,5,0
10000,1352,0.13870795387522822,0.9984717856546648,0.30729166666666713,0.030325443786982247,1.0,1,1,78,2,0.12931339126216496,0.14810251648829148,0.3020833333333333,0.3125,5,0
10000,1377,0.13870795387522822,0.9984717856546648,0.30729166666666713,0.03776325344952796,1.0,1,1,78,3,0.12931339126216496,0.14810251648829148,0.3020833333333333,0.3125,5,0
10000,1427,0.13870795387522822,0.9984717856546648,0.30729166666666713,0.02943237561317449,1.0,1,1,78,4,0.12931339126216496,0.14810251648829148,0.3020833333333333,0.3125,5,0
10000,1399,0.13870795387522822,0.9984717856546648,0.30729166666666713,0.03359542530378842,1.0,1,1,78,5,0.12931339126216496,0.14810251648829148,0.3020833333333333,0.3125,5,0
10000,1372,0.13870795387522822,0.9984717856546648,0.30729166666666713,0.03134110787172012,1.0,1,1,78,6,0.12931339126216496,0.14810251648829148,0.3020833333333333,0.3125,5,0
10000,1419,0.13870795387522822,0.9984717856546648,0.30729166666666713,0.03312191684284708,1.0,1,1,78,7,0.12931339126216496,0.14810251648829148,0.3020833333333333,0.3125,5,0
10000,1304,0.13870795387522822,0.9984717856546648,0.30729166666666713,0.03450920245398773,1.0,1,1,78,8,0.12931339126216496,0.14810251648829148,0.3020833333333333,0.3125,5,0
10000,1322,0.13870795387522822,0.9984717856546648,0.30729166666666713,0.03479576399394856,1.0,1,1,78,9,0.12931339126216496,0.14810251648829148,0.3020833333333333,0.3125,5,0
10000,1245,0.1199188286491017,0.999450381513269,0.31770833333333326,0.03293172690763052,1.0,1,1,79,0,0.11052426603603843,0.12931339126216496,0.3125,0.32291666666666663,5,1
10000,1188,0.1199188286491017,0.999450381513269,0.31770833333333326,0.04292929292929293,1.0,1,1,79,1,0.11052426603603843,0.12931339126216496,0.3125,0.32291666666666663,5,1
10000,1214,0.1199188286491017,0.999450381513269,0.31770833333333326,0.030477759472817133,1.0,1,1,79,2,0.11052426603603843,0.12931339126216496,0.3125,0.32291666666666663,5,1
10000,1170,0.1199188286491017,0.999450381513269,0.31770833333333326,0.03076923076923077,1.0,1,1,79,3,0.11052426603603843,0.12931339126216496,0.3125,0.32291666666666663,5,1
10000,1198,0.1199188286491017,0.999450381513269,0.31770833333333326,0.03672787979966611,1.0,0,0,79,4,0.11052426603603843,0.12931339126216496,0.3125,0.32291666666666663,5,1
10000,1196,0.1199188286491017,0.999450381513269,0.31770833333333326,0.024247491638795988,1.0,1,1,79,5,0.11052426603603843,0.12931339126216496,0.3125,0.32291666666666663,5,1
10000,1207,0.1199188286491017,0.999450381513269,0.31770833333333326,0.0347970173985087,1.0,1,1,79,6,0.11052426603603843,0.12931339126216496,0.3125,0.32291666666666663,5,1
10000,1215,0.1199188286491017,0.999450381513269,0.31770833333333326,0.024691358024691357,1.0,1,1,79,7,0.11052426603603843,0.12931339126216496,0.3125,0.32291666666666663,5,1
10000,1203,0.1199188286491017,0.999450381513269,0.31770833333333326,0.029093931837073983,1.0,1,1,79,8,0.11052426603603843,0.12931339126216496,0.3125,0.32291666666666663,5,1
10000,1164,0.1199188286491017,0.999450381513269,0.31770833333333326,0.03006872852233677,1.0,1,1,79,9,0.11052426603603843,0.12931339126216496,0.3125,0.32291666666666663,5,1
10000,1236,0.1199188286491017,0.999450381513269,0.31770833333333326,0.040453074433656956,1.0,1,1,79,10,0.11052426603603843,0.12931339126216496,0.3125,0.32291666666666663,5,1
10000,1242,0.1199188286491017,0.999450381513269,0.31770833333333326,0.039452495974235106,1.0,1,1,79,11,0.11052426603603843,0.12931339126216496,0.3125,0.32291666666666663,5,1
10000,1207,0.1199188286491017,0.999450381513269,0.31770833333333326,0.033140016570008285,1.0,1,1,79,12,0.11052426603603843,0.12931339126216496,0.3125,0.32291666666666663,5,1
10000,1121,0.1199188286491017,0.999450381513269,0.31770833333333326,0.0383586083853702,1.0,1,1,79,13,0.11052426603603843,0.12931339126216496,0.3125,0.32291666666666663,5,1
10000,1141,0.1199188286491017,0.999450381513269,0.31770833333333326,0.040315512708150744,1.0,1,1,79,14,0.11052426603603843,0.12931339126216496,0.3125,0.32291666666666663,5,1
10000,1189,0.1199188286491017,0.999450381513269,0.31770833333333326,0.028595458368376788,1.0,1,1,79,15,0.11052426603603843,0.12931339126216496,0.3125,0.32291666666666663,5,1
10000,1215,0.1199188286491017,0.999450381513269,0.31770833333333326,0.03621399176954732,1.0,1,1,79,16,0.11052426603603843,0.12931339126216496,0.3125,0.32291666666666663,5,1
10000,1171,0.1199188286491017,0.999450381513269,0.31770833333333326,0.029035012809564473,1.0,1,1,79,17,0.11052426603603843,0.12931339126216496,0.3125,0.32291666666666663,5,1
10000,1163,0.1199188286491017,0.999450381513269,0.31770833333333326,0.03181427343078246,1.0,1,1,79,18,0.11052426603603843,0.12931339126216496,0.3125,0.32291666666666663,5,1
10000,1181,0.1199188286491017,0.999450381513269,0.31770833333333326,0.04318374259102455,1.0,1,1,79,19,0.11052426603603843,0.12931339126216496,0.3125,0.32291666666666663,5,1
10000,1209,0.1199188286491017,0.999938961118005,0.32812500000000294,0.02315963606286187,1.0,1,1,80,0,0.11052426603603843,0.12931339126216496,0.32291666666666663,0.3333333333333333,5,0
10000,1166,0.1199188286491017,0.999938961118005,0.32812500000000294,0.03687821612349914,1.0,1,1,80,1,0.11052426603603843,0.12931339126216496,0.32291666666666663,0.3333333333333333,5,0
10000,1154,0.1199188286491017,0.999938961118005,0.32812500000000294,0.036395147313691506,1.0,1,1,80,2,0.11052426603603843,0.12931339126216496,0.32291666666666663,0.3333333333333333,5,0
10000,1171,0.1199188286491017,0.999938961118005,0.32812500000000294,0.027327070879590094,1.0,1,1,80,3,0.11052426603603843,0.12931339126216496,0.32291666666666663,0.3333333333333333,5,0
10000,1248,0.1199188286491017,0.999938961118005,0.32812500000000294,0.032852564102564104,1.0,1,1,80,4,0.11052426603603843,0.12931339126216496,0.32291666666666663,0.3333333333333333,5,0
10000,1255,0.1199188286491017,0.999938961118005,0.32812500000000294,0.027091633466135457,1.0,1,1,80,5,0.11052426603603843,0.12931339126216496,0.32291666666666663,0.3333333333333333,5,0
10000,1186,0.1199188286491017,0.999938961118005,0.32812500000000294,0.03372681281618887,1.0,1,1,80,6,0.11052426603603843,0.12931339126216496,0.32291666666666663,0.3333333333333333,5,0
10000,1143,0.1199188286491017,0.999938961118005,0.32812500000000294,0.03237095363079615,1.0,1,1,80,7,0.11052426603603843,0.12931339126216496,0.32291666666666663,0.3333333333333333,5,0
10000,1211,0.1199188286491017,0.999938961118005,0.32812500000000294,0.027250206440957887,1.0,1,1,80,8,0.11052426603603843,0.12931339126216496,0.32291666666666663,0.3333333333333333,5,0
10000,1225,0.1199188286491017,0.999938961118005,0.32812500000000294,0.02857142857142857,1.0,1,1,80,9,0.11052426603603843,0.12931339126216496,0.32291666666666663,0.3333333333333333,5,0
10000,1486,0.13870795387522822,0.999450381513269,0.31770833333333326,0.046433378196500674,1.0,1,1,81,0,0.12931339126216496,0.14810251648829148,0.3125,0.32291666666666663,5,0
10000,1311,0.13870795387522822,0.999450381513269,0.31770833333333326,0.034324942791762014,1.0,1,1,81,1,0.12931339126216496,0.14810251648829148,0.3125,0.32291666666666663,5,0
10000,1417,0.13870795387522822,0.999450381513269,0.31770833333333326,0.03599153140437544,1.0,1,1,81,2,0.12931339126216496,0.14810251648829148,0.3125,0.32291666666666663,5,0
10000,1425,0.13870795387522822,0.999450381513269,0.31770833333333326,0.037192982456140354,1.0,1,1,81,3,0.12931339126216496,0.14810251648829148,0.3125,0.32291666666666663,5,0
10000,1437,0.13870795387522822,0.999450381513269,0.31770833333333326,0.031315240083507306,1.0,1,1,81,4,0.12931339126216496,0.14810251648829148,0.3125,0.32291666666666663,5,0
10000,1407,0.13870795387522822,0.999450381513269,0.31770833333333326,0.03624733475479744,1.0,1,1,81,5,0.12931339126216496,0.14810251648829148,0.3125,0.32291666666666663,5,0
10000,1357,0.13870795387522822,0.999450381513269,0.31770833333333326,0.03168754605747973,1.0,1,1,81,6,0.12931339126216496,0.14810251648829148,0.3125,0.32291666666666663,5,0
10000,1363,0.13870795387522822,0.999450381513269,0.31770833333333326,0.034482758620689655,1.0,1,1,81,7,0.12931339126216496,0.14810251648829148,0.3125,0.32291666666666663,5,0
10000,1372,0.13870795387522822,0.999450381513269,0.31770833333333326,0.030612244897959183,1.0,1,1,81,8,0.12931339126216496,0.14810251648829148,0.3125,0.32291666666666663,5,0
10000,1351,0.13870795387522822,0.999450381513269,0.31770833333333326,0.03478904515173945,1.0,1,1,81,9,0.12931339126216496,0.14810251648829148,0.3125,0.32291666666666663,5,0
10000,1388,0.13870795387522822,0.999938961118005,0.32812500000000294,0.029538904899135448,1.0,1,1,82,0,0.12931339126216496,0.14810251648829148,0.32291666666666663,0.3333333333333333,5,0
10000,1393,0.13870795387522822,0.999938961118005,0.32812500000000294,0.03589375448671931,1.0,1,1,82,1,0.12931339126216496,0.14810251648829148,0.32291666666666663,0.3333333333333333,5,0
10000,1394,0.13870795387522822,0.999938961118005,0.32812500000000294,0.03012912482065997,1.0,1,1,82,2,0.12931339126216496,0.14810251648829148,0.32291666666666663,0.3333333333333333,5,0
10000,1346,0.13870795387522822,0.999938961118005,0.32812500000000294,0.03566121842496285,1.0,1,1,82,3,0.12931339126216496,0.14810251648829148,0.32291666666666663,0.3333333333333333,5,0
10000,1369,0.13870795387522822,0.999938961118005,0.32812500000000294,0.03214024835646457,1.0,1,1,82,4,0.12931339126216496,0.14810251648829148,0.32291666666666663,0.3333333333333333,5,0
10000,1383,0.13870795387522822,0.999938961118005,0.32812500000000294,0.04266088214027477,1.0,1,1,82,5,0.12931339126216496,0.14810251648829148,0.32291666666666663,0.3333333333333333,5,0
10000,1395,0.13870795387522822,0.999938961118005,0.32812500000000294,0.03727598566308244,1.0,1,1,82,6,0.12931339126216496,0.14810251648829148,0.32291666666666663,0.3333333333333333,5,0
10000,1358,0.13870795387522822,0.999938961118005,0.32812500000000294,0.03166421207658321,1.0,1,1,82,7,0.12931339126216496,0.14810251648829148,0.32291666666666663,0.3333333333333333,5,0
10000,1419,0.13870795387522822,0.999938961118005,0.32812500000000294,0.02959830866807611,1.0,1,1,82,8,0.12931339126216496,0.14810251648829148,0.32291666666666663,0.3333333333333333,5,0
10000,1375,0.13870795387522822,0.999938961118005,0.32812500000000294,0.03563636363636364,1.0,1,1,82,9,0.12931339126216496,0.14810251648829148,0.32291666666666663,0.3333333333333333,5,0
10000,1684,0.166891641714418,0.9977978850648122,0.3020833333333328,0.030878859857482184,1.0,1,1,83,0,0.14810251648829148,0.18568076694054456,0.29166666666666663,0.3125,4,0
10000,1646,0.166891641714418,0.9977978850648122,0.3020833333333328,0.031591737545565005,1.0,1,1,83,1,0.14810251648829148,0.18568076694054456,0.29166666666666663,0.3125,4,0
10000,1632,0.166891641714418,0.9977978850648122,0.3020833333333328,0.029411764705882353,1.0,1,1,83,2,0.14810251648829148,0.18568076694054456,0.29166666666666663,0.3125,4,0
10000,1637,0.166891641714418,0.9977978850648122,0.3020833333333328,0.03176542455711668,1.0,1,1,83,3,0.14810251648829148,0.18568076694054456,0.29166666666666663,0.3125,4,0
10000,1679,0.166891641714418,0.9977978850648122,0.3020833333333328,0.03335318642048839,1.0,1,1,83,4,0.14810251648829148,0.18568076694054456,0.29166666666666663,0.3125,4,0
10000,1699,0.166891641714418,0.9977978850648122,0.3020833333333328,0.033549146556798116,1.0,1,1,83,5,0.14810251648829148,0.18568076694054456,0.29166666666666663,0.3125,4,0
10000,1605,0.166891641714418,0.9977978850648122,0.3020833333333328,0.03177570093457944,1.0,1,1,83,6,0.14810251648829148,0.18568076694054456,0.29166666666666663,0.3125,4,0
10000,1714,0.166891641714418,0.9977978850648122,0.3020833333333328,0.026837806301050177,1.0,1,1,83,7,0.14810251648829148,0.18568076694054456,0.29166666666666663,0.3125,4,0
10000,1654,0.166891641714418,0.9977978850648122,0.3020833333333328,0.03385731559854897,1.0,1,1,83,8,0.14810251648829148,0.18568076694054456,0.29166666666666663,0.3125,4,0
10000,1705,0.166891641714418,0.9977978850648122,0.3020833333333328,0.03167155425219941,1.0,1,1,83,9,0.14810251648829148,0.18568076694054456,0.29166666666666663,0.3125,4,0
10000,1744,0.166891641714418,0.9997557997412336,0.3229166666666669,0.03555045871559633,1.0,1,1,84,0,0.14810251648829148,0.18568076694054456,0.3125,0.3333333333333333,4,0
10000,1714,0.166891641714418,0.9997557997412336,0.3229166666666669,0.030921820303383897,1.0,1,1,84,1,0.14810251648829148,0.18568076694054456,0.3125,0.3333333333333333,4,0
10000,1700,0.166891641714418,0.9997557997412336,0.3229166666666669,0.03588235294117647,1.0,1,1,84,2,0.14810251648829148,0.18568076694054456,0.3125,0.3333333333333333,4,0
10000,1698,0.166891641714418,0.9997557997412336,0.3229166666666669,0.03297997644287397,1.0,1,1,84,3,0.14810251648829148,0.18568076694054456,0.3125,0.3333333333333333,4,0
10000,1556,0.166891641714418,0.9997557997412336,0.3229166666666669,0.03406169665809768,1.0,1,1,84,4,0.14810251648829148,0.18568076694054456,0.3125,0.3333333333333333,4,0
10000,1652,0.166891641714418,0.9997557997412336,0.3229166666666669,0.029661016949152543,1.0,1,1,84,5,0.14810251648829148,0.18568076694054456,0.3125,0.3333333333333333,4,0
10000,1602,0.166891641714418,0.9997557997412336,0.3229166666666669,0.03433208489388265,1.0,1,1,84,6,0.14810251648829148,0.18568076694054456,0.3125,0.3333333333333333,4,0
10000,1631,0.166891641714418,0.9997557997412336,0.3229166666666669,0.03310852237890864,1.0,1,1,84,7,0.14810251648829148,0.18568076694054456,0.3125,0.3333333333333333,4,0
10000,1708,0.166891641714418,0.9997557997412336,0.3229166666666669,0.03454332552693208,1.0,1,1,84,8,0.14810251648829148,0.18568076694054456,0.3125,0.3333333333333333,4,0
10000,1624,0.166891641714418,0.9997557997412336,0.3229166666666669,0.035098522167487683,1.0,1,1,84,9,0.14810251648829148,0.18568076694054456,0.3125,0.3333333333333333,4,0
10000,1930,0.19507532955360785,0.9374302399740444,0.17187500000000008,0.032642487046632127,1.0,1,1,85,0,0.18568076694054456,0.2044698921666711,0.16666666666666666,0.17708333333333331,5,1
10000,1887,0.19507532955360785,0.9374302399740444,0.17187500000000008,0.03391626921038686,1.0,0,1,85,1,0.18568076694054456,0.2044698921666711,0.16666666666666666,0.17708333333333331,5,1
10000,1997,0.19507532955360785,0.9374302399740444,0.17187500000000008,0.033049574361542315,1.0,1,1,85,2,0.18568076694054456,0.2044698921666711,0.16666666666666666,0.17708333333333331,5,1
10000,1945,0.19507532955360785,0.9374302399740444,0.17187500000000008,0.02930591259640103,1.0,1,1,85,3,0.18568076694054456,0.2044698921666711,0.16666666666666666,0.17708333333333331,5,1
10000,1915,0.19507532955360785,0.9374302399740444,0.17187500000000008,0.03446475195822454,1.0,0,1,85,4,0.18568076694054456,0.2044698921666711,0.16666666666666666,0.17708333333333331,5,1
10000,2051,0.19507532955360785,0.9374302399740444,0.17187500000000008,0.03217942467089225,1.0,1,1,85,5,0.18568076694054456,0.2044698921666711,0.16666666666666666,0.17708333333333331,5,1
10000,1978,0.19507532955360785,0.9374302399740444,0.17187500000000008,0.030333670374115267,1.0,0,1,85,6,0.18568076694054456,0.2044698921666711,0.16666666666666666,0.17708333333333331,5,1
10000,1999,0.19507532955360785,0.9374302399740444,0.17187500000000008,0.03151575787893947,1.0,0,1,85,7,0.18568076694054456,0.2044698921666711,0.16666666666666666,0.17708333333333331,5,1
10000,1996,0.19507532955360785,0.9374302399740444,0.17187500000000008,0.03006012024048096,1.0,0,1,85,8,0.18568076694054456,0.2044698921666711,0.16666666666666666,0.17708333333333331,5,1
10000,1913,0.19507532955360785,0.9374302399740444,0.17187500000000008,0.028750653423941452,1.0,0,1,85,9,0.18568076694054456,0.2044698921666711,0.16666666666666666,0.17708333333333331,5,1
10000,1952,0.19507532955360785,0.9374302399740444,0.17187500000000008,0.04047131147540984,1.0,1,1,85,10,0.18568076694054456,0.2044698921666711,0.16666666666666666,0.17708333333333331,5,1
10000,1954,0.19507532955360785,0.9374302399740444,0.17187500000000008,0.0368474923234391,1.0,1,1,85,11,0.18568076694054456,0.2044698921666711,0.16666666666666666,0.17708333333333331,5,1
10000,1981,0.19507532955360785,0.9374302399740444,0.17187500000000008,0.03836446239273095,1.0,0,1,85,12,0.18568076694054456,0.2044698921666711,0.16666666666666666,0.17708333333333331,5,1
10000,1987,0.19507532955360785,0.9374302399740444,0.17187500000000008,0.04076497232008052,1.0,1,1,85,13,0.18568076694054456,0.2044698921666711,0.16666666666666666,0.17708333333333331,5,1
10000,1993,0.19507532955360785,0.9374302399740444,0.17187500000000008,0.02809834420471651,1.0,0,0,85,14,0.18568076694054456,0.2044698921666711,0.16666666666666666,0.17708333333333331,5,1
10000,1931,0.19507532955360785,0.9374302399740444,0.17187500000000008,0.035732780942516834,1.0,0,1,85,15,0.18568076694054456,0.2044698921666711,0.16666666666666666,0.17708333333333331,5,1
10000,1895,0.19507532955360785,0.9374302399740444,0.17187500000000008,0.033773087071240104,1.0,1,1,85,16,0.18568076694054456,0.2044698921666711,0.16666666666666666,0.17708333333333331,5,1
10000,1814,0.19507532955360785,0.9374302399740444,0.17187500000000008,0.03858875413450937,1.0,1,1,85,17,0.18568076694054456,0.2044698921666711,0.16666666666666666,0.17708333333333331,5,1
10000,1977,0.19507532955360785,0.9374302399740444,0.17187500000000008,0.035407182599898834,1.0,1,1,85,18,0.18568076694054456,0.2044698921666711,0.16666666666666666,0.17708333333333331,5,1
10000,1940,0.19507532955360785,0.9374302399740444,0.17187500000000008,0.04536082474226804,1.0,1,0,85,19,0.18568076694054456,0.2044698921666711,0.16666666666666666,0.17708333333333331,5,1
10000,1987,0.19507532955360785,0.9457234945498723,0.18229166666666666,0.04026170105686965,1.0,1,1,86,0,0.18568076694054456,0.2044698921666711,0.17708333333333331,0.1875,5,1
10000,1932,0.19507532955360785,0.9457234945498723,0.18229166666666666,0.039337474120082816,1.0,1,1,86,1,0.18568076694054456,0.2044698921666711,0.17708333333333331,0.1875,5,1
10000,1895,0.19507532955360785,0.9457234945498723,0.18229166666666666,0.03218997361477573,1.0,1,1,86,2,0.18568076694054456,0.2044698921666711,0.17708333333333331,0.1875,5,1
10000,1929,0.19507532955360785,0.9457234945498723,0.18229166666666666,0.03317781233799896,1.0,0,1,86,3,0.18568076694054456,0.2044698921666711,0.17708333333333331,0.1875,5,1
10000,1913,0.19507532955360785,0.9457234945498723,0.18229166666666666,0.028227914270778882,1.0,1,1,86,4,0.18568076694054456,0.2044698921666711,0.17708333333333331,0.1875,5,1
10000,1963,0.19507532955360785,0.9457234945498723,0.18229166666666666,0.036678553234844626,1.0,0,1,86,5,0.18568076694054456,0.2044698921666711,0.17708333333333331,0.1875,5,1
10000,1948,0.19507532955360785,0.9457234945498723,0.18229166666666666,0.03593429158110883,1.0,0,1,86,6,0.18568076694054456,0.2044698921666711,0.17708333333333331,0.1875,5,1
10000,1967,0.19507532955360785,0.9457234945498723,0.18229166666666666,0.027961362480935434,1.0,1,1,86,7,0.18568076694054456,0.2044698921666711,0.17708333333333331,0.1875,5,1
10000,1977,0.19507532955360785,0.9457234945498723,0.18229166666666666,0.02933737986848761,1.0,1,1,86,8,0.18568076694054456,0.2044698921666711,0.17708333333333331,0.1875,5,1
10000,1915,0.19507532955360785,0.9457234945498723,0.18229166666666666,0.03289817232375979,1.0,1,1,86,9,0.18568076694054456,0.2044698921666711,0.17708333333333331,0.1875,5,1
10000,1950,0.19507532955360785,0.9457234945498723,0.18229166666666666,0.035897435897435895,1.0,0,1,86,10,0.18568076694054456,0.2044698921666711,0.17708333333333331,0.1875,5,1
10000,1996,0.19507532955360785,0.9457234945498723,0.18229166666666666,0.03206412825651302,1.0,1,1,86,11,0.18568076694054456,0.2044698921666711,0.17708333333333331,0.1875,5,1
10000,1915,0.19507532955360785,0.9457234945498723,0.18229166666666666,0.031331592689295036,1.0,0,1,86,12,0.18568076694054456,0.2044698921666711,0.17708333333333331,0.1875,5,1
10000,1892,0.19507532955360785,0.9457234945498723,0.18229166666666666,0.035940803382663845,1.0,1,1,86,13,0.18568076694054456,0.2044698921666711,0.17708333333333331,0.1875,5,1
10000,1858,0.19507532955360785,0.9457234945498723,0.18229166666666666,0.038751345532831,1.0,1,1,86,14,0.18568076694054456,0.2044698921666711,0.17708333333333331,0.1875,5,1
10000,1964,0.19507532955360785,0.9457234945498723,0.18229166666666666,0.035641547861507125,1.0,0,1,86,15,0.18568076694054456,0.2044698921666711,0.17708333333333331,0.1875,5,1
10000,2033,0.19507532955360785,0.9457234945498723,0.18229166666666666,0.03443187407771766,1.0,1,1,86,16,0.18568076694054456,0.2044698921666711,0.17708333333333331,0.1875,5,1
10000,1918,0.19507532955360785,0.9457234945498723,0.18229166666666666,0.03910323253388947,1.0,1,1,86,17,0.18568076694054456,0.2044698921666711,0.17708333333333331,0.1875,5,1
10000,1930,0.19507532955360785,0.9457234945498723,0.18229166666666666,0.038860103626943004,1.0,1,1,86,18,0.18568076694054456,0.2044698921666711,0.17708333333333331,0.1875,5,1
10000,1919,0.19507532955360785,0.9457234945498723,0.18229166666666666,0.03282959874934862,1.0,0,0,86,19,0.18568076694054456,0.2044698921666711,0.17708333333333331,0.1875,5,1
10000,2084,0.21386445477973437,0.9374302399740444,0.17187500000000008,0.03262955854126679,1.0,0,1,87,0,0.2044698921666711,0.22325901739279763,0.16666666666666666,0.17708333333333331,5,1
10000,2132,0.21386445477973437,0.9374302399740444,0.17187500000000008,0.03424015009380863,1.0,0,1,87,1,0.2044698921666711,0.22325901739279763,0.16666666666666666,0.17708333333333331,5,1
10000,2157,0.21386445477973437,0.9374302399740444,0.17187500000000008,0.031061659712563746,1.0,1,1,87,2,0.2044698921666711,0.22325901739279763,0.16666666666666666,0.17708333333333331,5,1
10000,2166,0.21386445477973437,0.9374302399740444,0.17187500000000008,0.03647276084949215,1.0,1,1,87,3,0.2044698921666711,0.22325901739279763,0.16666666666666666,0.17708333333333331,5,1
10000,2072,0.21386445477973437,0.9374302399740444,0.17187500000000008,0.02895752895752896,1.0,1,1,87,4,0.2044698921666711,0.22325901739279763,0.16666666666666666,0.17708333333333331,5,1
10000,2149,0.21386445477973437,0.9374302399740444,0.17187500000000008,0.0288506281991624,1.0,1,1,87,5,0.2044698921666711,0.22325901739279763,0.16666666666666666,0.17708333333333331,5,1
10000,2225,0.21386445477973437,0.9374302399740444,0.17187500000000008,0.039550561797752806,1.0,1,1,87,6,0.2044698921666711,0.22325901739279763,0.16666666666666666,0.17708333333333331,5,1
10000,2187,0.21386445477973437,0.9374302399740444,0.17187500000000008,0.03337905807041609,1.0,1,1,87,7,0.2044698921666711,0.22325901739279763,0.16666666666666666,0.17708333333333331,5,1
10000,2114,0.21386445477973437,0.9374302399740444,0.17187500000000008,0.035477767265846734,1.0,1,1,87,8,0.2044698921666711,0.22325901739279763,0.16666666666666666,0.17708333333333331,5,1
10000,2089,0.21386445477973437,0.9374302399740444,0.17187500000000008,0.03446625179511728,1.0,1,1,87,9,0.2044698921666711,0.22325901739279763,0.16666666666666666,0.17708333333333331,5,1
10000,2154,0.21386445477973437,0.9374302399740444,0.17187500000000008,0.03064066852367688,1.0,1,1,87,10,0.2044698921666711,0.22325901739279763,0.16666666666666666,0.17708333333333331,5,1
10000,2208,0.21386445477973437,0.9374302399740444,0.17187500000000008,0.043025362318840576,1.0,1,1,87,11,0.2044698921666711,0.22325901739279763,0.16666666666666666,0.17708333333333331,5,1
10000,2244,0.21386445477973437,0.9374302399740444,0.17187500000000008,0.040998217468805706,1.0,1,1,87,12,0.2044698921666711,0.22325901739279763,0.16666666666666666,0.17708333333333331,5,1
10000,2062,0.21386445477973437,0.9374302399740444,0.17187500000000008,0.03297769156159069,1.0,0,1,87,13,0.2044698921666711,0.22325901739279763,0.16666666666666666,0.17708333333333331,5,1
10000,2154,0.21386445477973437,0.9374302399740444,0.17187500000000008,0.03203342618384401,1.0,0,1,87,14,0.2044698921666711,0.22325901739279763,0.16666666666666666,0.17708333333333331,5,1
10000,2166,0.21386445477973437,0.9374302399740444,0.17187500000000008,0.029085872576177285,1.0,1,1,87,15,0.2044698921666711,0.22325901739279763,0.16666666666666666,0.17708333333333331,5,1
10000,2092,0.21386445477973437,0.9374302399740444,0.17187500000000008,0.033938814531548754,1.0,0,1,87,16,0.2044698921666711,0.22325901739279763,0.16666666666666666,0.17708333333333331,5,1
10000,2118,0.21386445477973437,0.9374302399740444,0.17187500000000008,0.03541076487252125,1.0,1,1,87,17,0.2044698921666711,0.22325901739279763,0.16666666666666666,0.17708333333333331,5,1
10000,2094,0.21386445477973437,0.9374302399740444,0.17187500000000008,0.02913085004775549,1.0,0,1,87,18,0.2044698921666711,0.22325901739279763,0.16666666666666666,0.17708333333333331,5,1
10000,2171,0.21386445477973437,0.9374302399740444,0.17187500000000008,0.029018885306310457,1.0,1,1,87,19,0.2044698921666711,0.22325901739279763,0.16666666666666666,0.17708333333333331,5,1
10000,2127,0.21386445477973437,0.9457234945498723,0.18229166666666666,0.02773859896567936,1.0,1,1,88,0,0.2044698921666711,0.22325901739279763,0.17708333333333331,0.1875,5,0
10000,2107,0.21386445477973437,0.9457234945498723,0.18229166666666666,0.030849549121974372,1.0,1,1,88,1,0.2044698921666711,0.22325901739279763,0.17708333333333331,0.1875,5,0
10000,2141,0.21386445477973437,0.9457234945498723,0.18229166666666666,0.03409621672115834,1.0,1,1,88,2,0.2044698921666711,0.22325901739279763,0.17708333333333331,0.1875,5,0
10000,2092,0.21386445477973437,0.9457234945498723,0.18229166666666666,0.03154875717017208,1.0,1,1,88,3,0.2044698921666711,0.22325901739279763,0.17708333333333331,0.1875,5,0
10000,2268,0.21386445477973437,0.9457234945498723,0.18229166666666666,0.03262786596119929,1.0,1,1,88,4,0.2044698921666711,0.22325901739279763,0.17708333333333331,0.1875,5,0
10000,2172,0.21386445477973437,0.9457234945498723,0.18229166666666666,0.034990791896869246,1.0,1,1,88,5,0.2044698921666711,0.22325901739279763,0.17708333333333331,0.1875,5,0
10000,2125,0.21386445477973437,0.9457234945498723,0.18229166666666666,0.029176470588235293,1.0,1,1,88,6,0.2044698921666711,0.22325901739279763,0.17708333333333331,0.1875,5,0
10000,2103,0.21386445477973437,0.9457234945498723,0.18229166666666666,0.03471231573941987,1.0,1,1,88,7,0.2044698921666711,0.22325901739279763,0.17708333333333331,0.1875,5,0
10000,2064,0.21386445477973437,0.9457234945498723,0.18229166666666666,0.027616279069767442,1.0,1,1,88,8,0.2044698921666711,0.22325901739279763,0.17708333333333331,0.1875,5,0
10000,2166,0.21386445477973437,0.9457234945498723,0.18229166666666666,0.02816251154201293,1.0,1,1,88,9,0.2044698921666711,0.22325901739279763,0.17708333333333331,0.1875,5,0
10000,1967,0.19507532955360785,0.9533270023876252,0.19270833333333334,0.03304524656837824,1.0,1,1,89,0,0.18568076694054456,0.2044698921666711,0.1875,0.19791666666666666,5,1
10000,2028,0.19507532955360785,0.9533270023876252,0.19270833333333334,0.033037475345167655,1.0,1,1,89,1,0.18568076694054456,0.2044698921666711,0.1875,0.19791666666666666,5,1
10000,1922,0.19507532955360785,0.9533270023876252,0.19270833333333334,0.036420395421436005,1.0,1,1,89,2,0.18568076694054456,0.2044698921666711,0.1875,0.19791666666666666,5,1
10000,1886,0.19507532955360785,0.9533270023876252,0.19270833333333334,0.031813361611876985,1.0,1,1,89,3,0.18568076694054456,0.2044698921666711,0.1875,0.19791666666666666,5,1
10000,2008,0.19507532955360785,0.9533270023876252,0.19270833333333334,0.030378486055776893,1.0,1,1,89,4,0.18568076694054456,0.2044698921666711,0.1875,0.19791666666666666,5,1
10000,1919,0.19507532955360785,0.9533270023876252,0.19270833333333334,0.03543512245961438,1.0,1,1,89,5,0.18568076694054456,0.2044698921666711,0.1875,0.19791666666666666,5,1
10000,1851,0.19507532955360785,0.9533270023876252,0.19270833333333334,0.02485143165856294,1.0,1,1,89,6,0.18568076694054456,0.2044698921666711,0.1875,0.19791666666666666,5,1
10000,1893,0.19507532955360785,0.9533270023876252,0.19270833333333334,0.0306391970417327,1.0,1,1,89,7,0.18568076694054456,0.2044698921666711,0.1875,0.19791666666666666,5,1
10000,1910,0.19507532955360785,0.9533270023876252,0.19270833333333334,0.031413612565445025,1.0,1,1,89,8,0.18568076694054456,0.2044698921666711,0.1875,0.19791666666666666,5,1
10000,1946,0.19507532955360785,0.9533270023876252,0.19270833333333334,0.0328879753340185,1.0,1,1,89,9,0.18568076694054456,0.2044698921666711,0.1875,0.19791666666666666,5,1
10000,1909,0.19507532955360785,0.9533270023876252,0.19270833333333334,0.03195390256678889,1.0,1,1,89,10,0.18568076694054456,0.2044698921666711,0.1875,0.19791666666666666,5,1
10000,1903,0.19507532955360785,0.9533270023876252,0.19270833333333334,0.03415659485023647,1.0,1,1,89,11,0.18568076694054456,0.2044698921666711,0.1875,0.19791666666666666,5,1
10000,1895,0.19507532955360785,0.9533270023876252,0.19270833333333334,0.03852242744063324,1.0,1,1,89,12,0.18568076694054456,0.2044698921666711,0.1875,0.19791666666666666,5,1
10000,1981,0.19507532955360785,0.9533270023876252,0.19270833333333334,0.0408884401817264,1.0,0,1,89,13,0.18568076694054456,0.2044698921666711,0.1875,0.19791666666666666,5,1
10000,1899,0.19507532955360785,0.9533270023876252,0.19270833333333334,0.03370194839389152,1.0,0,1,89,14,0.18568076694054456,0.2044698921666711,0.1875,0.19791666666666666,5,1
10000,1912,0.19507532955360785,0.9533270023876252,0.19270833333333334,0.03347280334728033,1.0,1,1,89,15,0.18568076694054456,0.2044698921666711,0.1875,0.19791666666666666,5,1
10000,1989,0.19507532955360785,0.9533270023876252,0.19270833333333334,0.032679738562091505,1.0,1,1,89,16,0.18568076694054456,0.2044698921666711,0.1875,0.19791666666666666,5,1
10000,1875,0.19507532955360785,0.9533270023876252,0.19270833333333334,0.0272,1.0,1,1,89,17,0.18568076694054456,0.2044698921666711,0.1875,0.19791666666666666,5,1
10000,1980,0.19507532955360785,0.9533270023876252,0.19270833333333334,0.03282828282828283,1.0,1,1,89,18,0.18568076694054456,0.2044698921666711,0.1875,0.19791666666666666,5,1
10000,1940,0.19507532955360785,0.9533270023876252,0.19270833333333334,0.029896907216494847,1.0,1,1,89,19,0.18568076694054456,0.2044698921666711,0.1875,0.19791666666666666,5,1
10000,1965,0.19507532955360785,0.9602749475517324,0.203125,0.03155216284987277,1.0,0,1,90,0,0.18568076694054456,0.2044698921666711,0.19791666666666666,0.20833333333333331,5,0
10000,1917,0.19507532955360785,0.9602749475517324,0.203125,0.03129890453834116,1.0,1,1,90,1,0.18568076694054456,0.2044698921666711,0.19791666666666666,0.20833333333333331,5,0
10000,1941,0.19507532955360785,0.9602749475517324,0.203125,0.03709428129829984,1.0,1,1,90,2,0.18568076694054456,0.2044698921666711,0.19791666666666666,0.20833333333333331,5,0
10000,2006,0.19507532955360785,0.9602749475517324,0.203125,0.03389830508474576,1.0,1,1,90,3,0.18568076694054456,0.2044698921666711,0.19791666666666666,0.20833333333333331,5,0
10000,1876,0.19507532955360785,0.9602749475517324,0.203125,0.03731343283582089,1.0,1,1,90,4,0.18568076694054456,0.2044698921666711,0.19791666666666666,0.20833333333333331,5,0
10000,1895,0.19507532955360785,0.9602749475517324,0.203125,0.035883905013192614,1.0,1,1,90,5,0.18568076694054456,0.2044698921666711,0.19791666666666666,0.20833333333333331,5,0
10000,1856,0.19507532955360785,0.9602749475517324,0.203125,0.036637931034482756,1.0,1,1,90,6,0.18568076694054456,0.2044698921666711,0.19791666666666666,0.20833333333333331,5,0
10000,1961,0.19507532955360785,0.9602749475517324,0.203125,0.03263640999490056,1.0,1,1,90,7,0.18568076694054456,0.2044698921666711,0.19791666666666666,0.20833333333333331,5,0
10000,1897,0.19507532955360785,0.9602749475517324,0.203125,0.028993147074327884,1.0,1,0,90,8,0.18568076694054456,0.2044698921666711,0.19791666666666666,0.20833333333333331,5,0
10000,1988,0.19507532955360785,0.9602749475517324,0.203125,0.028169014084507043,1.0,0,1,90,9,0.18568076694054456,0.2044698921666711,0.19791666666666666,0.20833333333333331,5,0
10000,2211,0.21386445477973437,0.9533270023876252,0.19270833333333334,0.030303030303030304,1.0,1,1,91,0,0.2044698921666711,0.22325901739279763,0.1875,0.19791666666666666,5,0
10000,2192,0.21386445477973437,0.9533270023876252,0.19270833333333334,0.03968978102189781,1.0,1,1,91,1,0.2044698921666711,0.22325901739279763,0.1875,0.19791666666666666,5,0
10000,2058,0.21386445477973437,0.9533270023876252,0.19270833333333334,0.034013605442176874,1.0,1,1,91,2,0.2044698921666711,0.22325901739279763,0.1875,0.19791666666666666,5,0
10000,2165,0.21386445477973437,0.9533270023876252,0.19270833333333334,0.03187066974595843,1.0,1,1,91,3,0.2044698921666711,0.22325901739279763,0.1875,0.19791666666666666,5,0
10000,2109,0.21386445477973437,0.9533270023876252,0.19270833333333334,0.0388809862494073,1.0,1,1,91,4,0.2044698921666711,0.22325901739279763,0.1875,0.19791666666666666,5,0
10000,2173,0.21386445477973437,0.9533270023876252,0.19270833333333334,0.03819604233778187,1.0,1,1,91,5,0.2044698921666711,0.22325901739279763,0.1875,0.19791666666666666,5,0
10000,2107,0.21386445477973437,0.9533270023876252,0.19270833333333334,0.03274798291409587,1.0,1,1,91,6,0.2044698921666711,0.22325901739279763,0.1875,0.19791666666666666,5,0
10000,2126,0.21386445477973437,0.9533270023876252,0.19270833333333334,0.03151458137347131,1.0,1,1,91,7,0.2044698921666711,0.22325901739279763,0.1875,0.19791666666666666,5,0
10000,2119,0.21386445477973437,0.9533270023876252,0.19270833333333334,0.03350637092968381,1.0,1,1,91,8,0.2044698921666711,0.22325901739279763,0.1875,0.19791666666666666,5,0
10000,2173,0.21386445477973437,0.9533270023876252,0.19270833333333334,0.03635526921306949,1.0,1,1,91,9,0.2044698921666711,0.22325901739279763,0.1875,0.19791666666666666,5,0
10000,2194,0.21386445477973437,0.9602749475517324,0.203125,0.031449407474931634,1.0,1,1,92,0,0.2044698921666711,0.22325901739279763,0.19791666666666666,0.20833333333333331,5,0
10000,2157,0.21386445477973437,0.9602749475517324,0.203125,0.028743625405656004,1.0,1,1,92,1,0.2044698921666711,0.22325901739279763,0.19791666666666666,0.20833333333333331,5,0
10000,2095,0.21386445477973437,0.9602749475517324,0.203125,0.03198090692124105,1.0,1,1,92,2,0.2044698921666711,0.22325901739279763,0.19791666666666666,0.20833333333333331,5,0
10000,2131,0.21386445477973437,0.9602749475517324,0.203125,0.02627874237447208,1.0,1,1,92,3,0.2044698921666711,0.22325901739279763,0.19791666666666666,0.20833333333333331,5,0
10000,2116,0.21386445477973437,0.9602749475517324,0.203125,0.02930056710775047,1.0,1,1,92,4,0.2044698921666711,0.22325901739279763,0.19791666666666666,0.20833333333333331,5,0
10000,2095,0.21386445477973437,0.9602749475517324,0.203125,0.03293556085918854,1.0,1,1,92,5,0.2044698921666711,0.22325901739279763,0.19791666666666666,0.20833333333333331,5,0
10000,2194,0.21386445477973437,0.9602749475517324,0.203125,0.03236098450319052,1.0,1,1,92,6,0.2044698921666711,0.22325901739279763,0.19791666666666666,0.20833333333333331,5,0
10000,2192,0.21386445477973437,0.9602749475517324,0.203125,0.035583941605839414,1.0,1,1,92,7,0.2044698921666711,0.22325901739279763,0.19791666666666666,0.20833333333333331,5,0
10000,2174,0.21386445477973437,0.9602749475517324,0.203125,0.03311867525298988,1.0,1,1,92,8,0.2044698921666711,0.22325901739279763,0.19791666666666666,0.20833333333333331,5,0
10000,2126,0.21386445477973437,0.9602749475517324,0.203125,0.030103480714957668,1.0,1,1,92,9,0.2044698921666711,0.22325901739279763,0.19791666666666666,0.20833333333333331,5,0
10000,2430,0.24204814261892416,0.9416654382844554,0.1770833333333334,0.028395061728395062,1.0,1,1,93,0,0.22325901739279763,0.2608372678450507,0.16666666666666666,0.1875,4,0
10000,2424,0.24204814261892416,0.9416654382844554,0.1770833333333334,0.03135313531353135,1.0,1,1,93,1,0.22325901739279763,0.2608372678450507,0.16666666666666666,0.1875,4,0
10000,2398,0.24204814261892416,0.9416654382844554,0.1770833333333334,0.03252710592160134,1.0,1,1,93,2,0.22325901739279763,0.2608372678450507,0.16666666666666666,0.1875,4,0
10000,2434,0.24204814261892416,0.9416654382844554,0.1770833333333334,0.03451109285127362,1.0,1,1,93,3,0.22325901739279763,0.2608372678450507,0.16666666666666666,0.1875,4,0
10000,2471,0.24204814261892416,0.9416654382844554,0.1770833333333334,0.03318494536624848,1.0,1,1,93,4,0.22325901739279763,0.2608372678450507,0.16666666666666666,0.1875,4,0
10000,2374,0.24204814261892416,0.9416654382844554,0.1770833333333334,0.037489469250210614,1.0,1,1,93,5,0.22325901739279763,0.2608372678450507,0.16666666666666666,0.1875,4,0
10000,2377,0.24204814261892416,0.9416654382844554,0.1770833333333334,0.02902818679007152,1.0,1,1,93,6,0.22325901739279763,0.2608372678450507,0.16666666666666666,0.1875,4,0
10000,2376,0.24204814261892416,0.9416654382844554,0.1770833333333334,0.03198653198653199,1.0,0,1,93,7,0.22325901739279763,0.2608372678450507,0.16666666666666666,0.1875,4,0
10000,2457,0.24204814261892416,0.9416654382844554,0.1770833333333334,0.03093203093203093,1.0,1,1,93,8,0.22325901739279763,0.2608372678450507,0.16666666666666666,0.1875,4,0
10000,2375,0.24204814261892416,0.9416654382844554,0.1770833333333334,0.031157894736842107,1.0,1,1,93,9,0.22325901739279763,0.2608372678450507,0.16666666666666666,0.1875,4,0
10000,2395,0.24204814261892416,0.9568809849129202,0.19791666666666666,0.03298538622129436,1.0,1,1,94,0,0.22325901739279763,0.2608372678450507,0.1875,0.20833333333333331,4,0
10000,2393,0.24204814261892416,0.9568809849129202,0.19791666666666666,0.04262432093606352,1.0,1,1,94,1,0.22325901739279763,0.2608372678450507,0.1875,0.20833333333333331,4,0
10000,2400,0.24204814261892416,0.9568809849129202,0.19791666666666666,0.034583333333333334,1.0,0,1,94,2,0.22325901739279763,0.2608372678450507,0.1875,0.20833333333333331,4,0
10000,2514,0.24204814261892416,0.9568809849129202,0.19791666666666666,0.03341288782816229,1.0,1,1,94,3,0.22325901739279763,0.2608372678450507,0.1875,0.20833333333333331,4,0
10000,2388,0.24204814261892416,0.9568809849129202,0.19791666666666666,0.032663316582914576,1.0,1,1,94,4,0.22325901739279763,0.2608372678450507,0.1875,0.20833333333333331,4,0
10000,2485,0.24204814261892416,0.9568809849129202,0.19791666666666666,0.030583501006036216,1.0,1,1,94,5,0.22325901739279763,0.2608372678450507,0.1875,0.20833333333333331,4,0
10000,2380,0.24204814261892416,0.9568809849129202,0.19791666666666666,0.021848739495798318,1.0,1,1,94,6,0.22325901739279763,0.2608372678450507,0.1875,0.20833333333333331,4,0
10000,2432,0.24204814261892416,0.9568809849129202,0.19791666666666666,0.03248355263157895,1.0,1,1,94,7,0.22325901739279763,0.2608372678450507,0.1875,0.20833333333333331,4,0
10000,2447,0.24204814261892416,0.9568809849129202,0.19791666666666666,0.03146710257458112,1.0,1,1,94,8,0.22325901739279763,0.2608372678450507,0.1875,0.20833333333333331,4,0
10000,2433,0.24204814261892416,0.9568809849129202,0.19791666666666666,0.0345252774352651,1.0,1,1,94,9,0.22325901739279763,0.2608372678450507,0.1875,0.20833333333333331,4,0
10000,2237,0.22325901739279763,0.9749588797990832,0.22916666666666666,0.028609745194456863,1.0,1,1,95,0,0.18568076694054456,0.2608372678450507,0.20833333333333331,0.25,3,0
10000,2237,0.22325901739279763,0.9749588797990832,0.22916666666666666,0.029950827000447027,1.0,1,1,95,1,0.18568076694054456,0.2608372678450507,0.20833333333333331,0.25,3,0
10000,2274,0.22325901739279763,0.9749588797990832,0.22916666666666666,0.028144239226033423,1.0,1,1,95,2,0.18568076694054456,0.2608372678450507,0.20833333333333331,0.25,3,0
10000,2191,0.22325901739279763,0.9749588797990832,0.22916666666666666,0.03423094477407576,1.0,1,1,95,3,0.18568076694054456,0.2608372678450507,0.20833333333333331,0.25,3,0
10000,2169,0.22325901739279763,0.9749588797990832,0.22916666666666666,0.034578146611341634,1.0,1,1,95,4,0.18568076694054456,0.2608372678450507,0.20833333333333331,0.25,3,0
10000,2224,0.22325901739279763,0.9749588797990832,0.22916666666666666,0.030575539568345324,1.0,1,1,95,5,0.18568076694054456,0.2608372678450507,0.20833333333333331,0.25,3,0
10000,2166,0.22325901739279763,0.9749588797990832,0.22916666666666666,0.03970452446906741,1.0,1,1,95,6,0.18568076694054456,0.2608372678450507,0.20833333333333331,0.25,3,0
10000,2284,0.22325901739279763,0.9749588797990832,0.22916666666666666,0.03590192644483362,1.0,1,1,95,7,0.18568076694054456,0.2608372678450507,0.20833333333333331,0.25,3,0
10000,2254,0.22325901739279763,0.9749588797990832,0.22916666666666666,0.02839396628216504,1.0,1,1,95,8,0.18568076694054456,0.2608372678450507,0.20833333333333331,0.25,3,0
10000,2230,0.22325901739279763,0.9749588797990832,0.22916666666666666,0.03452914798206278,1.0,1,1,95,9,0.18568076694054456,0.2608372678450507,0.20833333333333331,0.25,3,0
10000,2936,0.29841551829730373,0.9496092053105675,0.1875,0.039168937329700275,1.0,1,1,96,0,0.2608372678450507,0.33599376874955683,0.16666666666666666,0.20833333333333331,3,0
10000,3066,0.29841551829730373,0.9496092053105675,0.1875,0.03294194390084801,1.0,1,1,96,1,0.2608372678450507,0.33599376874955683,0.16666666666666666,0.20833333333333331,3,0
10000,2946,0.29841551829730373,0.9496092053105675,0.1875,0.03394433129667346,1.0,1,1,96,2,0.2608372678450507,0.33599376874955683,0.16666666666666666,0.20833333333333331,3,0
10000,2988,0.29841551829730373,0.9496092053105675,0.1875,0.03781793842034806,1.0,1,1,96,3,0.2608372678450507,0.33599376874955683,0.16666666666666666,0.20833333333333331,3,0
10000,3061,0.29841551829730373,0.9496092053105675,0.1875,0.03070891865403463,1.0,1,1,96,4,0.2608372678450507,0.33599376874955683,0.16666666666666666,0.20833333333333331,3,0
10000,2892,0.29841551829730373,0.9496092053105675,0.1875,0.03630705394190872,1.0,1,1,96,5,0.2608372678450507,0.33599376874955683,0.16666666666666666,0.20833333333333331,3,0
10000,3058,0.29841551829730373,0.9496092053105675,0.1875,0.03662524525833878,1.0,1,1,96,6,0.2608372678450507,0.33599376874955683,0.16666666666666666,0.20833333333333331,3,0
10000,2959,0.29841551829730373,0.9496092053105675,0.1875,0.03345724907063197,1.0,1,1,96,7,0.2608372678450507,0.33599376874955683,0.16666666666666666,0.20833333333333331,3,0
10000,2855,0.29841551829730373,0.9496092053105675,0.1875,0.033975481611208405,1.0,1,1,96,8,0.2608372678450507,0.33599376874955683,0.16666666666666666,0.20833333333333331,3,0
10000,3001,0.29841551829730373,0.9496092053105675,0.1875,0.032989003665444855,1.0,1,1,96,9,0.2608372678450507,0.33599376874955683,0.16666666666666666,0.20833333333333331,3,0
10000,3113,0.29841551829730373,0.9749588797990832,0.22916666666666666,0.028911018310311596,1.0,1,1,97,0,0.2608372678450507,0.33599376874955683,0.20833333333333331,0.25,3,0
10000,2990,0.29841551829730373,0.9749588797990832,0.22916666666666666,0.03511705685618729,1.0,1,1,97,1,0.2608372678450507,0.33599376874955683,0.20833333333333331,0.25,3,0
10000,3057,0.29841551829730373,0.9749588797990832,0.22916666666666666,0.03303892705266601,1.0,1,1,97,2,0.2608372678450507,0.33599376874955683,0.20833333333333331,0.25,3,0
10000,2980,0.29841551829730373,0.9749588797990832,0.22916666666666666,0.03120805369127517,1.0,1,1,97,3,0.2608372678450507,0.33599376874955683,0.20833333333333331,0.25,3,0
10000,3054,0.29841551829730373,0.9749588797990832,0.22916666666666666,0.032089063523248196,1.0,1,1,97,4,0.2608372678450507,0.33599376874955683,0.20833333333333331,0.25,3,0
10000,3049,0.29841551829730373,0.9749588797990832,0.22916666666666666,0.03476549688422433,1.0,1,1,97,5,0.2608372678450507,0.33599376874955683,0.20833333333333331,0.25,3,0
10000,2850,0.29841551829730373,0.9749588797990832,0.22916666666666666,0.030877192982456142,1.0,1,1,97,6,0.2608372678450507,0.33599376874955683,0.20833333333333331,0.25,3,0
10000,2954,0.29841551829730373,0.9749588797990832,0.22916666666666666,0.03656059580230196,1.0,1,1,97,7,0.2608372678450507,0.33599376874955683,0.20833333333333331,0.25,3,0
10000,2997,0.29841551829730373,0.9749588797990832,0.22916666666666666,0.03670337003670337,1.0,1,1,97,8,0.2608372678450507,0.33599376874955683,0.20833333333333331,0.25,3,0
10000,3014,0.29841551829730373,0.9749588797990832,0.22916666666666666,0.03881884538818845,1.0,1,1,97,9,0.2608372678450507,0.33599376874955683,0.20833333333333331,0.25,3,0
10000,2603,0.2608372678450507,0.9960783708246108,0.2916666666666671,0.028428736073761045,1.0,1,1,98,0,0.18568076694054456,0.33599376874955683,0.25,0.3333333333333333,2,0
10000,2656,0.2608372678450507,0.9960783708246108,0.2916666666666671,0.03237951807228916,1.0,1,1,98,1,0.18568076694054456,0.33599376874955683,0.25,0.3333333333333333,2,0
10000,2570,0.2608372678450507,0.9960783708246108,0.2916666666666671,0.03385214007782101,1.0,1,1,98,2,0.18568076694054456,0.33599376874955683,0.25,0.3333333333333333,2,0
10000,2660,0.2608372678450507,0.9960783708246108,0.2916666666666671,0.03796992481203008,1.0,1,1,98,3,0.18568076694054456,0.33599376874955683,0.25,0.3333333333333333,2,0
10000,2587,0.2608372678450507,0.9960783708246108,0.2916666666666671,0.03208349439505218,1.0,1,1,98,4,0.18568076694054456,0.33599376874955683,0.25,0.3333333333333333,2,0
10000,2655,0.2608372678450507,0.9960783708246108,0.2916666666666671,0.0384180790960452,1.0,1,1,98,5,0.18568076694054456,0.33599376874955683,0.25,0.3333333333333333,2,0
10000,2629,0.2608372678450507,0.9960783708246108,0.2916666666666671,0.038417649296310384,1.0,1,1,98,6,0.18568076694054456,0.33599376874955683,0.25,0.3333333333333333,2,0
10000,2682,0.2608372678450507,0.9960783708246108,0.2916666666666671,0.030201342281879196,1.0,1,1,98,7,0.18568076694054456,0.33599376874955683,0.25,0.3333333333333333,2,0
10000,2544,0.2608372678450507,0.9960783708246108,0.2916666666666671,0.029874213836477988,1.0,1,1,98,8,0.18568076694054456,0.33599376874955683,0.25,0.3333333333333333,2,0
10000,2642,0.2608372678450507,0.9960783708246108,0.2916666666666671,0.03520060560181681,1.0,1,1,98,9,0.18568076694054456,0.33599376874955683,0.25,0.3333333333333333,2,0
10000,3674,0.37357201920180994,0.6739926363384382,0.020833333333333332,0.03728905824714208,1.0,0,0,99,0,0.33599376874955683,0.411150269654063,0.0,0.041666666666666664,3,0
10000,3772,0.37357201920180994,0.6739926363384382,0.020833333333333332,0.03711558854718982,1.0,0,0,99,1,0.33599376874955683,0.411150269654063,0.0,0.041666666666666664,3,0
10000,3678,0.37357201920180994,0.6739926363384382,0.020833333333333332,0.026916802610114192,1.0,0,0,99,2,0.33599376874955683,0.411150269654063,0.0,0.041666666666666664,3,0
10000,3657,0.37357201920180994,0.6739926363384382,0.020833333333333332,0.035821711785616626,1.0,0,0,99,3,0.33599376874955683,0.411150269654063,0.0,0.041666666666666664,3,0
10000,3754,0.37357201920180994,0.6739926363384382,0.020833333333333332,0.03249866808737347,1.0,0,0,99,4,0.33599376874955683,0.411150269654063,0.0,0.041666666666666664,3,0
10000,3654,0.37357201920180994,0.6739926363384382,0.020833333333333332,0.037219485495347565,1.0,0,0,99,5,0.33599376874955683,0.411150269654063,0.0,0.041666666666666664,3,0
10000,3726,0.37357201920180994,0.6739926363384382,0.020833333333333332,0.028985507246376812,1.0,0,0,99,6,0.33599376874955683,0.411150269654063,0.0,0.041666666666666664,3,0
10000,3717,0.37357201920180994,0.6739926363384382,0.020833333333333332,0.03631961259079903,1.0,0,0,99,7,0.33599376874955683,0.411150269654063,0.0,0.041666666666666664,3,0
10000,3696,0.37357201920180994,0.6739926363384382,0.020833333333333332,0.03409090909090909,1.0,0,0,99,8,0.33599376874955683,0.411150269654063,0.0,0.041666666666666664,3,0
10000,3734,0.37357201920180994,0.6739926363384382,0.020833333333333332,0.03883235136582753,1.0,0,0,99,9,0.33599376874955683,0.411150269654063,0.0,0.041666666666666664,3,0
10000,3694,0.37357201920180994,0.7914805954090255,0.0625,0.02977801840822956,1.0,0,1,100,0,0.33599376874955683,0.411150269654063,0.041666666666666664,0.08333333333333333,3,0
10000,3773,0.37357201920180994,0.7914805954090255,0.0625,0.033130135170951494,1.0,0,1,100,1,0.33599376874955683,0.411150269654063,0.041666666666666664,0.08333333333333333,3,0
10000,3700,0.37357201920180994,0.7914805954090255,0.0625,0.033783783783783786,1.0,0,1,100,2,0.33599376874955683,0.411150269654063,0.041666666666666664,0.08333333333333333,3,0
10000,3628,0.37357201920180994,0.7914805954090255,0.0625,0.034729878721058434,1.0,0,0,100,3,0.33599376874955683,0.411150269654063,0.041666666666666664,0.08333333333333333,3,0
10000,3786,0.37357201920180994,0.7914805954090255,0.0625,0.029846804014791336,1.0,0,0,100,4,0.33599376874955683,0.411150269654063,0.041666666666666664,0.08333333333333333,3,0
10000,3664,0.37357201920180994,0.7914805954090255,0.0625,0.03111353711790393,1.0,0,1,100,5,0.33599376874955683,0.411150269654063,0.041666666666666664,0.08333333333333333,3,0
10000,3751,0.37357201920180994,0.7914805954090255,0.0625,0.03119168221807518,1.0,0,1,100,6,0.33599376874955683,0.411150269654063,0.041666666666666664,0.08333333333333333,3,0
10000,3670,0.37357201920180994,0.7914805954090255,0.0625,0.03569482288828338,1.0,0,0,100,7,0.33599376874955683,0.411150269654063,0.041666666666666664,0.08333333333333333,3,0
10000,3720,0.37357201920180994,0.7914805954090255,0.0625,0.030107526881720432,1.0,0,0,100,8,0.33599376874955683,0.411150269654063,0.041666666666666664,0.08333333333333333,3,0
10000,3777,0.37357201920180994,0.7914805954090255,0.0625,0.029917924278527932,1.0,0,1,100,9,0.33599376874955683,0.411150269654063,0.041666666666666664,0.08333333333333333,3,0
10000,4594,0.44872852010631603,0.6739926363384382,0.020833333333333332,0.033521985198084456,1.0,0,0,101,0,0.411150269654063,0.4863067705585691,0.0,0.041666666666666664,3,0
10000,4565,0.44872852010631603,0.6739926363384382,0.020833333333333332,0.02891566265060241,1.0,0,0,101,1,0.411150269654063,0.4863067705585691,0.0,0.041666666666666664,3,0
10000,4537,0.44872852010631603,0.6739926363384382,0.020833333333333332,0.036808463742561165,1.0,0,0,101,2,0.411150269654063,0.4863067705585691,0.0,0.041666666666666664,3,0
10000,4526,0.44872852010631603,0.6739926363384382,0.020833333333333332,0.032699955810870526,1.0,0,0,101,3,0.411150269654063,0.4863067705585691,0.0,0.041666666666666664,3,0
10000,4494,0.44872852010631603,0.6739926363384382,0.020833333333333332,0.03204272363150868,1.0,0,0,101,4,0.411150269654063,0.4863067705585691,0.0,0.041666666666666664,3,0
10000,4415,0.44872852010631603,0.6739926363384382,0.020833333333333332,0.0362400906002265,1.0,0,0,101,5,0.411150269654063,0.4863067705585691,0.0,0.041666666666666664,3,0
10000,4554,0.44872852010631603,0.6739926363384382,0.020833333333333332,0.030303030303030304,1.0,0,0,101,6,0.411150269654063,0.4863067705585691,0.0,0.041666666666666664,3,0
10000,4600,0.44872852010631603,0.6739926363384382,0.020833333333333332,0.035434782608695654,1.0,0,0,101,7,0.411150269654063,0.4863067705585691,0.0,0.041666666666666664,3,0
10000,4516,0.44872852010631603,0.6739926363384382,0.020833333333333332,0.031443755535872454,1.0,0,0,101,8,0.411150269654063,0.4863067705585691,0.0,0.041666666666666664,3,0
10000,4351,0.44872852010631603,0.6739926363384382,0.020833333333333332,0.03171684670190761,1.0,0,0,101,9,0.411150269654063,0.4863067705585691,0.0,0.041666666666666664,3,0
10000,4482,0.4299393948801895,0.7683681880830886,0.05208333333333337,0.03235162873717091,1.0,0,1,102,0,0.411150269654063,0.44872852010631603,0.041666666666666664,0.0625,4,0
10000,4383,0.4299393948801895,0.7683681880830886,0.05208333333333337,0.034451289071412275,1.0,0,0,102,1,0.411150269654063,0.44872852010631603,0.041666666666666664,0.0625,4,0
10000,4315,0.4299393948801895,0.7683681880830886,0.05208333333333337,0.0354577056778679,1.0,0,0,102,2,0.411150269654063,0.44872852010631603,0.041666666666666664,0.0625,4,0
10000,4254,0.4299393948801895,0.7683681880830886,0.05208333333333337,0.034790785143394454,1.0,0,1,102,3,0.411150269654063,0.44872852010631603,0.041666666666666664,0.0625,4,0
10000,4260,0.4299393948801895,0.7683681880830886,0.05208333333333337,0.03450704225352113,1.0,0,0,102,4,0.411150269654063,0.44872852010631603,0.041666666666666664,0.0625,4,0
10000,4288,0.4299393948801895,0.7683681880830886,0.05208333333333337,0.03264925373134328,1.0,0,1,102,5,0.411150269654063,0.44872852010631603,0.041666666666666664,0.0625,4,0
10000,4391,0.4299393948801895,0.7683681880830886,0.05208333333333337,0.03233887497153268,1.0,0,1,102,6,0.411150269654063,0.44872852010631603,0.041666666666666664,0.0625,4,0
10000,4421,0.4299393948801895,0.7683681880830886,0.05208333333333337,0.0325718163311468,1.0,0,1,102,7,0.411150269654063,0.44872852010631603,0.041666666666666664,0.0625,4,0
10000,4379,0.4299393948801895,0.7683681880830886,0.05208333333333337,0.030828956382735785,1.0,0,1,102,8,0.411150269654063,0.44872852010631603,0.041666666666666664,0.0625,4,0
10000,4199,0.4299393948801895,0.7683681880830886,0.05208333333333337,0.031197904262919744,1.0,0,1,102,9,0.411150269654063,0.44872852010631603,0.041666666666666664,0.0625,4,0
10000,4291,0.42054483226712625,0.8020721082684563,0.06770833333333333,0.02913073875553484,1.0,0,1,103,0,0.411150269654063,0.4299393948801895,0.0625,0.07291666666666666,5,0
10000,4177,0.42054483226712625,0.8020721082684563,0.06770833333333333,0.028968158965764903,1.0,0,1,103,1,0.411150269654063,0.4299393948801895,0.0625,0.07291666666666666,5,0
10000,4139,0.42054483226712625,0.8020721082684563,0.06770833333333333,0.030683740033824597,1.0,0,0,103,2,0.411150269654063,0.4299393948801895,0.0625,0.07291666666666666,5,0
10000,4225,0.42054483226712625,0.8020721082684563,0.06770833333333333,0.03195266272189349,1.0,0,1,103,3,0.411150269654063,0.4299393948801895,0.0625,0.07291666666666666,5,0
10000,4183,0.42054483226712625,0.8020721082684563,0.06770833333333333,0.030839110686110446,1.0,0,1,103,4,0.411150269654063,0.4299393948801895,0.0625,0.07291666666666666,5,0
10000,4253,0.42054483226712625,0.8020721082684563,0.06770833333333333,0.03291794027745121,1.0,0,1,103,5,0.411150269654063,0.4299393948801895,0.0625,0.07291666666666666,5,0
10000,4321,0.42054483226712625,0.8020721082684563,0.06770833333333333,0.03031705623698218,1.0,0,1,103,6,0.411150269654063,0.4299393948801895,0.0625,0.07291666666666666,5,0
10000,4126,0.42054483226712625,0.8020721082684563,0.06770833333333333,0.030538051381483276,1.0,0,1,103,7,0.411150269654063,0.4299393948801895,0.0625,0.07291666666666666,5,0
10000,4280,0.42054483226712625,0.8020721082684563,0.06770833333333333,0.03247663551401869,1.0,0,1,103,8,0.411150269654063,0.4299393948801895,0.0625,0.07291666666666666,5,0
10000,4165,0.42054483226712625,0.8020721082684563,0.06770833333333333,0.03409363745498199,1.0,0,1,103,9,0.411150269654063,0.4299393948801895,0.0625,0.07291666666666666,5,0
10000,4258,0.42054483226712625,0.8216435757849828,0.07812499999999996,0.03264443400657586,1.0,0,1,104,0,0.411150269654063,0.4299393948801895,0.07291666666666666,0.08333333333333333,5,1
10000,4090,0.42054483226712625,0.8216435757849828,0.07812499999999996,0.030317848410757946,1.0,0,1,104,1,0.411150269654063,0.4299393948801895,0.07291666666666666,0.08333333333333333,5,1
10000,4078,0.42054483226712625,0.8216435757849828,0.07812499999999996,0.026483570377636097,1.0,0,1,104,2,0.411150269654063,0.4299393948801895,0.07291666666666666,0.08333333333333333,5,1
10000,4240,0.42054483226712625,0.8216435757849828,0.07812499999999996,0.03419811320754717,1.0,0,1,104,3,0.411150269654063,0.4299393948801895,0.07291666666666666,0.08333333333333333,5,1
10000,4120,0.42054483226712625,0.8216435757849828,0.07812499999999996,0.029611650485436892,1.0,0,1,104,4,0.411150269654063,0.4299393948801895,0.07291666666666666,0.08333333333333333,5,1
10000,4113,0.42054483226712625,0.8216435757849828,0.07812499999999996,0.03549720398735716,1.0,0,1,104,5,0.411150269654063,0.4299393948801895,0.07291666666666666,0.08333333333333333,5,1
10000,4246,0.42054483226712625,0.8216435757849828,0.07812499999999996,0.0341497880357984,1.0,0,1,104,6,0.411150269654063,0.4299393948801895,0.07291666666666666,0.08333333333333333,5,1
10000,4216,0.42054483226712625,0.8216435757849828,0.07812499999999996,0.031309297912713474,1.0,0,1,104,7,0.411150269654063,0.4299393948801895,0.07291666666666666,0.08333333333333333,5,1
10000,4113,0.42054483226712625,0.8216435757849828,0.07812499999999996,0.031607099440797475,1.0,0,1,104,8,0.411150269654063,0.4299393948801895,0.07291666666666666,0.08333333333333333,5,1
10000,4245,0.42054483226712625,0.8216435757849828,0.07812499999999996,0.03109540636042403,1.0,0,1,104,9,0.411150269654063,0.4299393948801895,0.07291666666666666,0.08333333333333333,5,1
10000,4259,0.42054483226712625,0.8216435757849828,0.07812499999999996,0.03780230100962667,1.0,0,1,104,10,0.411150269654063,0.4299393948801895,0.07291666666666666,0.08333333333333333,5,1
10000,4293,0.42054483226712625,0.8216435757849828,0.07812499999999996,0.03424178895877009,1.0,0,1,104,11,0.411150269654063,0.4299393948801895,0.07291666666666666,0.08333333333333333,5,1
10000,4251,0.42054483226712625,0.8216435757849828,0.07812499999999996,0.03340390496353799,1.0,0,1,104,12,0.411150269654063,0.4299393948801895,0.07291666666666666,0.08333333333333333,5,1
10000,4230,0.42054483226712625,0.8216435757849828,0.07812499999999996,0.03404255319148936,1.0,0,1,104,13,0.411150269654063,0.4299393948801895,0.07291666666666666,0.08333333333333333,5,1
10000,4266,0.42054483226712625,0.8216435757849828,0.07812499999999996,0.03609939052977028,1.0,0,1,104,14,0.411150269654063,0.4299393948801895,0.07291666666666666,0.08333333333333333,5,1
10000,4249,0.42054483226712625,0.8216435757849828,0.07812499999999996,0.030595434219816427,1.0,0,1,104,15,0.411150269654063,0.4299393948801895,0.07291666666666666,0.08333333333333333,5,1
10000,4184,0.42054483226712625,0.8216435757849828,0.07812499999999996,0.03465583173996176,1.0,0,1,104,16,0.411150269654063,0.4299393948801895,0.07291666666666666,0.08333333333333333,5,1
10000,4209,0.42054483226712625,0.8216435757849828,0.07812499999999996,0.04157757186980281,1.0,1,1,104,17,0.411150269654063,0.4299393948801895,0.07291666666666666,0.08333333333333333,5,1
10000,4152,0.42054483226712625,0.8216435757849828,0.07812499999999996,0.03371868978805395,1.0,0,1,104,18,0.411150269654063,0.4299393948801895,0.07291666666666666,0.08333333333333333,5,1
10000,4256,0.42054483226712625,0.8216435757849828,0.07812499999999996,0.030780075187969925,1.0,0,1,104,19,0.411150269654063,0.4299393948801895,0.07291666666666666,0.08333333333333333,5,1
10000,4373,0.43933395749325277,0.8020721082684563,0.06770833333333333,0.03361536702492568,1.0,0,0,105,0,0.4299393948801895,0.44872852010631603,0.0625,0.07291666666666666,5,0
10000,4423,0.43933395749325277,0.8020721082684563,0.06770833333333333,0.036174542165950715,1.0,0,1,105,1,0.4299393948801895,0.44872852010631603,0.0625,0.07291666666666666,5,0
10000,4414,0.43933395749325277,0.8020721082684563,0.06770833333333333,0.03579519710013593,1.0,0,1,105,2,0.4299393948801895,0.44872852010631603,0.0625,0.07291666666666666,5,0
10000,4406,0.43933395749325277,0.8020721082684563,0.06770833333333333,0.03676804357694054,1.0,0,1,105,3,0.4299393948801895,0.44872852010631603,0.0625,0.07291666666666666,5,0
10000,4481,0.43933395749325277,0.8020721082684563,0.06770833333333333,0.033697835304619506,1.0,0,1,105,4,0.4299393948801895,0.44872852010631603,0.0625,0.07291666666666666,5,0
10000,4388,0.43933395749325277,0.8020721082684563,0.06770833333333333,0.03691886964448496,1.0,0,1,105,5,0.4299393948801895,0.44872852010631603,0.0625,0.07291666666666666,5,0
10000,4365,0.43933395749325277,0.8020721082684563,0.06770833333333333,0.03619702176403208,1.0,0,0,105,6,0.4299393948801895,0.44872852010631603,0.0625,0.07291666666666666,5,0
10000,4409,0.43933395749325277,0.8020721082684563,0.06770833333333333,0.03243365842594693,1.0,0,0,105,7,0.4299393948801895,0.44872852010631603,0.0625,0.07291666666666666,5,0
10000,4386,0.43933395749325277,0.8020721082684563,0.06770833333333333,0.03625170998632011,1.0,0,1,105,8,0.4299393948801895,0.44872852010631603,0.0625,0.07291666666666666,5,0
10000,4281,0.43933395749325277,0.8020721082684563,0.06770833333333333,0.03597290352721327,1.0,0,1,105,9,0.4299393948801895,0.44872852010631603,0.0625,0.07291666666666666,5,0
10000,4420,0.43933395749325277,0.8216435757849828,0.07812499999999996,0.03733031674208145,1.0,0,1,106,0,0.4299393948801895,0.44872852010631603,0.07291666666666666,0.08333333333333333,5,1
10000,4460,0.43933395749325277,0.8216435757849828,0.07812499999999996,0.03071748878923767,1.0,0,1,106,1,0.4299393948801895,0.44872852010631603,0.07291666666666666,0.08333333333333333,5,1
10000,4399,0.43933395749325277,0.8216435757849828,0.07812499999999996,0.03296203682655149,1.0,0,1,106,2,0.4299393948801895,0.44872852010631603,0.07291666666666666,0.08333333333333333,5,1
10000,4358,0.43933395749325277,0.8216435757849828,0.07812499999999996,0.029600734281780634,1.0,0,1,106,3,0.4299393948801895,0.44872852010631603,0.07291666666666666,0.08333333333333333,5,1
10000,4418,0.43933395749325277,0.8216435757849828,0.07812499999999996,0.030330466274332276,1.0,1,1,106,4,0.4299393948801895,0.44872852010631603,0.07291666666666666,0.08333333333333333,5,1
10000,4336,0.43933395749325277,0.8216435757849828,0.07812499999999996,0.03367158671586716,1.0,0,1,106,5,0.4299393948801895,0.44872852010631603,0.07291666666666666,0.08333333333333333,5,1
10000,4442,0.43933395749325277,0.8216435757849828,0.07812499999999996,0.03219270598829356,1.0,0,1,106,6,0.4299393948801895,0.44872852010631603,0.07291666666666666,0.08333333333333333,5,1
10000,4249,0.43933395749325277,0.8216435757849828,0.07812499999999996,0.03247823017180513,1.0,0,1,106,7,0.4299393948801895,0.44872852010631603,0.07291666666666666,0.08333333333333333,5,1
10000,4446,0.43933395749325277,0.8216435757849828,0.07812499999999996,0.03148897885739991,1.0,0,1,106,8,0.4299393948801895,0.44872852010631603,0.07291666666666666,0.08333333333333333,5,1
10000,4409,0.43933395749325277,0.8216435757849828,0.07812499999999996,0.03175323202540259,1.0,0,1,106,9,0.4299393948801895,0.44872852010631603,0.07291666666666666,0.08333333333333333,5,1
10000,4392,0.43933395749325277,0.8216435757849828,0.07812499999999996,0.036885245901639344,1.0,1,1,106,10,0.4299393948801895,0.44872852010631603,0.07291666666666666,0.08333333333333333,5,1
10000,4325,0.43933395749325277,0.8216435757849828,0.07812499999999996,0.03329479768786127,1.0,0,1,106,11,0.4299393948801895,0.44872852010631603,0.07291666666666666,0.08333333333333333,5,1
10000,4415,0.43933395749325277,0.8216435757849828,0.07812499999999996,0.03352208380520951,1.0,1,1,106,12,0.4299393948801895,0.44872852010631603,0.07291666666666666,0.08333333333333333,5,1
10000,4558,0.43933395749325277,0.8216435757849828,0.07812499999999996,0.03378674857393594,1.0,0,1,106,13,0.4299393948801895,0.44872852010631603,0.07291666666666666,0.08333333333333333,5,1
10000,4472,0.43933395749325277,0.8216435757849828,0.07812499999999996,0.03197674418604651,1.0,0,1,106,14,0.4299393948801895,0.44872852010631603,0.07291666666666666,0.08333333333333333,5,1
10000,4391,0.43933395749325277,0.8216435757849828,0.07812499999999996,0.03393304486449556,1.0,0,1,106,15,0.4299393948801895,0.44872852010631603,0.07291666666666666,0.08333333333333333,5,1
10000,4442,0.43933395749325277,0.8216435757849828,0.07812499999999996,0.03061683926159388,1.0,0,1,106,16,0.4299393948801895,0.44872852010631603,0.07291666666666666,0.08333333333333333,5,1
10000,4491,0.43933395749325277,0.8216435757849828,0.07812499999999996,0.03451347138721888,1.0,0,1,106,17,0.4299393948801895,0.44872852010631603,0.07291666666666666,0.08333333333333333,5,1
10000,4335,0.43933395749325277,0.8216435757849828,0.07812499999999996,0.03552479815455594,1.0,0,1,106,18,0.4299393948801895,0.44872852010631603,0.07291666666666666,0.08333333333333333,5,1
10000,4403,0.43933395749325277,0.8216435757849828,0.07812499999999996,0.03202362025891438,1.0,0,1,106,19,0.4299393948801895,0.44872852010631603,0.07291666666666666,0.08333333333333333,5,1
10000,4675,0.46751764533244256,0.7683681880830886,0.05208333333333337,0.038502673796791446,1.0,0,0,107,0,0.44872852010631603,0.4863067705585691,0.041666666666666664,0.0625,4,0
10000,4639,0.46751764533244256,0.7683681880830886,0.05208333333333337,0.03190342746281526,1.0,0,1,107,1,0.44872852010631603,0.4863067705585691,0.041666666666666664,0.0625,4,0
10000,4684,0.46751764533244256,0.7683681880830886,0.05208333333333337,0.03437233134073441,1.0,0,0,107,2,0.44872852010631603,0.4863067705585691,0.041666666666666664,0.0625,4,0
10000,4672,0.46751764533244256,0.7683681880830886,0.05208333333333337,0.03210616438356165,1.0,0,1,107,3,0.44872852010631603,0.4863067705585691,0.041666666666666664,0.0625,4,0
10000,4677,0.46751764533244256,0.7683681880830886,0.05208333333333337,0.03399615137908916,1.0,0,0,107,4,0.44872852010631603,0.4863067705585691,0.041666666666666664,0.0625,4,0
10000,4606,0.46751764533244256,0.7683681880830886,0.05208333333333337,0.0377768128528007,1.0,0,1,107,5,0.44872852010631603,0.4863067705585691,0.041666666666666664,0.0625,4,0
10000,4576,0.46751764533244256,0.7683681880830886,0.05208333333333337,0.031687062937062936,1.0,0,0,107,6,0.44872852010631603,0.4863067705585691,0.041666666666666664,0.0625,4,0
10000,4648,0.46751764533244256,0.7683681880830886,0.05208333333333337,0.032271944922547334,1.0,0,0,107,7,0.44872852010631603,0.4863067705585691,0.041666666666666664,0.0625,4,0
10000,4672,0.46751764533244256,0.7683681880830886,0.05208333333333337,0.036601027397260275,1.0,0,1,107,8,0.44872852010631603,0.4863067705585691,0.041666666666666664,0.0625,4,0
10000,4788,0.46751764533244256,0.7683681880830886,0.05208333333333337,0.03341687552213868,1.0,0,1,107,9,0.44872852010631603,0.4863067705585691,0.041666666666666664,0.0625,4,0
10000,4619,0.4581230827193793,0.8020721082684563,0.06770833333333333,0.032907555747997405,1.0,0,1,108,0,0.44872852010631603,0.46751764533244256,0.0625,0.07291666666666666,5,0
10000,4544,0.4581230827193793,0.8020721082684563,0.06770833333333333,0.03125,1.0,0,1,108,1,0.44872852010631603,0.46751764533244256,0.0625,0.07291666666666666,5,0
10000,4493,0.4581230827193793,0.8020721082684563,0.06770833333333333,0.029824170932561764,1.0,0,1,108,2,0.44872852010631603,0.46751764533244256,0.0625,0.07291666666666666,5,0
10000,4507,0.4581230827193793,0.8020721082684563,0.06770833333333333,0.03483470157532727,1.0,0,1,108,3,0.44872852010631603,0.46751764533244256,0.0625,0.07291666666666666,5,0
10000,4505,0.4581230827193793,0.8020721082684563,0.06770833333333333,0.02974472807991121,1.0,0,1,108,4,0.44872852010631603,0.46751764533244256,0.0625,0.07291666666666666,5,0
10000,4654,0.4581230827193793,0.8020721082684563,0.06770833333333333,0.03308981521272024,1.0,0,1,108,5,0.44872852010631603,0.46751764533244256,0.0625,0.07291666666666666,5,0
10000,4604,0.4581230827193793,0.8020721082684563,0.06770833333333333,0.03518679409209383,1.0,0,1,108,6,0.44872852010631603,0.46751764533244256,0.0625,0.07291666666666666,5,0
10000,4578,0.4581230827193793,0.8020721082684563,0.06770833333333333,0.03298383573612931,1.0,0,1,108,7,0.44872852010631603,0.46751764533244256,0.0625,0.07291666666666666,5,0
10000,4554,0.4581230827193793,0.8020721082684563,0.06770833333333333,0.034475186649099696,1.0,0,1,108,8,0.44872852010631603,0.46751764533244256,0.0625,0.07291666666666666,5,0
10000,4552,0.4581230827193793,0.8020721082684563,0.06770833333333333,0.03492970123022847,1.0,0,1,108,9,0.44872852010631603,0.46751764533244256,0.0625,0.07291666666666666,5,0
10000,4564,0.4581230827193793,0.8216435757849828,0.07812499999999996,0.03659070990359334,1.0,1,1,109,0,0.44872852010631603,0.46751764533244256,0.07291666666666666,0.08333333333333333,5,1
10000,4598,0.4581230827193793,0.8216435757849828,0.07812499999999996,0.03001304915180513,1.0,1,1,109,1,0.44872852010631603,0.46751764533244256,0.07291666666666666,0.08333333333333333,5,1
10000,4586,0.4581230827193793,0.8216435757849828,0.07812499999999996,0.03619712167466201,1.0,0,1,109,2,0.44872852010631603,0.46751764533244256,0.07291666666666666,0.08333333333333333,5,1
10000,4492,0.4581230827193793,0.8216435757849828,0.07812499999999996,0.030721282279608193,1.0,0,1,109,3,0.44872852010631603,0.46751764533244256,0.07291666666666666,0.08333333333333333,5,1
10000,4627,0.4581230827193793,0.8216435757849828,0.07812499999999996,0.035444132267127726,1.0,0,1,109,4,0.44872852010631603,0.46751764533244256,0.07291666666666666,0.08333333333333333,5,1
10000,4605,0.4581230827193793,0.8216435757849828,0.07812499999999996,0.03691639522258415,1.0,0,1,109,5,0.44872852010631603,0.46751764533244256,0.07291666666666666,0.08333333333333333,5,1
10000,4565,0.4581230827193793,0.8216435757849828,0.07812499999999996,0.03789704271631982,1.0,0,1,109,6,0.44872852010631603,0.46751764533244256,0.07291666666666666,0.08333333333333333,5,1
10000,4528,0.4581230827193793,0.8216435757849828,0.07812499999999996,0.03643992932862191,1.0,0,0,109,7,0.44872852010631603,0.46751764533244256,0.07291666666666666,0.08333333333333333,5,1
10000,4534,0.4581230827193793,0.8216435757849828,0.07812499999999996,0.03462726069695633,1.0,0,1,109,8,0.44872852010631603,0.46751764533244256,0.07291666666666666,0.08333333333333333,5,1
10000,4578,0.4581230827193793,0.8216435757849828,0.07812499999999996,0.03429445172564439,1.0,0,1,109,9,0.44872852010631603,0.46751764533244256,0.07291666666666666,0.08333333333333333,5,1
10000,4477,0.4581230827193793,0.8216435757849828,0.07812499999999996,0.030600848782666966,1.0,0,1,109,10,0.44872852010631603,0.46751764533244256,0.07291666666666666,0.08333333333333333,5,1
10000,4615,0.4581230827193793,0.8216435757849828,0.07812499999999996,0.03228602383531961,1.0,0,1,109,11,0.44872852010631603,0.46751764533244256,0.07291666666666666,0.08333333333333333,5,1
10000,4654,0.4581230827193793,0.8216435757849828,0.07812499999999996,0.03459389772238934,1.0,0,1,109,12,0.44872852010631603,0.46751764533244256,0.07291666666666666,0.08333333333333333,5,1
10000,4580,0.4581230827193793,0.8216435757849828,0.07812499999999996,0.03427947598253275,1.0,0,1,109,13,0.44872852010631603,0.46751764533244256,0.07291666666666666,0.08333333333333333,5,1
10000,4518,0.4581230827193793,0.8216435757849828,0.07812499999999996,0.03032315183709606,1.0,0,1,109,14,0.44872852010631603,0.46751764533244256,0.07291666666666666,0.08333333333333333,5,1
10000,4497,0.4581230827193793,0.8216435757849828,0.07812499999999996,0.03624638647987547,1.0,0,1,109,15,0.44872852010631603,0.46751764533244256,0.07291666666666666,0.08333333333333333,5,1
10000,4552,0.4581230827193793,0.8216435757849828,0.07812499999999996,0.036687170474516695,1.0,0,1,109,16,0.44872852010631603,0.46751764533244256,0.07291666666666666,0.08333333333333333,5,1
10000,4553,0.4581230827193793,0.8216435757849828,0.07812499999999996,0.03250603997364375,1.0,0,1,109,17,0.44872852010631603,0.46751764533244256,0.07291666666666666,0.08333333333333333,5,1
10000,4578,0.4581230827193793,0.8216435757849828,0.07812499999999996,0.03429445172564439,1.0,0,1,109,18,0.44872852010631603,0.46751764533244256,0.07291666666666666,0.08333333333333333,5,1
10000,4686,0.4581230827193793,0.8216435757849828,0.07812499999999996,0.03201024327784891,1.0,0,1,109,19,0.44872852010631603,0.46751764533244256,0.07291666666666666,0.08333333333333333,5,1
10000,4841,0.4769122079455058,0.8020721082684563,0.06770833333333333,0.03325759140673414,1.0,0,1,110,0,0.46751764533244256,0.4863067705585691,0.0625,0.07291666666666666,5,1
10000,4785,0.4769122079455058,0.8020721082684563,0.06770833333333333,0.03803552769070011,1.0,0,1,110,1,0.46751764533244256,0.4863067705585691,0.0625,0.07291666666666666,5,1
10000,4804,0.4769122079455058,0.8020721082684563,0.06770833333333333,0.03871773522064946,1.0,0,1,110,2,0.46751764533244256,0.4863067705585691,0.0625,0.07291666666666666,5,1
10000,4787,0.4769122079455058,0.8020721082684563,0.06770833333333333,0.03384165448088573,1.0,0,1,110,3,0.46751764533244256,0.4863067705585691,0.0625,0.07291666666666666,5,1
10000,4827,0.4769122079455058,0.8020721082684563,0.06770833333333333,0.035218562253987985,1.0,0,1,110,4,0.46751764533244256,0.4863067705585691,0.0625,0.07291666666666666,5,1
10000,4708,0.4769122079455058,0.8020721082684563,0.06770833333333333,0.031011045029736617,1.0,0,1,110,5,0.46751764533244256,0.4863067705585691,0.0625,0.07291666666666666,5,1
10000,4754,0.4769122079455058,0.8020721082684563,0.06770833333333333,0.0342869162810265,1.0,0,1,110,6,0.46751764533244256,0.4863067705585691,0.0625,0.07291666666666666,5,1
10000,4763,0.4769122079455058,0.8020721082684563,0.06770833333333333,0.030652949821541046,1.0,0,1,110,7,0.46751764533244256,0.4863067705585691,0.0625,0.07291666666666666,5,1
10000,4865,0.4769122079455058,0.8020721082684563,0.06770833333333333,0.037204522096608426,1.0,0,1,110,8,0.46751764533244256,0.4863067705585691,0.0625,0.07291666666666666,5,1
10000,4786,0.4769122079455058,0.8020721082684563,0.06770833333333333,0.03301295445048057,1.0,0,1,110,9,0.46751764533244256,0.4863067705585691,0.0625,0.07291666666666666,5,1
10000,4653,0.4769122079455058,0.8020721082684563,0.06770833333333333,0.03159252095422308,1.0,0,1,110,10,0.46751764533244256,0.4863067705585691,0.0625,0.07291666666666666,5,1
10000,4650,0.4769122079455058,0.8020721082684563,0.06770833333333333,0.03333333333333333,1.0,0,1,110,11,0.46751764533244256,0.4863067705585691,0.0625,0.07291666666666666,5,1
10000,4897,0.4769122079455058,0.8020721082684563,0.06770833333333333,0.02858893199918317,1.0,0,1,110,12,0.46751764533244256,0.4863067705585691,0.0625,0.07291666666666666,5,1
10000,4769,0.4769122079455058,0.8020721082684563,0.06770833333333333,0.03313063535332355,1.0,0,1,110,13,0.46751764533244256,0.4863067705585691,0.0625,0.07291666666666666,5,1
10000,4809,0.4769122079455058,0.8020721082684563,0.06770833333333333,0.027656477438136828,1.0,0,1,110,14,0.46751764533244256,0.4863067705585691,0.0625,0.07291666666666666,5,1
10000,4856,0.4769122079455058,0.8020721082684563,0.06770833333333333,0.03130148270181219,1.0,0,1,110,15,0.46751764533244256,0.4863067705585691,0.0625,0.07291666666666666,5,1
10000,4863,0.4769122079455058,0.8020721082684563,0.06770833333333333,0.030845157310302282,1.0,0,1,110,16,0.46751764533244256,0.4863067705585691,0.0625,0.07291666666666666,5,1
10000,4819,0.4769122079455058,0.8020721082684563,0.06770833333333333,0.03050425399460469,1.0,0,1,110,17,0.46751764533244256,0.4863067705585691,0.0625,0.07291666666666666,5,1
10000,4780,0.4769122079455058,0.8020721082684563,0.06770833333333333,0.0299163179916318,1.0,0,1,110,18,0.46751764533244256,0.4863067705585691,0.0625,0.07291666666666666,5,1
10000,4759,0.4769122079455058,0.8020721082684563,0.06770833333333333,0.031939483084681655,1.0,0,1,110,19,0.46751764533244256,0.4863067705585691,0.0625,0.07291666666666666,5,1
10000,4663,0.4769122079455058,0.8216435757849828,0.07812499999999996,0.03173922367574523,1.0,0,1,111,0,0.46751764533244256,0.4863067705585691,0.07291666666666666,0.08333333333333333,5,1
10000,4763,0.4769122079455058,0.8216435757849828,0.07812499999999996,0.029813142977115265,1.0,1,1,111,1,0.46751764533244256,0.4863067705585691,0.07291666666666666,0.08333333333333333,5,1
10000,4743,0.4769122079455058,0.8216435757849828,0.07812499999999996,0.03478810879190386,1.0,0,1,111,2,0.46751764533244256,0.4863067705585691,0.07291666666666666,0.08333333333333333,5,1
10000,4606,0.4769122079455058,0.8216435757849828,0.07812499999999996,0.03256621797655232,1.0,0,1,111,3,0.46751764533244256,0.4863067705585691,0.07291666666666666,0.08333333333333333,5,1
10000,4767,0.4769122079455058,0.8216435757849828,0.07812499999999996,0.03314453534717852,1.0,0,1,111,4,0.46751764533244256,0.4863067705585691,0.07291666666666666,0.08333333333333333,5,1
10000,4835,0.4769122079455058,0.8216435757849828,0.07812499999999996,0.034953464322647364,1.0,0,1,111,5,0.46751764533244256,0.4863067705585691,0.07291666666666666,0.08333333333333333,5,1
10000,4608,0.4769122079455058,0.8216435757849828,0.07812499999999996,0.03689236111111111,1.0,0,1,111,6,0.46751764533244256,0.4863067705585691,0.07291666666666666,0.08333333333333333,5,1
10000,4681,0.4769122079455058,0.8216435757849828,0.07812499999999996,0.03353984191412091,1.0,0,1,111,7,0.46751764533244256,0.4863067705585691,0.07291666666666666,0.08333333333333333,5,1
10000,4841,0.4769122079455058,0.8216435757849828,0.07812499999999996,0.02912621359223301,1.0,1,1,111,8,0.46751764533244256,0.4863067705585691,0.07291666666666666,0.08333333333333333,5,1
10000,4768,0.4769122079455058,0.8216435757849828,0.07812499999999996,0.030620805369127518,1.0,0,1,111,9,0.46751764533244256,0.4863067705585691,0.07291666666666666,0.08333333333333333,5,1
10000,4777,0.4769122079455058,0.8216435757849828,0.07812499999999996,0.028469750889679714,1.0,0,1,111,10,0.46751764533244256,0.4863067705585691,0.07291666666666666,0.08333333333333333,5,1
10000,4673,0.4769122079455058,0.8216435757849828,0.07812499999999996,0.03445324202867537,1.0,0,1,111,11,0.46751764533244256,0.4863067705585691,0.07291666666666666,0.08333333333333333,5,1
10000,4873,0.4769122079455058,0.8216435757849828,0.07812499999999996,0.03550174430535604,1.0,0,1,111,12,0.46751764533244256,0.4863067705585691,0.07291666666666666,0.08333333333333333,5,1
10000,4850,0.4769122079455058,0.8216435757849828,0.07812499999999996,0.031958762886597936,1.0,0,1,111,13,0.46751764533244256,0.4863067705585691,0.07291666666666666,0.08333333333333333,5,1
10000,4851,0.4769122079455058,0.8216435757849828,0.07812499999999996,0.03463203463203463,1.0,0,1,111,14,0.46751764533244256,0.4863067705585691,0.07291666666666666,0.08333333333333333,5,1
10000,4749,0.4769122079455058,0.8216435757849828,0.07812499999999996,0.03200673826068646,1.0,0,1,111,15,0.46751764533244256,0.4863067705585691,0.07291666666666666,0.08333333333333333,5,1
10000,4646,0.4769122079455058,0.8216435757849828,0.07812499999999996,0.03659061558329746,1.0,0,1,111,16,0.46751764533244256,0.4863067705585691,0.07291666666666666,0.08333333333333333,5,1
10000,4779,0.4769122079455058,0.8216435757849828,0.07812499999999996,0.03787403222431471,1.0,0,1,111,17,0.46751764533244256,0.4863067705585691,0.07291666666666666,0.08333333333333333,5,1
10000,4685,0.4769122079455058,0.8216435757849828,0.07812499999999996,0.03351120597652081,1.0,0,1,111,18,0.46751764533244256,0.4863067705585691,0.07291666666666666,0.08333333333333333,5,1
10000,4801,0.4769122079455058,0.8216435757849828,0.07812499999999996,0.03457612997292231,1.0,0,1,111,19,0.46751764533244256,0.4863067705585691,0.07291666666666666,0.08333333333333333,5,1
10000,3493,0.34538833136262015,0.8393719785777105,0.08854166666666667,0.03120526767821357,1.0,0,1,112,0,0.33599376874955683,0.3547828939756834,0.08333333333333333,0.09375,5,0
10000,3476,0.34538833136262015,0.8393719785777105,0.08854166666666667,0.03308400460299195,1.0,0,1,112,1,0.33599376874955683,0.3547828939756834,0.08333333333333333,0.09375,5,0
10000,3362,0.34538833136262015,0.8393719785777105,0.08854166666666667,0.03242117787031529,1.0,0,1,112,2,0.33599376874955683,0.3547828939756834,0.08333333333333333,0.09375,5,0
10000,3394,0.34538833136262015,0.8393719785777105,0.08854166666666667,0.030642309958750738,1.0,0,1,112,3,0.33599376874955683,0.3547828939756834,0.08333333333333333,0.09375,5,0
10000,3380,0.34538833136262015,0.8393719785777105,0.08854166666666667,0.03875739644970414,1.0,0,1,112,4,0.33599376874955683,0.3547828939756834,0.08333333333333333,0.09375,5,0
10000,3445,0.34538833136262015,0.8393719785777105,0.08854166666666667,0.0351233671988389,1.0,0,1,112,5,0.33599376874955683,0.3547828939756834,0.08333333333333333,0.09375,5,0
10000,3397,0.34538833136262015,0.8393719785777105,0.08854166666666667,0.03385340005887548,1.0,0,1,112,6,0.33599376874955683,0.3547828939756834,0.08333333333333333,0.09375,5,0
10000,3519,0.34538833136262015,0.8393719785777105,0.08854166666666667,0.03694231315714692,1.0,0,1,112,7,0.33599376874955683,0.3547828939756834,0.08333333333333333,0.09375,5,0
10000,3517,0.34538833136262015,0.8393719785777105,0.08854166666666667,0.03582598805800398,1.0,0,1,112,8,0.33599376874955683,0.3547828939756834,0.08333333333333333,0.09375,5,0
10000,3557,0.34538833136262015,0.8393719785777105,0.08854166666666667,0.02980039359010402,1.0,0,1,112,9,0.33599376874955683,0.3547828939756834,0.08333333333333333,0.09375,5,0
10000,3462,0.34538833136262015,0.855533132905711,0.0989583333333333,0.03581744656268053,1.0,0,1,113,0,0.33599376874955683,0.3547828939756834,0.09375,0.10416666666666666,5,1
10000,3471,0.34538833136262015,0.855533132905711,0.0989583333333333,0.0365888792855085,1.0,0,1,113,1,0.33599376874955683,0.3547828939756834,0.09375,0.10416666666666666,5,1
10000,3355,0.34538833136262015,0.855533132905711,0.0989583333333333,0.03576751117734724,1.0,0,1,113,2,0.33599376874955683,0.3547828939756834,0.09375,0.10416666666666666,5,1
10000,3496,0.34538833136262015,0.855533132905711,0.0989583333333333,0.03718535469107551,1.0,0,1,113,3,0.33599376874955683,0.3547828939756834,0.09375,0.10416666666666666,5,1
10000,3379,0.34538833136262015,0.855533132905711,0.0989583333333333,0.02959455460195324,1.0,0,1,113,4,0.33599376874955683,0.3547828939756834,0.09375,0.10416666666666666,5,1
10000,3403,0.34538833136262015,0.855533132905711,0.0989583333333333,0.031148986188657066,1.0,0,1,113,5,0.33599376874955683,0.3547828939756834,0.09375,0.10416666666666666,5,1
10000,3424,0.34538833136262015,0.855533132905711,0.0989583333333333,0.03066588785046729,1.0,0,1,113,6,0.33599376874955683,0.3547828939756834,0.09375,0.10416666666666666,5,1
10000,3420,0.34538833136262015,0.855533132905711,0.0989583333333333,0.03450292397660819,1.0,0,1,113,7,0.33599376874955683,0.3547828939756834,0.09375,0.10416666666666666,5,1
10000,3496,0.34538833136262015,0.855533132905711,0.0989583333333333,0.03318077803203661,1.0,0,1,113,8,0.33599376874955683,0.3547828939756834,0.09375,0.10416666666666666,5,1
10000,3467,0.34538833136262015,0.855533132905711,0.0989583333333333,0.031439284684164986,1.0,0,1,113,9,0.33599376874955683,0.3547828939756834,0.09375,0.10416666666666666,5,1
10000,3516,0.34538833136262015,0.855533132905711,0.0989583333333333,0.03668941979522184,1.0,0,1,113,10,0.33599376874955683,0.3547828939756834,0.09375,0.10416666666666666,5,1
10000,3455,0.34538833136262015,0.855533132905711,0.0989583333333333,0.03154848046309696,1.0,1,1,113,11,0.33599376874955683,0.3547828939756834,0.09375,0.10416666666666666,5,1
10000,3368,0.34538833136262015,0.855533132905711,0.0989583333333333,0.03859857482185273,1.0,0,1,113,12,0.33599376874955683,0.3547828939756834,0.09375,0.10416666666666666,5,1
10000,3449,0.34538833136262015,0.855533132905711,0.0989583333333333,0.03102348506813569,1.0,0,1,113,13,0.33599376874955683,0.3547828939756834,0.09375,0.10416666666666666,5,1
10000,3438,0.34538833136262015,0.855533132905711,0.0989583333333333,0.028795811518324606,1.0,0,1,113,14,0.33599376874955683,0.3547828939756834,0.09375,0.10416666666666666,5,1
10000,3538,0.34538833136262015,0.855533132905711,0.0989583333333333,0.029112492933860937,1.0,0,1,113,15,0.33599376874955683,0.3547828939756834,0.09375,0.10416666666666666,5,1
10000,3474,0.34538833136262015,0.855533132905711,0.0989583333333333,0.03195164075993091,1.0,0,1,113,16,0.33599376874955683,0.3547828939756834,0.09375,0.10416666666666666,5,1
10000,3491,0.34538833136262015,0.855533132905711,0.0989583333333333,0.03437410484101976,1.0,0,1,113,17,0.33599376874955683,0.3547828939756834,0.09375,0.10416666666666666,5,1
10000,3564,0.34538833136262015,0.855533132905711,0.0989583333333333,0.03198653198653199,1.0,0,1,113,18,0.33599376874955683,0.3547828939756834,0.09375,0.10416666666666666,5,1
10000,3550,0.34538833136262015,0.855533132905711,0.0989583333333333,0.03267605633802817,1.0,0,1,113,19,0.33599376874955683,0.3547828939756834,0.09375,0.10416666666666666,5,1
10000,3598,0.3641774565887467,0.8393719785777105,0.08854166666666667,0.032518065591995556,1.0,0,1,114,0,0.3547828939756834,0.37357201920180994,0.08333333333333333,0.09375,5,0
10000,3524,0.3641774565887467,0.8393719785777105,0.08854166666666667,0.030930760499432462,1.0,0,1,114,1,0.3547828939756834,0.37357201920180994,0.08333333333333333,0.09375,5,0
10000,3573,0.3641774565887467,0.8393719785777105,0.08854166666666667,0.034144976210467394,1.0,0,0,114,2,0.3547828939756834,0.37357201920180994,0.08333333333333333,0.09375,5,0
10000,3670,0.3641774565887467,0.8393719785777105,0.08854166666666667,0.03487738419618529,1.0,0,1,114,3,0.3547828939756834,0.37357201920180994,0.08333333333333333,0.09375,5,0
10000,3594,0.3641774565887467,0.8393719785777105,0.08854166666666667,0.027267668336115748,1.0,0,1,114,4,0.3547828939756834,0.37357201920180994,0.08333333333333333,0.09375,5,0
10000,3699,0.3641774565887467,0.8393719785777105,0.08854166666666667,0.032170856988375233,1.0,0,1,114,5,0.3547828939756834,0.37357201920180994,0.08333333333333333,0.09375,5,0
10000,3766,0.3641774565887467,0.8393719785777105,0.08854166666666667,0.035847052575677114,1.0,0,1,114,6,0.3547828939756834,0.37357201920180994,0.08333333333333333,0.09375,5,0
10000,3669,0.3641774565887467,0.8393719785777105,0.08854166666666667,0.028890705914418096,1.0,1,1,114,7,0.3547828939756834,0.37357201920180994,0.08333333333333333,0.09375,5,0
10000,3692,0.3641774565887467,0.8393719785777105,0.08854166666666667,0.03737811484290358,1.0,0,1,114,8,0.3547828939756834,0.37357201920180994,0.08333333333333333,0.09375,5,0
10000,3714,0.3641774565887467,0.8393719785777105,0.08854166666666667,0.03365643511039311,1.0,0,1,114,9,0.3547828939756834,0.37357201920180994,0.08333333333333333,0.09375,5,0
10000,3546,0.3641774565887467,0.855533132905711,0.0989583333333333,0.0338409475465313,1.0,1,1,115,0,0.3547828939756834,0.37357201920180994,0.09375,0.10416666666666666,5,1
10000,3609,0.3641774565887467,0.855533132905711,0.0989583333333333,0.03214186755333887,1.0,0,1,115,1,0.3547828939756834,0.37357201920180994,0.09375,0.10416666666666666,5,1
10000,3607,0.3641774565887467,0.855533132905711,0.0989583333333333,0.036872747435542,1.0,0,1,115,2,0.3547828939756834,0.37357201920180994,0.09375,0.10416666666666666,5,1
10000,3641,0.3641774565887467,0.855533132905711,0.0989583333333333,0.03323262839879154,1.0,1,1,115,3,0.3547828939756834,0.37357201920180994,0.09375,0.10416666666666666,5,1
10000,3752,0.3641774565887467,0.855533132905711,0.0989583333333333,0.03624733475479744,1.0,0,1,115,4,0.3547828939756834,0.37357201920180994,0.09375,0.10416666666666666,5,1
10000,3605,0.3641774565887467,0.855533132905711,0.0989583333333333,0.0319001386962552,1.0,0,1,115,5,0.3547828939756834,0.37357201920180994,0.09375,0.10416666666666666,5,1
10000,3630,0.3641774565887467,0.855533132905711,0.0989583333333333,0.02865013774104683,1.0,0,1,115,6,0.3547828939756834,0.37357201920180994,0.09375,0.10416666666666666,5,1
10000,3624,0.3641774565887467,0.855533132905711,0.0989583333333333,0.0380794701986755,1.0,0,1,115,7,0.3547828939756834,0.37357201920180994,0.09375,0.10416666666666666,5,1
10000,3665,0.3641774565887467,0.855533132905711,0.0989583333333333,0.03819918144611187,1.0,0,1,115,8,0.3547828939756834,0.37357201920180994,0.09375,0.10416666666666666,5,1
10000,3651,0.3641774565887467,0.855533132905711,0.0989583333333333,0.040810736784442615,1.0,0,1,115,9,0.3547828939756834,0.37357201920180994,0.09375,0.10416666666666666,5,1
10000,3578,0.3641774565887467,0.855533132905711,0.0989583333333333,0.029625489100055896,1.0,0,1,115,10,0.3547828939756834,0.37357201920180994,0.09375,0.10416666666666666,5,1
10000,3630,0.3641774565887467,0.855533132905711,0.0989583333333333,0.03360881542699724,1.0,0,1,115,11,0.3547828939756834,0.37357201920180994,0.09375,0.10416666666666666,5,1
10000,3502,0.3641774565887467,0.855533132905711,0.0989583333333333,0.03312392918332382,1.0,0,1,115,12,0.3547828939756834,0.37357201920180994,0.09375,0.10416666666666666,5,1
10000,3595,0.3641774565887467,0.855533132905711,0.0989583333333333,0.03226703755215577,1.0,0,1,115,13,0.3547828939756834,0.37357201920180994,0.09375,0.10416666666666666,5,1
10000,3469,0.3641774565887467,0.855533132905711,0.0989583333333333,0.03689824156817527,1.0,0,1,115,14,0.3547828939756834,0.37357201920180994,0.09375,0.10416666666666666,5,1
10000,3573,0.3641774565887467,0.855533132905711,0.0989583333333333,0.028547439126784216,1.0,1,1,115,15,0.3547828939756834,0.37357201920180994,0.09375,0.10416666666666666,5,1
10000,3538,0.3641774565887467,0.855533132905711,0.0989583333333333,0.03759185980780102,1.0,0,1,115,16,0.3547828939756834,0.37357201920180994,0.09375,0.10416666666666666,5,1
10000,3790,0.3641774565887467,0.855533132905711,0.0989583333333333,0.03245382585751979,1.0,1,1,115,17,0.3547828939756834,0.37357201920180994,0.09375,0.10416666666666666,5,1
10000,3626,0.3641774565887467,0.855533132905711,0.0989583333333333,0.03530060672917816,1.0,0,1,115,18,0.3547828939756834,0.37357201920180994,0.09375,0.10416666666666666,5,1
10000,3567,0.3641774565887467,0.855533132905711,0.0989583333333333,0.032520325203252036,1.0,0,1,115,19,0.3547828939756834,0.37357201920180994,0.09375,0.10416666666666666,5,1
10000,3473,0.34538833136262015,0.8703322779528542,0.10937500000000004,0.030233227756982436,1.0,0,1,116,0,0.33599376874955683,0.3547828939756834,0.10416666666666666,0.11458333333333333,5,1
10000,3600,0.34538833136262015,0.8703322779528542,0.10937500000000004,0.034444444444444444,1.0,1,1,116,1,0.33599376874955683,0.3547828939756834,0.10416666666666666,0.11458333333333333,5,1
10000,3538,0.34538833136262015,0.8703322779528542,0.10937500000000004,0.035330695308083665,1.0,1,1,116,2,0.33599376874955683,0.3547828939756834,0.10416666666666666,0.11458333333333333,5,1
10000,3450,0.34538833136262015,0.8703322779528542,0.10937500000000004,0.030144927536231884,1.0,0,1,116,3,0.33599376874955683,0.3547828939756834,0.10416666666666666,0.11458333333333333,5,1
10000,3442,0.34538833136262015,0.8703322779528542,0.10937500000000004,0.031086577571179545,1.0,1,1,116,4,0.33599376874955683,0.3547828939756834,0.10416666666666666,0.11458333333333333,5,1
10000,3524,0.34538833136262015,0.8703322779528542,0.10937500000000004,0.03036322360953462,1.0,0,1,116,5,0.33599376874955683,0.3547828939756834,0.10416666666666666,0.11458333333333333,5,1
10000,3426,0.34538833136262015,0.8703322779528542,0.10937500000000004,0.03123175715119673,1.0,1,1,116,6,0.33599376874955683,0.3547828939756834,0.10416666666666666,0.11458333333333333,5,1
10000,3451,0.34538833136262015,0.8703322779528542,0.10937500000000004,0.032164589973920604,1.0,1,1,116,7,0.33599376874955683,0.3547828939756834,0.10416666666666666,0.11458333333333333,5,1
10000,3490,0.34538833136262015,0.8703322779528542,0.10937500000000004,0.029512893982808024,1.0,0,1,116,8,0.33599376874955683,0.3547828939756834,0.10416666666666666,0.11458333333333333,5,1
10000,3491,0.34538833136262015,0.8703322779528542,0.10937500000000004,0.030650243483242624,1.0,1,1,116,9,0.33599376874955683,0.3547828939756834,0.10416666666666666,0.11458333333333333,5,1
10000,3490,0.34538833136262015,0.8703322779528542,0.10937500000000004,0.030945558739255013,1.0,0,1,116,10,0.33599376874955683,0.3547828939756834,0.10416666666666666,0.11458333333333333,5,1
10000,3360,0.34538833136262015,0.8703322779528542,0.10937500000000004,0.033035714285714286,1.0,1,1,116,11,0.33599376874955683,0.3547828939756834,0.10416666666666666,0.11458333333333333,5,1
10000,3450,0.34538833136262015,0.8703322779528542,0.10937500000000004,0.030434782608695653,1.0,0,1,116,12,0.33599376874955683,0.3547828939756834,0.10416666666666666,0.11458333333333333,5,1
10000,3453,0.34538833136262015,0.8703322779528542,0.10937500000000004,0.027222704894294816,1.0,0,1,116,13,0.33599376874955683,0.3547828939756834,0.10416666666666666,0.11458333333333333,5,1
10000,3498,0.34538833136262015,0.8703322779528542,0.10937500000000004,0.03487707261292167,1.0,0,1,116,14,0.33599376874955683,0.3547828939756834,0.10416666666666666,0.11458333333333333,5,1
10000,3439,0.34538833136262015,0.8703322779528542,0.10937500000000004,0.0360569933120093,1.0,1,1,116,15,0.33599376874955683,0.3547828939756834,0.10416666666666666,0.11458333333333333,5,1
10000,3404,0.34538833136262015,0.8703322779528542,0.10937500000000004,0.02937720329024677,1.0,0,1,116,16,0.33599376874955683,0.3547828939756834,0.10416666666666666,0.11458333333333333,5,1
10000,3352,0.34538833136262015,0.8703322779528542,0.10937500000000004,0.026551312649164677,1.0,1,1,116,17,0.33599376874955683,0.3547828939756834,0.10416666666666666,0.11458333333333333,5,1
10000,3552,0.34538833136262015,0.8703322779528542,0.10937500000000004,0.030123873873873875,1.0,0,1,116,18,0.33599376874955683,0.3547828939756834,0.10416666666666666,0.11458333333333333,5,1
10000,3595,0.34538833136262015,0.8703322779528542,0.10937500000000004,0.03282336578581363,1.0,0,1,116,19,0.33599376874955683,0.3547828939756834,0.10416666666666666,0.11458333333333333,5,1
10000,3472,0.34538833136262015,0.8839269492283004,0.11979166666666659,0.0293778801843318,1.0,1,1,117,0,0.33599376874955683,0.3547828939756834,0.11458333333333333,0.125,5,0
10000,3461,0.34538833136262015,0.8839269492283004,0.11979166666666659,0.03409419242993354,1.0,0,1,117,1,0.33599376874955683,0.3547828939756834,0.11458333333333333,0.125,5,0
10000,3402,0.34538833136262015,0.8839269492283004,0.11979166666666659,0.03027630805408583,1.0,1,1,117,2,0.33599376874955683,0.3547828939756834,0.11458333333333333,0.125,5,0
10000,3468,0.34538833136262015,0.8839269492283004,0.11979166666666659,0.03027681660899654,1.0,0,1,117,3,0.33599376874955683,0.3547828939756834,0.11458333333333333,0.125,5,0
10000,3476,0.34538833136262015,0.8839269492283004,0.11979166666666659,0.028481012658227847,1.0,1,1,117,4,0.33599376874955683,0.3547828939756834,0.11458333333333333,0.125,5,0
10000,3497,0.34538833136262015,0.8839269492283004,0.11979166666666659,0.030883614526737203,1.0,1,1,117,5,0.33599376874955683,0.3547828939756834,0.11458333333333333,0.125,5,0
10000,3352,0.34538833136262015,0.8839269492283004,0.11979166666666659,0.03967780429594272,1.0,0,1,117,6,0.33599376874955683,0.3547828939756834,0.11458333333333333,0.125,5,0
10000,3480,0.34538833136262015,0.8839269492283004,0.11979166666666659,0.03045977011494253,1.0,0,1,117,7,0.33599376874955683,0.3547828939756834,0.11458333333333333,0.125,5,0
10000,3408,0.34538833136262015,0.8839269492283004,0.11979166666666659,0.03022300469483568,1.0,0,1,117,8,0.33599376874955683,0.3547828939756834,0.11458333333333333,0.125,5,0
10000,3507,0.34538833136262015,0.8839269492283004,0.11979166666666659,0.036783575705731396,1.0,0,1,117,9,0.33599376874955683,0.3547828939756834,0.11458333333333333,0.125,5,0
10000,3570,0.3641774565887467,0.8703322779528542,0.10937500000000004,0.03137254901960784,1.0,0,1,118,0,0.3547828939756834,0.37357201920180994,0.10416666666666666,0.11458333333333333,5,0
10000,3560,0.3641774565887467,0.8703322779528542,0.10937500000000004,0.03258426966292135,1.0,0,1,118,1,0.3547828939756834,0.37357201920180994,0.10416666666666666,0.11458333333333333,5,0
10000,3673,0.3641774565887467,0.8703322779528542,0.10937500000000004,0.029948271167982574,1.0,1,1,118,2,0.3547828939756834,0.37357201920180994,0.10416666666666666,0.11458333333333333,5,0
10000,3638,0.3641774565887467,0.8703322779528542,0.10937500000000004,0.031335898845519516,1.0,0,1,118,3,0.3547828939756834,0.37357201920180994,0.10416666666666666,0.11458333333333333,5,0
10000,3578,0.3641774565887467,0.8703322779528542,0.10937500000000004,0.030463946338736725,1.0,0,1,118,4,0.3547828939756834,0.37357201920180994,0.10416666666666666,0.11458333333333333,5,0
10000,3598,0.3641774565887467,0.8703322779528542,0.10937500000000004,0.039188438021122846,1.0,1,1,118,5,0.3547828939756834,0.37357201920180994,0.10416666666666666,0.11458333333333333,5,0
10000,3537,0.3641774565887467,0.8703322779528542,0.10937500000000004,0.033927056827820185,1.0,0,1,118,6,0.3547828939756834,0.37357201920180994,0.10416666666666666,0.11458333333333333,5,0
10000,3696,0.3641774565887467,0.8703322779528542,0.10937500000000004,0.028409090909090908,1.0,0,1,118,7,0.3547828939756834,0.37357201920180994,0.10416666666666666,0.11458333333333333,5,0
10000,3589,0.3641774565887467,0.8703322779528542,0.10937500000000004,0.03120646419615492,1.0,0,1,118,8,0.3547828939756834,0.37357201920180994,0.10416666666666666,0.11458333333333333,5,0
10000,3653,0.3641774565887467,0.8703322779528542,0.10937500000000004,0.030933479332055844,1.0,0,1,118,9,0.3547828939756834,0.37357201920180994,0.10416666666666666,0.11458333333333333,5,0
10000,3687,0.3641774565887467,0.8839269492283004,0.11979166666666659,0.034445348521833466,1.0,1,1,119,0,0.3547828939756834,0.37357201920180994,0.11458333333333333,0.125,5,0
10000,3798,0.3641774565887467,0.8839269492283004,0.11979166666666659,0.030279094260136915,1.0,1,1,119,1,0.3547828939756834,0.37357201920180994,0.11458333333333333,0.125,5,0
10000,3607,0.3641774565887467,0.8839269492283004,0.11979166666666659,0.034932076517881896,1.0,1,1,119,2,0.3547828939756834,0.37357201920180994,0.11458333333333333,0.125,5,0
10000,3674,0.3641774565887467,0.8839269492283004,0.11979166666666659,0.028579205225911813,1.0,1,1,119,3,0.3547828939756834,0.37357201920180994,0.11458333333333333,0.125,5,0
10000,3585,0.3641774565887467,0.8839269492283004,0.11979166666666659,0.031799163179916316,1.0,0,1,119,4,0.3547828939756834,0.37357201920180994,0.11458333333333333,0.125,5,0
10000,3654,0.3641774565887467,0.8839269492283004,0.11979166666666659,0.031746031746031744,1.0,0,1,119,5,0.3547828939756834,0.37357201920180994,0.11458333333333333,0.125,5,0
10000,3564,0.3641774565887467,0.8839269492283004,0.11979166666666659,0.034511784511784514,1.0,1,1,119,6,0.3547828939756834,0.37357201920180994,0.11458333333333333,0.125,5,0
10000,3544,0.3641774565887467,0.8839269492283004,0.11979166666666659,0.030191873589164784,1.0,1,1,119,7,0.3547828939756834,0.37357201920180994,0.11458333333333333,0.125,5,0
10000,3541,0.3641774565887467,0.8839269492283004,0.11979166666666659,0.030499858796950014,1.0,1,1,119,8,0.3547828939756834,0.37357201920180994,0.11458333333333333,0.125,5,0
10000,3669,0.3641774565887467,0.8839269492283004,0.11979166666666659,0.028618152085036794,1.0,0,1,119,9,0.3547828939756834,0.37357201920180994,0.11458333333333333,0.125,5,0
10000,3927,0.3829665818148732,0.8393719785777105,0.08854166666666667,0.03106697224344283,1.0,0,1,120,0,0.37357201920180994,0.39236114442793646,0.08333333333333333,0.09375,5,1
10000,3757,0.3829665818148732,0.8393719785777105,0.08854166666666667,0.030875698695767898,1.0,1,1,120,1,0.37357201920180994,0.39236114442793646,0.08333333333333333,0.09375,5,1
10000,3761,0.3829665818148732,0.8393719785777105,0.08854166666666667,0.0324381813347514,1.0,0,1,120,2,0.37357201920180994,0.39236114442793646,0.08333333333333333,0.09375,5,1
10000,3792,0.3829665818148732,0.8393719785777105,0.08854166666666667,0.034282700421940926,1.0,0,1,120,3,0.37357201920180994,0.39236114442793646,0.08333333333333333,0.09375,5,1
10000,3787,0.3829665818148732,0.8393719785777105,0.08854166666666667,0.03828888302086084,1.0,0,1,120,4,0.37357201920180994,0.39236114442793646,0.08333333333333333,0.09375,5,1
10000,3792,0.3829665818148732,0.8393719785777105,0.08854166666666667,0.0379746835443038,1.0,0,1,120,5,0.37357201920180994,0.39236114442793646,0.08333333333333333,0.09375,5,1
10000,3891,0.3829665818148732,0.8393719785777105,0.08854166666666667,0.02955538421999486,1.0,0,1,120,6,0.37357201920180994,0.39236114442793646,0.08333333333333333,0.09375,5,1
10000,3815,0.3829665818148732,0.8393719785777105,0.08854166666666667,0.029357798165137616,1.0,0,1,120,7,0.37357201920180994,0.39236114442793646,0.08333333333333333,0.09375,5,1
10000,3864,0.3829665818148732,0.8393719785777105,0.08854166666666667,0.02924430641821946,1.0,0,1,120,8,0.37357201920180994,0.39236114442793646,0.08333333333333333,0.09375,5,1
10000,3750,0.3829665818148732,0.8393719785777105,0.08854166666666667,0.028266666666666666,1.0,1,1,120,9,0.37357201920180994,0.39236114442793646,0.08333333333333333,0.09375,5,1
10000,3712,0.3829665818148732,0.8393719785777105,0.08854166666666667,0.03178879310344827,1.0,0,1,120,10,0.37357201920180994,0.39236114442793646,0.08333333333333333,0.09375,5,1
10000,3870,0.3829665818148732,0.8393719785777105,0.08854166666666667,0.03255813953488372,1.0,1,1,120,11,0.37357201920180994,0.39236114442793646,0.08333333333333333,0.09375,5,1
10000,3917,0.3829665818148732,0.8393719785777105,0.08854166666666667,0.03369925963747766,1.0,0,1,120,12,0.37357201920180994,0.39236114442793646,0.08333333333333333,0.09375,5,1
10000,3849,0.3829665818148732,0.8393719785777105,0.08854166666666667,0.03455442972200572,1.0,0,1,120,13,0.37357201920180994,0.39236114442793646,0.08333333333333333,0.09375,5,1
10000,3854,0.3829665818148732,0.8393719785777105,0.08854166666666667,0.031395952257394916,1.0,0,1,120,14,0.37357201920180994,0.39236114442793646,0.08333333333333333,0.09375,5,1
10000,3861,0.3829665818148732,0.8393719785777105,0.08854166666666667,0.02849002849002849,1.0,0,1,120,15,0.37357201920180994,0.39236114442793646,0.08333333333333333,0.09375,5,1
10000,3795,0.3829665818148732,0.8393719785777105,0.08854166666666667,0.03320158102766799,1.0,1,1,120,16,0.37357201920180994,0.39236114442793646,0.08333333333333333,0.09375,5,1
10000,3820,0.3829665818148732,0.8393719785777105,0.08854166666666667,0.03691099476439791,1.0,0,1,120,17,0.37357201920180994,0.39236114442793646,0.08333333333333333,0.09375,5,1
10000,3862,0.3829665818148732,0.8393719785777105,0.08854166666666667,0.03029518384256862,1.0,0,1,120,18,0.37357201920180994,0.39236114442793646,0.08333333333333333,0.09375,5,1
10000,3874,0.3829665818148732,0.8393719785777105,0.08854166666666667,0.03355704697986577,1.0,0,1,120,19,0.37357201920180994,0.39236114442793646,0.08333333333333333,0.09375,5,1
10000,3953,0.3829665818148732,0.855533132905711,0.0989583333333333,0.03415127751075133,1.0,1,1,121,0,0.37357201920180994,0.39236114442793646,0.09375,0.10416666666666666,5,1
10000,3939,0.3829665818148732,0.855533132905711,0.0989583333333333,0.027164254887027166,1.0,1,1,121,1,0.37357201920180994,0.39236114442793646,0.09375,0.10416666666666666,5,1
10000,3904,0.3829665818148732,0.855533132905711,0.0989583333333333,0.030737704918032786,1.0,1,1,121,2,0.37357201920180994,0.39236114442793646,0.09375,0.10416666666666666,5,1
10000,3879,0.3829665818148732,0.855533132905711,0.0989583333333333,0.03222480020623872,1.0,0,1,121,3,0.37357201920180994,0.39236114442793646,0.09375,0.10416666666666666,5,1
10000,3868,0.3829665818148732,0.855533132905711,0.0989583333333333,0.02456049638055843,1.0,0,1,121,4,0.37357201920180994,0.39236114442793646,0.09375,0.10416666666666666,5,1
10000,3871,0.3829665818148732,0.855533132905711,0.0989583333333333,0.0325497287522604,1.0,1,1,121,5,0.37357201920180994,0.39236114442793646,0.09375,0.10416666666666666,5,1
10000,3887,0.3829665818148732,0.855533132905711,0.0989583333333333,0.03138667352714176,1.0,0,1,121,6,0.37357201920180994,0.39236114442793646,0.09375,0.10416666666666666,5,1
10000,3900,0.3829665818148732,0.855533132905711,0.0989583333333333,0.03076923076923077,1.0,1,1,121,7,0.37357201920180994,0.39236114442793646,0.09375,0.10416666666666666,5,1
10000,3849,0.3829665818148732,0.855533132905711,0.0989583333333333,0.03273577552611068,1.0,1,1,121,8,0.37357201920180994,0.39236114442793646,0.09375,0.10416666666666666,5,1
10000,3815,0.3829665818148732,0.855533132905711,0.0989583333333333,0.0272608125819135,1.0,0,1,121,9,0.37357201920180994,0.39236114442793646,0.09375,0.10416666666666666,5,1
10000,3835,0.3829665818148732,0.855533132905711,0.0989583333333333,0.036766623207301175,1.0,0,1,121,10,0.37357201920180994,0.39236114442793646,0.09375,0.10416666666666666,5,1
10000,3884,0.3829665818148732,0.855533132905711,0.0989583333333333,0.03347064881565397,1.0,0,1,121,11,0.37357201920180994,0.39236114442793646,0.09375,0.10416666666666666,5,1
10000,3924,0.3829665818148732,0.855533132905711,0.0989583333333333,0.03236493374108053,1.0,0,1,121,12,0.37357201920180994,0.39236114442793646,0.09375,0.10416666666666666,5,1
10000,3784,0.3829665818148732,0.855533132905711,0.0989583333333333,0.030391120507399578,1.0,1,1,121,13,0.37357201920180994,0.39236114442793646,0.09375,0.10416666666666666,5,1
10000,3837,0.3829665818148732,0.855533132905711,0.0989583333333333,0.03752931978107897,1.0,1,1,121,14,0.37357201920180994,0.39236114442793646,0.09375,0.10416666666666666,5,1
10000,3859,0.3829665818148732,0.855533132905711,0.0989583333333333,0.03990671158331174,1.0,0,1,121,15,0.37357201920180994,0.39236114442793646,0.09375,0.10416666666666666,5,1
10000,3852,0.3829665818148732,0.855533132905711,0.0989583333333333,0.03686396677050883,1.0,0,1,121,16,0.37357201920180994,0.39236114442793646,0.09375,0.10416666666666666,5,1
10000,3723,0.3829665818148732,0.855533132905711,0.0989583333333333,0.035455278001611606,1.0,0,1,121,17,0.37357201920180994,0.39236114442793646,0.09375,0.10416666666666666,5,1
10000,3800,0.3829665818148732,0.855533132905711,0.0989583333333333,0.03,1.0,0,1,121,18,0.37357201920180994,0.39236114442793646,0.09375,0.10416666666666666,5,1
10000,3867,0.3829665818148732,0.855533132905711,0.0989583333333333,0.03491078355314197,1.0,1,1,121,19,0.37357201920180994,0.39236114442793646,0.09375,0.10416666666666666,5,1
10000,4023,0.4017557070409997,0.8393719785777105,0.08854166666666667,0.03479990057171265,1.0,0,1,122,0,0.39236114442793646,0.411150269654063,0.08333333333333333,0.09375,5,1
10000,3979,0.4017557070409997,0.8393719785777105,0.08854166666666667,0.028650414677054536,1.0,1,1,122,1,0.39236114442793646,0.411150269654063,0.08333333333333333,0.09375,5,1
10000,4035,0.4017557070409997,0.8393719785777105,0.08854166666666667,0.029987608426270136,1.0,0,1,122,2,0.39236114442793646,0.411150269654063,0.08333333333333333,0.09375,5,1
10000,4008,0.4017557070409997,0.8393719785777105,0.08854166666666667,0.031686626746506984,1.0,0,1,122,3,0.39236114442793646,0.411150269654063,0.08333333333333333,0.09375,5,1
10000,4019,0.4017557070409997,0.8393719785777105,0.08854166666666667,0.03831798954963921,1.0,0,1,122,4,0.39236114442793646,0.411150269654063,0.08333333333333333,0.09375,5,1
10000,4031,0.4017557070409997,0.8393719785777105,0.08854166666666667,0.03299429421979658,1.0,0,1,122,5,0.39236114442793646,0.411150269654063,0.08333333333333333,0.09375,5,1
10000,4141,0.4017557070409997,0.8393719785777105,0.08854166666666667,0.03598164694518232,1.0,0,1,122,6,0.39236114442793646,0.411150269654063,0.08333333333333333,0.09375,5,1
10000,3968,0.4017557070409997,0.8393719785777105,0.08854166666666667,0.03326612903225806,1.0,1,1,122,7,0.39236114442793646,0.411150269654063,0.08333333333333333,0.09375,5,1
10000,4010,0.4017557070409997,0.8393719785777105,0.08854166666666667,0.03192019950124688,1.0,0,1,122,8,0.39236114442793646,0.411150269654063,0.08333333333333333,0.09375,5,1
10000,4096,0.4017557070409997,0.8393719785777105,0.08854166666666667,0.03271484375,1.0,0,1,122,9,0.39236114442793646,0.411150269654063,0.08333333333333333,0.09375,5,1
10000,3952,0.4017557070409997,0.8393719785777105,0.08854166666666667,0.03289473684210526,1.0,0,1,122,10,0.39236114442793646,0.411150269654063,0.08333333333333333,0.09375,5,1
10000,3988,0.4017557070409997,0.8393719785777105,0.08854166666666667,0.03610832497492478,1.0,1,1,122,11,0.39236114442793646,0.411150269654063,0.08333333333333333,0.09375,5,1
10000,4003,0.4017557070409997,0.8393719785777105,0.08854166666666667,0.03172620534599051,1.0,0,1,122,12,0.39236114442793646,0.411150269654063,0.08333333333333333,0.09375,5,1
10000,4036,0.4017557070409997,0.8393719785777105,0.08854166666666667,0.03344895936570862,1.0,0,1,122,13,0.39236114442793646,0.411150269654063,0.08333333333333333,0.09375,5,1
10000,3961,0.4017557070409997,0.8393719785777105,0.08854166666666667,0.03610199444584701,1.0,0,1,122,14,0.39236114442793646,0.411150269654063,0.08333333333333333,0.09375,5,1
10000,3997,0.4017557070409997,0.8393719785777105,0.08854166666666667,0.029522141606204654,1.0,0,1,122,15,0.39236114442793646,0.411150269654063,0.08333333333333333,0.09375,5,1
10000,3962,0.4017557070409997,0.8393719785777105,0.08854166666666667,0.03356890459363958,1.0,0,1,122,16,0.39236114442793646,0.411150269654063,0.08333333333333333,0.09375,5,1
10000,4052,0.4017557070409997,0.8393719785777105,0.08854166666666667,0.02813425468904245,1.0,0,1,122,17,0.39236114442793646,0.411150269654063,0.08333333333333333,0.09375,5,1
10000,4041,0.4017557070409997,0.8393719785777105,0.08854166666666667,0.029200692897797576,1.0,0,1,122,18,0.39236114442793646,0.411150269654063,0.08333333333333333,0.09375,5,1
10000,4007,0.4017557070409997,0.8393719785777105,0.08854166666666667,0.03394060394309958,1.0,0,1,122,19,0.39236114442793646,0.411150269654063,0.08333333333333333,0.09375,5,1
10000,3980,0.4017557070409997,0.855533132905711,0.0989583333333333,0.030653266331658293,1.0,1,1,123,0,0.39236114442793646,0.411150269654063,0.09375,0.10416666666666666,5,0
10000,4082,0.4017557070409997,0.855533132905711,0.0989583333333333,0.034296913277805,1.0,1,1,123,1,0.39236114442793646,0.411150269654063,0.09375,0.10416666666666666,5,0
10000,4081,0.4017557070409997,0.855533132905711,0.0989583333333333,0.03357020338152414,1.0,0,1,123,2,0.39236114442793646,0.411150269654063,0.09375,0.10416666666666666,5,0
10000,4064,0.4017557070409997,0.855533132905711,0.0989583333333333,0.02952755905511811,1.0,1,1,123,3,0.39236114442793646,0.411150269654063,0.09375,0.10416666666666666,5,0
10000,3993,0.4017557070409997,0.855533132905711,0.0989583333333333,0.02804908590032557,1.0,1,1,123,4,0.39236114442793646,0.411150269654063,0.09375,0.10416666666666666,5,0
10000,3916,0.4017557070409997,0.855533132905711,0.0989583333333333,0.03038815117466803,1.0,0,1,123,5,0.39236114442793646,0.411150269654063,0.09375,0.10416666666666666,5,0
10000,3990,0.4017557070409997,0.855533132905711,0.0989583333333333,0.03107769423558897,1.0,0,1,123,6,0.39236114442793646,0.411150269654063,0.09375,0.10416666666666666,5,0
10000,3990,0.4017557070409997,0.855533132905711,0.0989583333333333,0.030576441102756893,1.0,0,1,123,7,0.39236114442793646,0.411150269654063,0.09375,0.10416666666666666,5,0
10000,4038,0.4017557070409997,0.855533132905711,0.0989583333333333,0.03789004457652303,1.0,1,1,123,8,0.39236114442793646,0.411150269654063,0.09375,0.10416666666666666,5,0
10000,4056,0.4017557070409997,0.855533132905711,0.0989583333333333,0.030325443786982247,1.0,0,1,123,9,0.39236114442793646,0.411150269654063,0.09375,0.10416666666666666,5,0
10000,3958,0.39236114442793646,0.8772717646140511,0.1145833333333333,0.034108135421930266,1.0,1,1,124,0,0.37357201920180994,0.411150269654063,0.10416666666666666,0.125,4,0
10000,3914,0.39236114442793646,0.8772717646140511,0.1145833333333333,0.034491568727644355,1.0,1,1,124,1,0.37357201920180994,0.411150269654063,0.10416666666666666,0.125,4,0
10000,3866,0.39236114442793646,0.8772717646140511,0.1145833333333333,0.030781169167097777,1.0,1,1,124,2,0.37357201920180994,0.411150269654063,0.10416666666666666,0.125,4,0
10000,3886,0.39236114442793646,0.8772717646140511,0.1145833333333333,0.035512094698919194,1.0,1,1,124,3,0.37357201920180994,0.411150269654063,0.10416666666666666,0.125,4,0
10000,3954,0.39236114442793646,0.8772717646140511,0.1145833333333333,0.03186646433990895,1.0,1,1,124,4,0.37357201920180994,0.411150269654063,0.10416666666666666,0.125,4,0
10000,3907,0.39236114442793646,0.8772717646140511,0.1145833333333333,0.030202201177373943,1.0,1,1,124,5,0.37357201920180994,0.411150269654063,0.10416666666666666,0.125,4,0
10000,3911,0.39236114442793646,0.8772717646140511,0.1145833333333333,0.02965993352083866,1.0,1,1,124,6,0.37357201920180994,0.411150269654063,0.10416666666666666,0.125,4,0
10000,3963,0.39236114442793646,0.8772717646140511,0.1145833333333333,0.03280343174362856,1.0,0,1,124,7,0.37357201920180994,0.411150269654063,0.10416666666666666,0.125,4,0
10000,4005,0.39236114442793646,0.8772717646140511,0.1145833333333333,0.03046192259675406,1.0,0,1,124,8,0.37357201920180994,0.411150269654063,0.10416666666666666,0.125,4,0
10000,3835,0.39236114442793646,0.8772717646140511,0.1145833333333333,0.027379400260756193,1.0,1,1,124,9,0.37357201920180994,0.411150269654063,0.10416666666666666,0.125,4,0
10000,3727,0.37357201920180994,0.9133986423538423,0.14583333333333334,0.03300241481083982,1.0,1,1,125,0,0.33599376874955683,0.411150269654063,0.125,0.16666666666666666,3,0
10000,3756,0.37357201920180994,0.9133986423538423,0.14583333333333334,0.03248136315228967,1.0,1,1,125,1,0.33599376874955683,0.411150269654063,0.125,0.16666666666666666,3,0
10000,3778,0.37357201920180994,0.9133986423538423,0.14583333333333334,0.032027527792482795,1.0,1,1,125,2,0.33599376874955683,0.411150269654063,0.125,0.16666666666666666,3,0
10000,3751,0.37357201920180994,0.9133986423538423,0.14583333333333334,0.02772593974940016,1.0,1,1,125,3,0.33599376874955683,0.411150269654063,0.125,0.16666666666666666,3,0
10000,3782,0.37357201920180994,0.9133986423538423,0.14583333333333334,0.03675304071919619,1.0,1,1,125,4,0.33599376874955683,0.411150269654063,0.125,0.16666666666666666,3,0
10000,3673,0.37357201920180994,0.9133986423538423,0.14583333333333334,0.03267084127416281,1.0,1,1,125,5,0.33599376874955683,0.411150269654063,0.125,0.16666666666666666,3,0
10000,3767,0.37357201920180994,0.9133986423538423,0.14583333333333334,0.03291744093443058,1.0,1,1,125,6,0.33599376874955683,0.411150269654063,0.125,0.16666666666666666,3,0
10000,3811,0.37357201920180994,0.9133986423538423,0.14583333333333334,0.030963001836788243,1.0,1,1,125,7,0.33599376874955683,0.411150269654063,0.125,0.16666666666666666,3,0
10000,3844,0.37357201920180994,0.9133986423538423,0.14583333333333334,0.031217481789802288,1.0,1,1,125,8,0.33599376874955683,0.411150269654063,0.125,0.16666666666666666,3,0
10000,3759,0.37357201920180994,0.9133986423538423,0.14583333333333334,0.03325352487363661,1.0,1,1,125,9,0.33599376874955683,0.411150269654063,0.125,0.16666666666666666,3,0
10000,4248,0.42054483226712625,0.8393719785777105,0.08854166666666667,0.038606403013182675,1.0,0,1,126,0,0.411150269654063,0.4299393948801895,0.08333333333333333,0.09375,5,1
10000,4201,0.42054483226712625,0.8393719785777105,0.08854166666666667,0.03142109021661509,1.0,1,1,126,1,0.411150269654063,0.4299393948801895,0.08333333333333333,0.09375,5,1
10000,4282,0.42054483226712625,0.8393719785777105,0.08854166666666667,0.03806632414759458,1.0,0,1,126,2,0.411150269654063,0.4299393948801895,0.08333333333333333,0.09375,5,1
10000,4272,0.42054483226712625,0.8393719785777105,0.08854166666666667,0.031132958801498127,1.0,1,1,126,3,0.411150269654063,0.4299393948801895,0.08333333333333333,0.09375,5,1
10000,4277,0.42054483226712625,0.8393719785777105,0.08854166666666667,0.030395136778115502,1.0,0,1,126,4,0.411150269654063,0.4299393948801895,0.08333333333333333,0.09375,5,1
10000,4178,0.42054483226712625,0.8393719785777105,0.08854166666666667,0.030397319291527048,1.0,0,1,126,5,0.411150269654063,0.4299393948801895,0.08333333333333333,0.09375,5,1
10000,4135,0.42054483226712625,0.8393719785777105,0.08854166666666667,0.029262394195888754,1.0,0,1,126,6,0.411150269654063,0.4299393948801895,0.08333333333333333,0.09375,5,1
10000,4233,0.42054483226712625,0.8393719785777105,0.08854166666666667,0.03425466572171037,1.0,0,1,126,7,0.411150269654063,0.4299393948801895,0.08333333333333333,0.09375,5,1
10000,4301,0.42054483226712625,0.8393719785777105,0.08854166666666667,0.029063008602650545,1.0,0,1,126,8,0.411150269654063,0.4299393948801895,0.08333333333333333,0.09375,5,1
10000,4098,0.42054483226712625,0.8393719785777105,0.08854166666666667,0.03294289897510981,1.0,0,1,126,9,0.411150269654063,0.4299393948801895,0.08333333333333333,0.09375,5,1
10000,4302,0.42054483226712625,0.8393719785777105,0.08854166666666667,0.03602975360297536,1.0,0,1,126,10,0.411150269654063,0.4299393948801895,0.08333333333333333,0.09375,5,1
10000,4366,0.42054483226712625,0.8393719785777105,0.08854166666666667,0.03298213467704993,1.0,0,1,126,11,0.411150269654063,0.4299393948801895,0.08333333333333333,0.09375,5,1
10000,4245,0.42054483226712625,0.8393719785777105,0.08854166666666667,0.03439340400471143,1.0,0,1,126,12,0.411150269654063,0.4299393948801895,0.08333333333333333,0.09375,5,1
10000,4159,0.42054483226712625,0.8393719785777105,0.08854166666666667,0.03125751382543881,1.0,0,0,126,13,0.411150269654063,0.4299393948801895,0.08333333333333333,0.09375,5,1
10000,4206,0.42054483226712625,0.8393719785777105,0.08854166666666667,0.034474560152163575,1.0,0,1,126,14,0.411150269654063,0.4299393948801895,0.08333333333333333,0.09375,5,1
10000,4237,0.42054483226712625,0.8393719785777105,0.08854166666666667,0.03563842341279207,1.0,0,1,126,15,0.411150269654063,0.4299393948801895,0.08333333333333333,0.09375,5,1
10000,4293,0.42054483226712625,0.8393719785777105,0.08854166666666667,0.031446540880503145,1.0,0,1,126,16,0.411150269654063,0.4299393948801895,0.08333333333333333,0.09375,5,1
10000,4207,0.42054483226712625,0.8393719785777105,0.08854166666666667,0.035892560019015925,1.0,1,1,126,17,0.411150269654063,0.4299393948801895,0.08333333333333333,0.09375,5,1
10000,4233,0.42054483226712625,0.8393719785777105,0.08854166666666667,0.031892274982282066,1.0,0,1,126,18,0.411150269654063,0.4299393948801895,0.08333333333333333,0.09375,5,1
10000,4231,0.42054483226712625,0.8393719785777105,0.08854166666666667,0.03001654455211534,1.0,0,1,126,19,0.411150269654063,0.4299393948801895,0.08333333333333333,0.09375,5,1
10000,4107,0.42054483226712625,0.855533132905711,0.0989583333333333,0.03384465546627709,1.0,1,1,127,0,0.411150269654063,0.4299393948801895,0.09375,0.10416666666666666,5,0
10000,4173,0.42054483226712625,0.855533132905711,0.0989583333333333,0.030913012221423435,1.0,1,1,127,1,0.411150269654063,0.4299393948801895,0.09375,0.10416666666666666,5,0
10000,4140,0.42054483226712625,0.855533132905711,0.0989583333333333,0.03260869565217391,1.0,0,1,127,2,0.411150269654063,0.4299393948801895,0.09375,0.10416666666666666,5,0
10000,4147,0.42054483226712625,0.855533132905711,0.0989583333333333,0.034241620448517,1.0,1,1,127,3,0.411150269654063,0.4299393948801895,0.09375,0.10416666666666666,5,0
10000,4244,0.42054483226712625,0.855533132905711,0.0989583333333333,0.03110273327049953,1.0,0,1,127,4,0.411150269654063,0.4299393948801895,0.09375,0.10416666666666666,5,0
10000,4180,0.42054483226712625,0.855533132905711,0.0989583333333333,0.03444976076555024,1.0,1,1,127,5,0.411150269654063,0.4299393948801895,0.09375,0.10416666666666666,5,0
10000,4154,0.42054483226712625,0.855533132905711,0.0989583333333333,0.033943187289359654,1.0,0,1,127,6,0.411150269654063,0.4299393948801895,0.09375,0.10416666666666666,5,0
10000,4187,0.42054483226712625,0.855533132905711,0.0989583333333333,0.03486983520420349,1.0,0,1,127,7,0.411150269654063,0.4299393948801895,0.09375,0.10416666666666666,5,0
10000,4092,0.42054483226712625,0.855533132905711,0.0989583333333333,0.03494623655913978,1.0,1,1,127,8,0.411150269654063,0.4299393948801895,0.09375,0.10416666666666666,5,0
10000,4161,0.42054483226712625,0.855533132905711,0.0989583333333333,0.031002162941600575,1.0,1,1,127,9,0.411150269654063,0.4299393948801895,0.09375,0.10416666666666666,5,0
10000,4342,0.43933395749325277,0.8393719785777105,0.08854166666666667,0.029709811146936896,1.0,1,1,128,0,0.4299393948801895,0.44872852010631603,0.08333333333333333,0.09375,5,0
10000,4299,0.43933395749325277,0.8393719785777105,0.08854166666666667,0.03303093742730868,1.0,0,0,128,1,0.4299393948801895,0.44872852010631603,0.08333333333333333,0.09375,5,0
10000,4352,0.43933395749325277,0.8393719785777105,0.08854166666666667,0.030330882352941176,1.0,0,1,128,2,0.4299393948801895,0.44872852010631603,0.08333333333333333,0.09375,5,0
10000,4381,0.43933395749325277,0.8393719785777105,0.08854166666666667,0.030586624058434146,1.0,1,1,128,3,0.4299393948801895,0.44872852010631603,0.08333333333333333,0.09375,5,0
10000,4491,0.43933395749325277,0.8393719785777105,0.08854166666666667,0.034958806501892675,1.0,0,1,128,4,0.4299393948801895,0.44872852010631603,0.08333333333333333,0.09375,5,0
10000,4312,0.43933395749325277,0.8393719785777105,0.08854166666666667,0.037569573283859,1.0,0,1,128,5,0.4299393948801895,0.44872852010631603,0.08333333333333333,0.09375,5,0
10000,4289,0.43933395749325277,0.8393719785777105,0.08854166666666667,0.03777104220097925,1.0,1,1,128,6,0.4299393948801895,0.44872852010631603,0.08333333333333333,0.09375,5,0
10000,4304,0.43933395749325277,0.8393719785777105,0.08854166666666667,0.03136617100371747,1.0,0,1,128,7,0.4299393948801895,0.44872852010631603,0.08333333333333333,0.09375,5,0
10000,4463,0.43933395749325277,0.8393719785777105,0.08854166666666667,0.03853909926058705,1.0,1,1,128,8,0.4299393948801895,0.44872852010631603,0.08333333333333333,0.09375,5,0
10000,4441,0.43933395749325277,0.8393719785777105,0.08854166666666667,0.03062373339337987,1.0,0,1,128,9,0.4299393948801895,0.44872852010631603,0.08333333333333333,0.09375,5,0
10000,4352,0.43933395749325277,0.855533132905711,0.0989583333333333,0.02849264705882353,1.0,0,1,129,0,0.4299393948801895,0.44872852010631603,0.09375,0.10416666666666666,5,0
10000,4304,0.43933395749325277,0.855533132905711,0.0989583333333333,0.03020446096654275,1.0,0,1,129,1,0.4299393948801895,0.44872852010631603,0.09375,0.10416666666666666,5,0
10000,4385,0.43933395749325277,0.855533132905711,0.0989583333333333,0.0346636259977195,1.0,0,1,129,2,0.4299393948801895,0.44872852010631603,0.09375,0.10416666666666666,5,0
10000,4489,0.43933395749325277,0.855533132905711,0.0989583333333333,0.033860548006237466,1.0,0,1,129,3,0.4299393948801895,0.44872852010631603,0.09375,0.10416666666666666,5,0
10000,4312,0.43933395749325277,0.855533132905711,0.0989583333333333,0.030612244897959183,1.0,0,1,129,4,0.4299393948801895,0.44872852010631603,0.09375,0.10416666666666666,5,0
10000,4463,0.43933395749325277,0.855533132905711,0.0989583333333333,0.03159309881245799,1.0,0,1,129,5,0.4299393948801895,0.44872852010631603,0.09375,0.10416666666666666,5,0
10000,4391,0.43933395749325277,0.855533132905711,0.0989583333333333,0.033249829196082895,1.0,1,1,129,6,0.4299393948801895,0.44872852010631603,0.09375,0.10416666666666666,5,0
10000,4438,0.43933395749325277,0.855533132905711,0.0989583333333333,0.03605227579990987,1.0,0,1,129,7,0.4299393948801895,0.44872852010631603,0.09375,0.10416666666666666,5,0
10000,4510,0.43933395749325277,0.855533132905711,0.0989583333333333,0.029490022172949003,1.0,1,1,129,8,0.4299393948801895,0.44872852010631603,0.09375,0.10416666666666666,5,0
10000,4472,0.43933395749325277,0.855533132905711,0.0989583333333333,0.03398926654740608,1.0,0,1,129,9,0.4299393948801895,0.44872852010631603,0.09375,0.10416666666666666,5,0
10000,4295,0.4299393948801895,0.8772717646140511,0.1145833333333333,0.03632130384167637,1.0,0,1,130,0,0.411150269654063,0.44872852010631603,0.10416666666666666,0.125,4,0
10000,4264,0.4299393948801895,0.8772717646140511,0.1145833333333333,0.035881801125703564,1.0,1,1,130,1,0.411150269654063,0.44872852010631603,0.10416666666666666,0.125,4,0
10000,4289,0.4299393948801895,0.8772717646140511,0.1145833333333333,0.028911168104453253,1.0,1,1,130,2,0.411150269654063,0.44872852010631603,0.10416666666666666,0.125,4,0
10000,4372,0.4299393948801895,0.8772717646140511,0.1145833333333333,0.032250686184812444,1.0,1,1,130,3,0.411150269654063,0.44872852010631603,0.10416666666666666,0.125,4,0
10000,4317,0.4299393948801895,0.8772717646140511,0.1145833333333333,0.03173500115821172,1.0,1,1,130,4,0.411150269654063,0.44872852010631603,0.10416666666666666,0.125,4,0
10000,4147,0.4299393948801895,0.8772717646140511,0.1145833333333333,0.030383409693754523,1.0,1,1,130,5,0.411150269654063,0.44872852010631603,0.10416666666666666,0.125,4,0
10000,4372,0.4299393948801895,0.8772717646140511,0.1145833333333333,0.03385178408051235,1.0,1,1,130,6,0.411150269654063,0.44872852010631603,0.10416666666666666,0.125,4,0
10000,4288,0.4299393948801895,0.8772717646140511,0.1145833333333333,0.0324160447761194,1.0,1,1,130,7,0.411150269654063,0.44872852010631603,0.10416666666666666,0.125,4,0
10000,4182,0.4299393948801895,0.8772717646140511,0.1145833333333333,0.03467240554758489,1.0,1,1,130,8,0.411150269654063,0.44872852010631603,0.10416666666666666,0.125,4,0
10000,4269,0.4299393948801895,0.8772717646140511,0.1145833333333333,0.032560318575778874,1.0,1,1,130,9,0.411150269654063,0.44872852010631603,0.10416666666666666,0.125,4,0
10000,4745,0.46751764533244256,0.8476343040826092,0.09375,0.03519494204425711,1.0,1,1,131,0,0.44872852010631603,0.4863067705585691,0.08333333333333333,0.10416666666666666,4,0
10000,4676,0.46751764533244256,0.8476343040826092,0.09375,0.03165098374679213,1.0,1,1,131,1,0.44872852010631603,0.4863067705585691,0.08333333333333333,0.10416666666666666,4,0
10000,4732,0.46751764533244256,0.8476343040826092,0.09375,0.03423499577345731,1.0,1,1,131,2,0.44872852010631603,0.4863067705585691,0.08333333333333333,0.10416666666666666,4,0
10000,4605,0.46751764533244256,0.8476343040826092,0.09375,0.031270358306188926,1.0,1,1,131,3,0.44872852010631603,0.4863067705585691,0.08333333333333333,0.10416666666666666,4,0
10000,4593,0.46751764533244256,0.8476343040826092,0.09375,0.032876115828434575,1.0,0,1,131,4,0.44872852010631603,0.4863067705585691,0.08333333333333333,0.10416666666666666,4,0
10000,4699,0.46751764533244256,0.8476343040826092,0.09375,0.028516705682060012,1.0,1,1,131,5,0.44872852010631603,0.4863067705585691,0.08333333333333333,0.10416666666666666,4,0
10000,4597,0.46751764533244256,0.8476343040826092,0.09375,0.035022840983249946,1.0,0,1,131,6,0.44872852010631603,0.4863067705585691,0.08333333333333333,0.10416666666666666,4,0
10000,4777,0.46751764533244256,0.8476343040826092,0.09375,0.030563114925685576,1.0,1,1,131,7,0.44872852010631603,0.4863067705585691,0.08333333333333333,0.10416666666666666,4,0
10000,4599,0.46751764533244256,0.8476343040826092,0.09375,0.03565992607088497,1.0,1,1,131,8,0.44872852010631603,0.4863067705585691,0.08333333333333333,0.10416666666666666,4,0
10000,4656,0.46751764533244256,0.8476343040826092,0.09375,0.03565292096219931,1.0,1,1,131,9,0.44872852010631603,0.4863067705585691,0.08333333333333333,0.10416666666666666,4,0
10000,4575,0.46751764533244256,0.8772717646140511,0.1145833333333333,0.03628415300546448,1.0,1,1,132,0,0.44872852010631603,0.4863067705585691,0.10416666666666666,0.125,4,0
10000,4574,0.46751764533244256,0.8772717646140511,0.1145833333333333,0.03060778312199388,1.0,1,1,132,1,0.44872852010631603,0.4863067705585691,0.10416666666666666,0.125,4,0
10000,4683,0.46751764533244256,0.8772717646140511,0.1145833333333333,0.035233824471492634,1.0,1,1,132,2,0.44872852010631603,0.4863067705585691,0.10416666666666666,0.125,4,0
10000,4760,0.46751764533244256,0.8772717646140511,0.1145833333333333,0.03214285714285714,1.0,1,1,132,3,0.44872852010631603,0.4863067705585691,0.10416666666666666,0.125,4,0
10000,4648,0.46751764533244256,0.8772717646140511,0.1145833333333333,0.03635972461273666,1.0,1,1,132,4,0.44872852010631603,0.4863067705585691,0.10416666666666666,0.125,4,0
10000,4708,0.46751764533244256,0.8772717646140511,0.1145833333333333,0.034409515717926935,1.0,1,1,132,5,0.44872852010631603,0.4863067705585691,0.10416666666666666,0.125,4,0
10000,4642,0.46751764533244256,0.8772717646140511,0.1145833333333333,0.03102111158983197,1.0,1,1,132,6,0.44872852010631603,0.4863067705585691,0.10416666666666666,0.125,4,0
10000,4607,0.46751764533244256,0.8772717646140511,0.1145833333333333,0.029303234208812676,1.0,1,1,132,7,0.44872852010631603,0.4863067705585691,0.10416666666666666,0.125,4,0
10000,4655,0.46751764533244256,0.8772717646140511,0.1145833333333333,0.034156820622986035,1.0,1,1,132,8,0.44872852010631603,0.4863067705585691,0.10416666666666666,0.125,4,0
10000,4689,0.46751764533244256,0.8772717646140511,0.1145833333333333,0.0345489443378119,1.0,1,1,132,9,0.44872852010631603,0.4863067705585691,0.10416666666666666,0.125,4,0
10000,4453,0.44872852010631603,0.9133986423538423,0.14583333333333334,0.03211318212441051,1.0,1,1,133,0,0.411150269654063,0.4863067705585691,0.125,0.16666666666666666,3,0
10000,4413,0.44872852010631603,0.9133986423538423,0.14583333333333334,0.02673917969635169,1.0,1,1,133,1,0.411150269654063,0.4863067705585691,0.125,0.16666666666666666,3,0
10000,4427,0.44872852010631603,0.9133986423538423,0.14583333333333334,0.03636774339281681,1.0,1,1,133,2,0.411150269654063,0.4863067705585691,0.125,0.16666666666666666,3,0
10000,4438,0.44872852010631603,0.9133986423538423,0.14583333333333334,0.031095087877422264,1.0,1,1,133,3,0.411150269654063,0.4863067705585691,0.125,0.16666666666666666,3,0
10000,4542,0.44872852010631603,0.9133986423538423,0.14583333333333334,0.033905768383971815,1.0,1,1,133,4,0.411150269654063,0.4863067705585691,0.125,0.16666666666666666,3,0
10000,4576,0.44872852010631603,0.9133986423538423,0.14583333333333334,0.03256118881118881,1.0,1,1,133,5,0.411150269654063,0.4863067705585691,0.125,0.16666666666666666,3,0
10000,4410,0.44872852010631603,0.9133986423538423,0.14583333333333334,0.02585034013605442,1.0,1,1,133,6,0.411150269654063,0.4863067705585691,0.125,0.16666666666666666,3,0
10000,4546,0.44872852010631603,0.9133986423538423,0.14583333333333334,0.03277606687197536,1.0,1,1,133,7,0.411150269654063,0.4863067705585691,0.125,0.16666666666666666,3,0
10000,4448,0.44872852010631603,0.9133986423538423,0.14583333333333334,0.03484712230215827,1.0,1,1,133,8,0.411150269654063,0.4863067705585691,0.125,0.16666666666666666,3,0
10000,4510,0.44872852010631603,0.9133986423538423,0.14583333333333334,0.03636363636363636,1.0,1,1,133,9,0.411150269654063,0.4863067705585691,0.125,0.16666666666666666,3,0
10000,5190,0.5238850210108221,0.6739926363384382,0.020833333333333332,0.03333333333333333,1.0,0,0,134,0,0.4863067705585691,0.5614632714630752,0.0,0.041666666666666664,3,0
10000,5304,0.5238850210108221,0.6739926363384382,0.020833333333333332,0.03751885369532428,1.0,0,0,134,1,0.4863067705585691,0.5614632714630752,0.0,0.041666666666666664,3,0
10000,5198,0.5238850210108221,0.6739926363384382,0.020833333333333332,0.03616775682954983,1.0,0,0,134,2,0.4863067705585691,0.5614632714630752,0.0,0.041666666666666664,3,0
10000,5206,0.5238850210108221,0.6739926363384382,0.020833333333333332,0.03592009220130619,1.0,0,0,134,3,0.4863067705585691,0.5614632714630752,0.0,0.041666666666666664,3,0
10000,5310,0.5238850210108221,0.6739926363384382,0.020833333333333332,0.03427495291902072,1.0,0,0,134,4,0.4863067705585691,0.5614632714630752,0.0,0.041666666666666664,3,0
10000,5277,0.5238850210108221,0.6739926363384382,0.020833333333333332,0.032025772219063865,1.0,0,0,134,5,0.4863067705585691,0.5614632714630752,0.0,0.041666666666666664,3,0
10000,5316,0.5238850210108221,0.6739926363384382,0.020833333333333332,0.034424379232505645,1.0,0,0,134,6,0.4863067705585691,0.5614632714630752,0.0,0.041666666666666664,3,0
10000,5181,0.5238850210108221,0.6739926363384382,0.020833333333333332,0.03397027600849257,1.0,0,0,134,7,0.4863067705585691,0.5614632714630752,0.0,0.041666666666666664,3,0
10000,5351,0.5238850210108221,0.6739926363384382,0.020833333333333332,0.03176976266118482,1.0,0,0,134,8,0.4863067705585691,0.5614632714630752,0.0,0.041666666666666664,3,0
10000,5451,0.5238850210108221,0.6739926363384382,0.020833333333333332,0.029535864978902954,1.0,0,0,134,9,0.4863067705585691,0.5614632714630752,0.0,0.041666666666666664,3,0
10000,5105,0.5050958957846956,0.7683681880830886,0.05208333333333337,0.033104799216454456,1.0,0,1,135,0,0.4863067705585691,0.5238850210108221,0.041666666666666664,0.0625,4,0
10000,5141,0.5050958957846956,0.7683681880830886,0.05208333333333337,0.031705893794981524,1.0,0,1,135,1,0.4863067705585691,0.5238850210108221,0.041666666666666664,0.0625,4,0
10000,4924,0.5050958957846956,0.7683681880830886,0.05208333333333337,0.034930950446791224,1.0,0,0,135,2,0.4863067705585691,0.5238850210108221,0.041666666666666664,0.0625,4,0
10000,4949,0.5050958957846956,0.7683681880830886,0.05208333333333337,0.030915336431602342,1.0,0,1,135,3,0.4863067705585691,0.5238850210108221,0.041666666666666664,0.0625,4,0
10000,4973,0.5050958957846956,0.7683681880830886,0.05208333333333337,0.0361954554594812,1.0,0,0,135,4,0.4863067705585691,0.5238850210108221,0.041666666666666664,0.0625,4,0
10000,4950,0.5050958957846956,0.7683681880830886,0.05208333333333337,0.035555555555555556,1.0,0,0,135,5,0.4863067705585691,0.5238850210108221,0.041666666666666664,0.0625,4,0
10000,5146,0.5050958957846956,0.7683681880830886,0.05208333333333337,0.027982899339292655,1.0,0,1,135,6,0.4863067705585691,0.5238850210108221,0.041666666666666664,0.0625,4,0
10000,5210,0.5050958957846956,0.7683681880830886,0.05208333333333337,0.03934740882917467,1.0,0,1,135,7,0.4863067705585691,0.5238850210108221,0.041666666666666664,0.0625,4,0
10000,5021,0.5050958957846956,0.7683681880830886,0.05208333333333337,0.037641904003186615,1.0,0,0,135,8,0.4863067705585691,0.5238850210108221,0.041666666666666664,0.0625,4,0
10000,5011,0.5050958957846956,0.7683681880830886,0.05208333333333337,0.03452404709638795,1.0,0,1,135,9,0.4863067705585691,0.5238850210108221,0.041666666666666664,0.0625,4,0
10000,4938,0.49570133317163234,0.8020721082684563,0.06770833333333333,0.03402187120291616,1.0,0,1,136,0,0.4863067705585691,0.5050958957846956,0.0625,0.07291666666666666,5,1
10000,4969,0.49570133317163234,0.8020721082684563,0.06770833333333333,0.037029583417186554,1.0,0,1,136,1,0.4863067705585691,0.5050958957846956,0.0625,0.07291666666666666,5,1
10000,5003,0.49570133317163234,0.8020721082684563,0.06770833333333333,0.035978412952228665,1.0,0,1,136,2,0.4863067705585691,0.5050958957846956,0.0625,0.07291666666666666,5,1
10000,4932,0.49570133317163234,0.8020721082684563,0.06770833333333333,0.03527980535279805,1.0,0,1,136,3,0.4863067705585691,0.5050958957846956,0.0625,0.07291666666666666,5,1
10000,4982,0.49570133317163234,0.8020721082684563,0.06770833333333333,0.03492573263749498,1.0,0,1,136,4,0.4863067705585691,0.5050958957846956,0.0625,0.07291666666666666,5,1
10000,4957,0.49570133317163234,0.8020721082684563,0.06770833333333333,0.030865442808150092,1.0,0,1,136,5,0.4863067705585691,0.5050958957846956,0.0625,0.07291666666666666,5,1
10000,4810,0.49570133317163234,0.8020721082684563,0.06770833333333333,0.039293139293139295,1.0,0,1,136,6,0.4863067705585691,0.5050958957846956,0.0625,0.07291666666666666,5,1
10000,5029,0.49570133317163234,0.8020721082684563,0.06770833333333333,0.031020083515609465,1.0,0,1,136,7,0.4863067705585691,0.5050958957846956,0.0625,0.07291666666666666,5,1
10000,4939,0.49570133317163234,0.8020721082684563,0.06770833333333333,0.03178781129783357,1.0,0,1,136,8,0.4863067705585691,0.5050958957846956,0.0625,0.07291666666666666,5,1
10000,4892,0.49570133317163234,0.8020721082684563,0.06770833333333333,0.035977105478331974,1.0,0,1,136,9,0.4863067705585691,0.5050958957846956,0.0625,0.07291666666666666,5,1
10000,4911,0.49570133317163234,0.8020721082684563,0.06770833333333333,0.03319079617185909,1.0,0,1,136,10,0.4863067705585691,0.5050958957846956,0.0625,0.07291666666666666,5,1
10000,4848,0.49570133317163234,0.8020721082684563,0.06770833333333333,0.03485973597359736,1.0,0,0,136,11,0.4863067705585691,0.5050958957846956,0.0625,0.07291666666666666,5,1
10000,5087,0.49570133317163234,0.8020721082684563,0.06770833333333333,0.0340082563396894,1.0,0,1,136,12,0.4863067705585691,0.5050958957846956,0.0625,0.07291666666666666,5,1
10000,5078,0.49570133317163234,0.8020721082684563,0.06770833333333333,0.034265458842063806,1.0,0,1,136,13,0.4863067705585691,0.5050958957846956,0.0625,0.07291666666666666,5,1
10000,4925,0.49570133317163234,0.8020721082684563,0.06770833333333333,0.03898477157360406,1.0,0,1,136,14,0.4863067705585691,0.5050958957846956,0.0625,0.07291666666666666,5,1
10000,5017,0.49570133317163234,0.8020721082684563,0.06770833333333333,0.03009766792904126,1.0,0,1,136,15,0.4863067705585691,0.5050958957846956,0.0625,0.07291666666666666,5,1
10000,4966,0.49570133317163234,0.8020721082684563,0.06770833333333333,0.034836890857833265,1.0,0,1,136,16,0.4863067705585691,0.5050958957846956,0.0625,0.07291666666666666,5,1
10000,4962,0.49570133317163234,0.8020721082684563,0.06770833333333333,0.030028214429665457,1.0,0,1,136,17,0.4863067705585691,0.5050958957846956,0.0625,0.07291666666666666,5,1
10000,4936,0.49570133317163234,0.8020721082684563,0.06770833333333333,0.03464343598055105,1.0,0,1,136,18,0.4863067705585691,0.5050958957846956,0.0625,0.07291666666666666,5,1
10000,4984,0.49570133317163234,0.8020721082684563,0.06770833333333333,0.03410914927768861,1.0,0,1,136,19,0.4863067705585691,0.5050958957846956,0.0625,0.07291666666666666,5,1
10000,5004,0.49570133317163234,0.8216435757849828,0.07812499999999996,0.035771382893685054,1.0,0,1,137,0,0.4863067705585691,0.5050958957846956,0.07291666666666666,0.08333333333333333,5,0
10000,4962,0.49570133317163234,0.8216435757849828,0.07812499999999996,0.028617492946392584,1.0,0,1,137,1,0.4863067705585691,0.5050958957846956,0.07291666666666666,0.08333333333333333,5,0
10000,4920,0.49570133317163234,0.8216435757849828,0.07812499999999996,0.032926829268292684,1.0,0,1,137,2,0.4863067705585691,0.5050958957846956,0.07291666666666666,0.08333333333333333,5,0
10000,4875,0.49570133317163234,0.8216435757849828,0.07812499999999996,0.035897435897435895,1.0,1,1,137,3,0.4863067705585691,0.5050958957846956,0.07291666666666666,0.08333333333333333,5,0
10000,4958,0.49570133317163234,0.8216435757849828,0.07812499999999996,0.02843888664784187,1.0,0,1,137,4,0.4863067705585691,0.5050958957846956,0.07291666666666666,0.08333333333333333,5,0
10000,4932,0.49570133317163234,0.8216435757849828,0.07812499999999996,0.03264395782643958,1.0,0,1,137,5,0.4863067705585691,0.5050958957846956,0.07291666666666666,0.08333333333333333,5,0
10000,4936,0.49570133317163234,0.8216435757849828,0.07812499999999996,0.0320097244732577,1.0,0,1,137,6,0.4863067705585691,0.5050958957846956,0.07291666666666666,0.08333333333333333,5,0
10000,4857,0.49570133317163234,0.8216435757849828,0.07812499999999996,0.03541280625900762,1.0,1,1,137,7,0.4863067705585691,0.5050958957846956,0.07291666666666666,0.08333333333333333,5,0
10000,4998,0.49570133317163234,0.8216435757849828,0.07812499999999996,0.0350140056022409,1.0,1,1,137,8,0.4863067705585691,0.5050958957846956,0.07291666666666666,0.08333333333333333,5,0
10000,4962,0.49570133317163234,0.8216435757849828,0.07812499999999996,0.032446594115276096,1.0,0,1,137,9,0.4863067705585691,0.5050958957846956,0.07291666666666666,0.08333333333333333,5,0
10000,5052,0.5144904583977589,0.8020721082684563,0.06770833333333333,0.03345209817893904,1.0,0,1,138,0,0.5050958957846956,0.5238850210108221,0.0625,0.07291666666666666,5,1
10000,5064,0.5144904583977589,0.8020721082684563,0.06770833333333333,0.03317535545023697,1.0,0,1,138,1,0.5050958957846956,0.5238850210108221,0.0625,0.07291666666666666,5,1
10000,5185,0.5144904583977589,0.8020721082684563,0.06770833333333333,0.03201542912246866,1.0,0,1,138,2,0.5050958957846956,0.5238850210108221,0.0625,0.07291666666666666,5,1
10000,5200,0.5144904583977589,0.8020721082684563,0.06770833333333333,0.03134615384615384,1.0,1,1,138,3,0.5050958957846956,0.5238850210108221,0.0625,0.07291666666666666,5,1
10000,5326,0.5144904583977589,0.8020721082684563,0.06770833333333333,0.0321066466391288,1.0,1,1,138,4,0.5050958957846956,0.5238850210108221,0.0625,0.07291666666666666,5,1
10000,5140,0.5144904583977589,0.8020721082684563,0.06770833333333333,0.0311284046692607,1.0,0,1,138,5,0.5050958957846956,0.5238850210108221,0.0625,0.07291666666666666,5,1
10000,5152,0.5144904583977589,0.8020721082684563,0.06770833333333333,0.03357919254658385,1.0,0,1,138,6,0.5050958957846956,0.5238850210108221,0.0625,0.07291666666666666,5,1
10000,5130,0.5144904583977589,0.8020721082684563,0.06770833333333333,0.03469785575048733,1.0,0,1,138,7,0.5050958957846956,0.5238850210108221,0.0625,0.07291666666666666,5,1
10000,5116,0.5144904583977589,0.8020721082684563,0.06770833333333333,0.032642689601250975,1.0,0,1,138,8,0.5050958957846956,0.5238850210108221,0.0625,0.07291666666666666,5,1
10000,5238,0.5144904583977589,0.8020721082684563,0.06770833333333333,0.02997327224131348,1.0,0,1,138,9,0.5050958957846956,0.5238850210108221,0.0625,0.07291666666666666,5,1
10000,5082,0.5144904583977589,0.8020721082684563,0.06770833333333333,0.03443526170798898,1.0,0,1,138,10,0.5050958957846956,0.5238850210108221,0.0625,0.07291666666666666,5,1
10000,5081,0.5144904583977589,0.8020721082684563,0.06770833333333333,0.033654792363707935,1.0,0,1,138,11,0.5050958957846956,0.5238850210108221,0.0625,0.07291666666666666,5,1
10000,5288,0.5144904583977589,0.8020721082684563,0.06770833333333333,0.03044629349470499,1.0,0,1,138,12,0.5050958957846956,0.5238850210108221,0.0625,0.07291666666666666,5,1
10000,5126,0.5144904583977589,0.8020721082684563,0.06770833333333333,0.03862660944206009,1.0,0,1,138,13,0.5050958957846956,0.5238850210108221,0.0625,0.07291666666666666,5,1
10000,5102,0.5144904583977589,0.8020721082684563,0.06770833333333333,0.032536260290082324,1.0,0,1,138,14,0.5050958957846956,0.5238850210108221,0.0625,0.07291666666666666,5,1
10000,5174,0.5144904583977589,0.8020721082684563,0.06770833333333333,0.03208349439505218,1.0,1,1,138,15,0.5050958957846956,0.5238850210108221,0.0625,0.07291666666666666,5,1
10000,5155,0.5144904583977589,0.8020721082684563,0.06770833333333333,0.032783705140640156,1.0,0,1,138,16,0.5050958957846956,0.5238850210108221,0.0625,0.07291666666666666,5,1
10000,5182,0.5144904583977589,0.8020721082684563,0.06770833333333333,0.030876109610189117,1.0,0,1,138,17,0.5050958957846956,0.5238850210108221,0.0625,0.07291666666666666,5,1
10000,5080,0.5144904583977589,0.8020721082684563,0.06770833333333333,0.0265748031496063,1.0,0,0,138,18,0.5050958957846956,0.5238850210108221,0.0625,0.07291666666666666,5,1
10000,5131,0.5144904583977589,0.8020721082684563,0.06770833333333333,0.0339115182225687,1.0,0,1,138,19,0.5050958957846956,0.5238850210108221,0.0625,0.07291666666666666,5,1
10000,5280,0.5144904583977589,0.8216435757849828,0.07812499999999996,0.033522727272727273,1.0,0,1,139,0,0.5050958957846956,0.5238850210108221,0.07291666666666666,0.08333333333333333,5,0
10000,5209,0.5144904583977589,0.8216435757849828,0.07812499999999996,0.03378767517757727,1.0,0,1,139,1,0.5050958957846956,0.5238850210108221,0.07291666666666666,0.08333333333333333,5,0
10000,5213,0.5144904583977589,0.8216435757849828,0.07812499999999996,0.028966046422405526,1.0,1,1,139,2,0.5050958957846956,0.5238850210108221,0.07291666666666666,0.08333333333333333,5,0
10000,5216,0.5144904583977589,0.8216435757849828,0.07812499999999996,0.029141104294478526,1.0,0,1,139,3,0.5050958957846956,0.5238850210108221,0.07291666666666666,0.08333333333333333,5,0
10000,5122,0.5144904583977589,0.8216435757849828,0.07812499999999996,0.029871144084342053,1.0,0,1,139,4,0.5050958957846956,0.5238850210108221,0.07291666666666666,0.08333333333333333,5,0
10000,5312,0.5144904583977589,0.8216435757849828,0.07812499999999996,0.03256777108433735,1.0,1,1,139,5,0.5050958957846956,0.5238850210108221,0.07291666666666666,0.08333333333333333,5,0
10000,5096,0.5144904583977589,0.8216435757849828,0.07812499999999996,0.03453689167974882,1.0,0,1,139,6,0.5050958957846956,0.5238850210108221,0.07291666666666666,0.08333333333333333,5,0
10000,5177,0.5144904583977589,0.8216435757849828,0.07812499999999996,0.03361019895692486,1.0,0,1,139,7,0.5050958957846956,0.5238850210108221,0.07291666666666666,0.08333333333333333,5,0
10000,5213,0.5144904583977589,0.8216435757849828,0.07812499999999996,0.028966046422405526,1.0,0,1,139,8,0.5050958957846956,0.5238850210108221,0.07291666666666666,0.08333333333333333,5,0
10000,5108,0.5144904583977589,0.8216435757849828,0.07812499999999996,0.03249804228660924,1.0,0,1,139,9,0.5050958957846956,0.5238850210108221,0.07291666666666666,0.08333333333333333,5,0
10000,5399,0.5426741462369487,0.7683681880830886,0.05208333333333337,0.033895165771439154,1.0,0,1,140,0,0.5238850210108221,0.5614632714630752,0.041666666666666664,0.0625,4,0
10000,5573,0.5426741462369487,0.7683681880830886,0.05208333333333337,0.034990130988695495,1.0,0,1,140,1,0.5238850210108221,0.5614632714630752,0.041666666666666664,0.0625,4,0
10000,5446,0.5426741462369487,0.7683681880830886,0.05208333333333337,0.032317297098788104,1.0,0,1,140,2,0.5238850210108221,0.5614632714630752,0.041666666666666664,0.0625,4,0
10000,5402,0.5426741462369487,0.7683681880830886,0.05208333333333337,0.03332099222510181,1.0,0,1,140,3,0.5238850210108221,0.5614632714630752,0.041666666666666664,0.0625,4,0
10000,5360,0.5426741462369487,0.7683681880830886,0.05208333333333337,0.03264925373134328,1.0,0,1,140,4,0.5238850210108221,0.5614632714630752,0.041666666666666664,0.0625,4,0
10000,5508,0.5426741462369487,0.7683681880830886,0.05208333333333337,0.033042846768336964,1.0,0,1,140,5,0.5238850210108221,0.5614632714630752,0.041666666666666664,0.0625,4,0
10000,5494,0.5426741462369487,0.7683681880830886,0.05208333333333337,0.030214779759737895,1.0,0,1,140,6,0.5238850210108221,0.5614632714630752,0.041666666666666664,0.0625,4,0
10000,5438,0.5426741462369487,0.7683681880830886,0.05208333333333337,0.03015814637734461,1.0,0,1,140,7,0.5238850210108221,0.5614632714630752,0.041666666666666664,0.0625,4,0
10000,5379,0.5426741462369487,0.7683681880830886,0.05208333333333337,0.030488938464398586,1.0,0,0,140,8,0.5238850210108221,0.5614632714630752,0.041666666666666664,0.0625,4,0
10000,5502,0.5426741462369487,0.7683681880830886,0.05208333333333337,0.03198836786623046,1.0,0,1,140,9,0.5238850210108221,0.5614632714630752,0.041666666666666664,0.0625,4,0
10000,5329,0.5332795836238854,0.8020721082684563,0.06770833333333333,0.03190091949709139,1.0,0,1,141,0,0.5238850210108221,0.5426741462369487,0.0625,0.07291666666666666,5,1
10000,5439,0.5332795836238854,0.8020721082684563,0.06770833333333333,0.03272660415517559,1.0,0,1,141,1,0.5238850210108221,0.5426741462369487,0.0625,0.07291666666666666,5,1
10000,5350,0.5332795836238854,0.8020721082684563,0.06770833333333333,0.03289719626168224,1.0,0,1,141,2,0.5238850210108221,0.5426741462369487,0.0625,0.07291666666666666,5,1
10000,5320,0.5332795836238854,0.8020721082684563,0.06770833333333333,0.03308270676691729,1.0,0,1,141,3,0.5238850210108221,0.5426741462369487,0.0625,0.07291666666666666,5,1
10000,5313,0.5332795836238854,0.8020721082684563,0.06770833333333333,0.03463203463203463,1.0,0,1,141,4,0.5238850210108221,0.5426741462369487,0.0625,0.07291666666666666,5,1
10000,5400,0.5332795836238854,0.8020721082684563,0.06770833333333333,0.027407407407407408,1.0,0,1,141,5,0.5238850210108221,0.5426741462369487,0.0625,0.07291666666666666,5,1
10000,5438,0.5332795836238854,0.8020721082684563,0.06770833333333333,0.03732990069878632,1.0,0,1,141,6,0.5238850210108221,0.5426741462369487,0.0625,0.07291666666666666,5,1
10000,5303,0.5332795836238854,0.8020721082684563,0.06770833333333333,0.029417310956062606,1.0,0,1,141,7,0.5238850210108221,0.5426741462369487,0.0625,0.07291666666666666,5,1
10000,5241,0.5332795836238854,0.8020721082684563,0.06770833333333333,0.03453539400877695,1.0,0,1,141,8,0.5238850210108221,0.5426741462369487,0.0625,0.07291666666666666,5,1
10000,5344,0.5332795836238854,0.8020721082684563,0.06770833333333333,0.030501497005988025,1.0,0,1,141,9,0.5238850210108221,0.5426741462369487,0.0625,0.07291666666666666,5,1
10000,5336,0.5332795836238854,0.8020721082684563,0.06770833333333333,0.03204647676161919,1.0,1,1,141,10,0.5238850210108221,0.5426741462369487,0.0625,0.07291666666666666,5,1
10000,5310,0.5332795836238854,0.8020721082684563,0.06770833333333333,0.03333333333333333,1.0,0,1,141,11,0.5238850210108221,0.5426741462369487,0.0625,0.07291666666666666,5,1
10000,5278,0.5332795836238854,0.8020721082684563,0.06770833333333333,0.033535430087154226,1.0,1,1,141,12,0.5238850210108221,0.5426741462369487,0.0625,0.07291666666666666,5,1
10000,5464,0.5332795836238854,0.8020721082684563,0.06770833333333333,0.035322108345534405,1.0,0,0,141,13,0.5238850210108221,0.5426741462369487,0.0625,0.07291666666666666,5,1
10000,5359,0.5332795836238854,0.8020721082684563,0.06770833333333333,0.03228214219070722,1.0,0,1,141,14,0.5238850210108221,0.5426741462369487,0.0625,0.07291666666666666,5,1
10000,5216,0.5332795836238854,0.8020721082684563,0.06770833333333333,0.02933282208588957,1.0,1,1,141,15,0.5238850210108221,0.5426741462369487,0.0625,0.07291666666666666,5,1
10000,5383,0.5332795836238854,0.8020721082684563,0.06770833333333333,0.03343860300947427,1.0,0,1,141,16,0.5238850210108221,0.5426741462369487,0.0625,0.07291666666666666,5,1
10000,5392,0.5332795836238854,0.8020721082684563,0.06770833333333333,0.03431008902077151,1.0,0,1,141,17,0.5238850210108221,0.5426741462369487,0.0625,0.07291666666666666,5,1
10000,5454,0.5332795836238854,0.8020721082684563,0.06770833333333333,0.038687202053538684,1.0,0,1,141,18,0.5238850210108221,0.5426741462369487,0.0625,0.07291666666666666,5,1
10000,5367,0.5332795836238854,0.8020721082684563,0.06770833333333333,0.03353828954723309,1.0,0,1,141,19,0.5238850210108221,0.5426741462369487,0.0625,0.07291666666666666,5,1
10000,5214,0.5332795836238854,0.8216435757849828,0.07812499999999996,0.03567318757192175,1.0,1,1,142,0,0.5238850210108221,0.5426741462369487,0.07291666666666666,0.08333333333333333,5,0
10000,5470,0.5332795836238854,0.8216435757849828,0.07812499999999996,0.03528336380255941,1.0,0,1,142,1,0.5238850210108221,0.5426741462369487,0.07291666666666666,0.08333333333333333,5,0
10000,5389,0.5332795836238854,0.8216435757849828,0.07812499999999996,0.038040452774169606,1.0,0,1,142,2,0.5238850210108221,0.5426741462369487,0.07291666666666666,0.08333333333333333,5,0
10000,5308,0.5332795836238854,0.8216435757849828,0.07812499999999996,0.035041446872645064,1.0,0,1,142,3,0.5238850210108221,0.5426741462369487,0.07291666666666666,0.08333333333333333,5,0
10000,5249,0.5332795836238854,0.8216435757849828,0.07812499999999996,0.031053534006477423,1.0,0,1,142,4,0.5238850210108221,0.5426741462369487,0.07291666666666666,0.08333333333333333,5,0
10000,5273,0.5332795836238854,0.8216435757849828,0.07812499999999996,0.030912194196851886,1.0,0,1,142,5,0.5238850210108221,0.5426741462369487,0.07291666666666666,0.08333333333333333,5,0
10000,5368,0.5332795836238854,0.8216435757849828,0.07812499999999996,0.03390461997019374,1.0,0,1,142,6,0.5238850210108221,0.5426741462369487,0.07291666666666666,0.08333333333333333,5,0
10000,5284,0.5332795836238854,0.8216435757849828,0.07812499999999996,0.028198334595003784,1.0,1,1,142,7,0.5238850210108221,0.5426741462369487,0.07291666666666666,0.08333333333333333,5,0
10000,5328,0.5332795836238854,0.8216435757849828,0.07812499999999996,0.036974474474474474,1.0,0,1,142,8,0.5238850210108221,0.5426741462369487,0.07291666666666666,0.08333333333333333,5,0
10000,5324,0.5332795836238854,0.8216435757849828,0.07812499999999996,0.03305785123966942,1.0,0,1,142,9,0.5238850210108221,0.5426741462369487,0.07291666666666666,0.08333333333333333,5,0
10000,5458,0.5520687088500119,0.8020721082684563,0.06770833333333333,0.03572737266397948,1.0,0,1,143,0,0.5426741462369487,0.5614632714630752,0.0625,0.07291666666666666,5,1
10000,5655,0.5520687088500119,0.8020721082684563,0.06770833333333333,0.041025641025641026,1.0,0,1,143,1,0.5426741462369487,0.5614632714630752,0.0625,0.07291666666666666,5,1
10000,5420,0.5520687088500119,0.8020721082684563,0.06770833333333333,0.033763837638376384,1.0,0,1,143,2,0.5426741462369487,0.5614632714630752,0.0625,0.07291666666666666,5,1
10000,5415,0.5520687088500119,0.8020721082684563,0.06770833333333333,0.030286241920590953,1.0,0,1,143,3,0.5426741462369487,0.5614632714630752,0.0625,0.07291666666666666,5,1
10000,5672,0.5520687088500119,0.8020721082684563,0.06770833333333333,0.033321579689703805,1.0,0,1,143,4,0.5426741462369487,0.5614632714630752,0.0625,0.07291666666666666,5,1
10000,5604,0.5520687088500119,0.8020721082684563,0.06770833333333333,0.028551034975017844,1.0,0,1,143,5,0.5426741462369487,0.5614632714630752,0.0625,0.07291666666666666,5,1
10000,5515,0.5520687088500119,0.8020721082684563,0.06770833333333333,0.033182230281051675,1.0,0,1,143,6,0.5426741462369487,0.5614632714630752,0.0625,0.07291666666666666,5,1
10000,5427,0.5520687088500119,0.8020721082684563,0.06770833333333333,0.032983231988207115,1.0,0,1,143,7,0.5426741462369487,0.5614632714630752,0.0625,0.07291666666666666,5,1
10000,5400,0.5520687088500119,0.8020721082684563,0.06770833333333333,0.03574074074074074,1.0,0,1,143,8,0.5426741462369487,0.5614632714630752,0.0625,0.07291666666666666,5,1
10000,5508,0.5520687088500119,0.8020721082684563,0.06770833333333333,0.03159041394335512,1.0,0,1,143,9,0.5426741462369487,0.5614632714630752,0.0625,0.07291666666666666,5,1
10000,5350,0.5520687088500119,0.8020721082684563,0.06770833333333333,0.03588785046728972,1.0,0,1,143,10,0.5426741462369487,0.5614632714630752,0.0625,0.07291666666666666,5,1
10000,5583,0.5520687088500119,0.8020721082684563,0.06770833333333333,0.03062869425040301,1.0,0,1,143,11,0.5426741462369487,0.5614632714630752,0.0625,0.07291666666666666,5,1
10000,5514,0.5520687088500119,0.8020721082684563,0.06770833333333333,0.03482045701849837,1.0,0,1,143,12,0.5426741462369487,0.5614632714630752,0.0625,0.07291666666666666,5,1
10000,5574,0.5520687088500119,0.8020721082684563,0.06770833333333333,0.03283100107642627,1.0,0,1,143,13,0.5426741462369487,0.5614632714630752,0.0625,0.07291666666666666,5,1
10000,5550,0.5520687088500119,0.8020721082684563,0.06770833333333333,0.031711711711711714,1.0,0,1,143,14,0.5426741462369487,0.5614632714630752,0.0625,0.07291666666666666,5,1
10000,5537,0.5520687088500119,0.8020721082684563,0.06770833333333333,0.03413400758533502,1.0,0,1,143,15,0.5426741462369487,0.5614632714630752,0.0625,0.07291666666666666,5,1
10000,5446,0.5520687088500119,0.8020721082684563,0.06770833333333333,0.03635695923613661,1.0,0,1,143,16,0.5426741462369487,0.5614632714630752,0.0625,0.07291666666666666,5,1
10000,5632,0.5520687088500119,0.8020721082684563,0.06770833333333333,0.036931818181818184,1.0,1,1,143,17,0.5426741462369487,0.5614632714630752,0.0625,0.07291666666666666,5,1
10000,5604,0.5520687088500119,0.8020721082684563,0.06770833333333333,0.03443968593861527,1.0,0,1,143,18,0.5426741462369487,0.5614632714630752,0.0625,0.07291666666666666,5,1
10000,5588,0.5520687088500119,0.8020721082684563,0.06770833333333333,0.03758052970651396,1.0,0,1,143,19,0.5426741462369487,0.5614632714630752,0.0625,0.07291666666666666,5,1
10000,5495,0.5520687088500119,0.8216435757849828,0.07812499999999996,0.0362147406733394,1.0,1,1,144,0,0.5426741462369487,0.5614632714630752,0.07291666666666666,0.08333333333333333,5,0
10000,5524,0.5520687088500119,0.8216435757849828,0.07812499999999996,0.03294713975380159,1.0,0,1,144,1,0.5426741462369487,0.5614632714630752,0.07291666666666666,0.08333333333333333,5,0
10000,5659,0.5520687088500119,0.8216435757849828,0.07812499999999996,0.029687223891146846,1.0,0,1,144,2,0.5426741462369487,0.5614632714630752,0.07291666666666666,0.08333333333333333,5,0
10000,5462,0.5520687088500119,0.8216435757849828,0.07812499999999996,0.02947638227755401,1.0,0,1,144,3,0.5426741462369487,0.5614632714630752,0.07291666666666666,0.08333333333333333,5,0
10000,5633,0.5520687088500119,0.8216435757849828,0.07812499999999996,0.031954553523877154,1.0,0,1,144,4,0.5426741462369487,0.5614632714630752,0.07291666666666666,0.08333333333333333,5,0
10000,5488,0.5520687088500119,0.8216435757849828,0.07812499999999996,0.03534985422740525,1.0,0,1,144,5,0.5426741462369487,0.5614632714630752,0.07291666666666666,0.08333333333333333,5,0
10000,5584,0.5520687088500119,0.8216435757849828,0.07812499999999996,0.035458452722063036,1.0,0,1,144,6,0.5426741462369487,0.5614632714630752,0.07291666666666666,0.08333333333333333,5,0
10000,5512,0.5520687088500119,0.8216435757849828,0.07812499999999996,0.035014513788098695,1.0,1,1,144,7,0.5426741462369487,0.5614632714630752,0.07291666666666666,0.08333333333333333,5,0
10000,5531,0.5520687088500119,0.8216435757849828,0.07812499999999996,0.030735852467908154,1.0,0,1,144,8,0.5426741462369487,0.5614632714630752,0.07291666666666666,0.08333333333333333,5,0
10000,5529,0.5520687088500119,0.8216435757849828,0.07812499999999996,0.03400253210345451,1.0,0,1,144,9,0.5426741462369487,0.5614632714630752,0.07291666666666666,0.08333333333333333,5,0
10000,6004,0.5990415219153282,0.6739926363384382,0.020833333333333332,0.03614257161892072,1.0,0,0,145,0,0.5614632714630752,0.6366197723675814,0.0,0.041666666666666664,3,0
10000,5891,0.5990415219153282,0.6739926363384382,0.020833333333333332,0.0354778475640808,1.0,0,0,145,1,0.5614632714630752,0.6366197723675814,0.0,0.041666666666666664,3,0
10000,5974,0.5990415219153282,0.6739926363384382,0.020833333333333332,0.03130231001004352,1.0,0,0,145,2,0.5614632714630752,0.6366197723675814,0.0,0.041666666666666664,3,0
10000,5805,0.5990415219153282,0.6739926363384382,0.020833333333333332,0.03548664944013781,1.0,0,0,145,3,0.5614632714630752,0.6366197723675814,0.0,0.041666666666666664,3,0
10000,5872,0.5990415219153282,0.6739926363384382,0.020833333333333332,0.035422343324250684,1.0,0,0,145,4,0.5614632714630752,0.6366197723675814,0.0,0.041666666666666664,3,0
10000,6117,0.5990415219153282,0.6739926363384382,0.020833333333333332,0.031551414091875105,1.0,0,0,145,5,0.5614632714630752,0.6366197723675814,0.0,0.041666666666666664,3,0
10000,6059,0.5990415219153282,0.6739926363384382,0.020833333333333332,0.03498927215712164,1.0,0,0,145,6,0.5614632714630752,0.6366197723675814,0.0,0.041666666666666664,3,0
10000,6175,0.5990415219153282,0.6739926363384382,0.020833333333333332,0.03190283400809717,1.0,0,0,145,7,0.5614632714630752,0.6366197723675814,0.0,0.041666666666666664,3,0
10000,5897,0.5990415219153282,0.6739926363384382,0.020833333333333332,0.036967949804985585,1.0,0,0,145,8,0.5614632714630752,0.6366197723675814,0.0,0.041666666666666664,3,0
10000,5943,0.5990415219153282,0.6739926363384382,0.020833333333333332,0.03617701497560155,1.0,0,0,145,9,0.5614632714630752,0.6366197723675814,0.0,0.041666666666666664,3,0
10000,5825,0.5708578340761384,0.7556729401867746,0.046875,0.03175965665236052,1.0,0,1,146,0,0.5614632714630752,0.5802523966892017,0.041666666666666664,0.05208333333333333,5,0
10000,5737,0.5708578340761384,0.7556729401867746,0.046875,0.03660449712393237,1.0,0,1,146,1,0.5614632714630752,0.5802523966892017,0.041666666666666664,0.05208333333333333,5,0
10000,5691,0.5708578340761384,0.7556729401867746,0.046875,0.033386048146195745,1.0,0,1,146,2,0.5614632714630752,0.5802523966892017,0.041666666666666664,0.05208333333333333,5,0
10000,5814,0.5708578340761384,0.7556729401867746,0.046875,0.03061575507395941,1.0,0,1,146,3,0.5614632714630752,0.5802523966892017,0.041666666666666664,0.05208333333333333,5,0
10000,5763,0.5708578340761384,0.7556729401867746,0.046875,0.03262189831684886,1.0,0,1,146,4,0.5614632714630752,0.5802523966892017,0.041666666666666664,0.05208333333333333,5,0
10000,5658,0.5708578340761384,0.7556729401867746,0.046875,0.03587840226228349,1.0,0,1,146,5,0.5614632714630752,0.5802523966892017,0.041666666666666664,0.05208333333333333,5,0
10000,5676,0.5708578340761384,0.7556729401867746,0.046875,0.035236081747709654,1.0,0,1,146,6,0.5614632714630752,0.5802523966892017,0.041666666666666664,0.05208333333333333,5,0
10000,5690,0.5708578340761384,0.7556729401867746,0.046875,0.03497363796133568,1.0,0,1,146,7,0.5614632714630752,0.5802523966892017,0.041666666666666664,0.05208333333333333,5,0
10000,5698,0.5708578340761384,0.7556729401867746,0.046875,0.03422253422253422,1.0,0,1,146,8,0.5614632714630752,0.5802523966892017,0.041666666666666664,0.05208333333333333,5,0
10000,5815,0.5708578340761384,0.7556729401867746,0.046875,0.035081685296646604,1.0,0,1,146,9,0.5614632714630752,0.5802523966892017,0.041666666666666664,0.05208333333333333,5,0
10000,5637,0.5708578340761384,0.7802717361664391,0.057291666666666706,0.03477026787298208,1.0,0,1,147,0,0.5614632714630752,0.5802523966892017,0.05208333333333333,0.0625,5,1
10000,5705,0.5708578340761384,0.7802717361664391,0.057291666666666706,0.03190184049079755,1.0,0,1,147,1,0.5614632714630752,0.5802523966892017,0.05208333333333333,0.0625,5,1
10000,5682,0.5708578340761384,0.7802717361664391,0.057291666666666706,0.034318901795142555,1.0,0,1,147,2,0.5614632714630752,0.5802523966892017,0.05208333333333333,0.0625,5,1
10000,5647,0.5708578340761384,0.7802717361664391,0.057291666666666706,0.035062865238179565,1.0,0,1,147,3,0.5614632714630752,0.5802523966892017,0.05208333333333333,0.0625,5,1
10000,5582,0.5708578340761384,0.7802717361664391,0.057291666666666706,0.03403797921891795,1.0,0,1,147,4,0.5614632714630752,0.5802523966892017,0.05208333333333333,0.0625,5,1
10000,5625,0.5708578340761384,0.7802717361664391,0.057291666666666706,0.0336,1.0,0,1,147,5,0.5614632714630752,0.5802523966892017,0.05208333333333333,0.0625,5,1
10000,5695,0.5708578340761384,0.7802717361664391,0.057291666666666706,0.031782265144863917,1.0,0,1,147,6,0.5614632714630752,0.5802523966892017,0.05208333333333333,0.0625,5,1
10000,5677,0.5708578340761384,0.7802717361664391,0.057291666666666706,0.033996829311255944,1.0,0,1,147,7,0.5614632714630752,0.5802523966892017,0.05208333333333333,0.0625,5,1
10000,5710,0.5708578340761384,0.7802717361664391,0.057291666666666706,0.04010507880910683,1.0,0,1,147,8,0.5614632714630752,0.5802523966892017,0.05208333333333333,0.0625,5,1
10000,5724,0.5708578340761384,0.7802717361664391,0.057291666666666706,0.03476589797344514,1.0,0,1,147,9,0.5614632714630752,0.5802523966892017,0.05208333333333333,0.0625,5,1
10000,5884,0.5708578340761384,0.7802717361664391,0.057291666666666706,0.029231815091774305,1.0,0,1,147,10,0.5614632714630752,0.5802523966892017,0.05208333333333333,0.0625,5,1
10000,5787,0.5708578340761384,0.7802717361664391,0.057291666666666706,0.034041817867634355,1.0,0,1,147,11,0.5614632714630752,0.5802523966892017,0.05208333333333333,0.0625,5,1
10000,5773,0.5708578340761384,0.7802717361664391,0.057291666666666706,0.031006409146024597,1.0,0,1,147,12,0.5614632714630752,0.5802523966892017,0.05208333333333333,0.0625,5,1
10000,5833,0.5708578340761384,0.7802717361664391,0.057291666666666706,0.033773358477627295,1.0,0,1,147,13,0.5614632714630752,0.5802523966892017,0.05208333333333333,0.0625,5,1
10000,5542,0.5708578340761384,0.7802717361664391,0.057291666666666706,0.03247924936845904,1.0,0,1,147,14,0.5614632714630752,0.5802523966892017,0.05208333333333333,0.0625,5,1
10000,5655,0.5708578340761384,0.7802717361664391,0.057291666666666706,0.03165340406719717,1.0,0,1,147,15,0.5614632714630752,0.5802523966892017,0.05208333333333333,0.0625,5,1
10000,5669,0.5708578340761384,0.7802717361664391,0.057291666666666706,0.031046039865937555,1.0,0,1,147,16,0.5614632714630752,0.5802523966892017,0.05208333333333333,0.0625,5,1
10000,5727,0.5708578340761384,0.7802717361664391,0.057291666666666706,0.03125545660904488,1.0,0,1,147,17,0.5614632714630752,0.5802523966892017,0.05208333333333333,0.0625,5,1
10000,5743,0.5708578340761384,0.7802717361664391,0.057291666666666706,0.03621800452725057,1.0,0,1,147,18,0.5614632714630752,0.5802523966892017,0.05208333333333333,0.0625,5,1
10000,5870,0.5708578340761384,0.7802717361664391,0.057291666666666706,0.031175468483816013,1.0,0,1,147,19,0.5614632714630752,0.5802523966892017,0.05208333333333333,0.0625,5,1
10000,5851,0.589646959302265,0.7556729401867746,0.046875,0.03452401298923261,1.0,0,0,148,0,0.5802523966892017,0.5990415219153282,0.041666666666666664,0.05208333333333333,5,0
10000,5948,0.589646959302265,0.7556729401867746,0.046875,0.035810356422326835,1.0,0,1,148,1,0.5802523966892017,0.5990415219153282,0.041666666666666664,0.05208333333333333,5,0
10000,5946,0.589646959302265,0.7556729401867746,0.046875,0.029767911200807264,1.0,0,0,148,2,0.5802523966892017,0.5990415219153282,0.041666666666666664,0.05208333333333333,5,0
10000,5771,0.589646959302265,0.7556729401867746,0.046875,0.03673540114364928,1.0,0,1,148,3,0.5802523966892017,0.5990415219153282,0.041666666666666664,0.05208333333333333,5,0
10000,5878,0.589646959302265,0.7556729401867746,0.046875,0.031133038448451854,1.0,0,1,148,4,0.5802523966892017,0.5990415219153282,0.041666666666666664,0.05208333333333333,5,0
10000,6051,0.589646959302265,0.7556729401867746,0.046875,0.03784498430011568,1.0,0,1,148,5,0.5802523966892017,0.5990415219153282,0.041666666666666664,0.05208333333333333,5,0
10000,5941,0.589646959302265,0.7556729401867746,0.046875,0.03534758458172025,1.0,0,1,148,6,0.5802523966892017,0.5990415219153282,0.041666666666666664,0.05208333333333333,5,0
10000,6033,0.589646959302265,0.7556729401867746,0.046875,0.03779214321233217,1.0,0,1,148,7,0.5802523966892017,0.5990415219153282,0.041666666666666664,0.05208333333333333,5,0
10000,5846,0.589646959302265,0.7556729401867746,0.046875,0.03814574067738625,1.0,0,1,148,8,0.5802523966892017,0.5990415219153282,0.041666666666666664,0.05208333333333333,5,0
10000,5918,0.589646959302265,0.7556729401867746,0.046875,0.031598513011152414,1.0,0,1,148,9,0.5802523966892017,0.5990415219153282,0.041666666666666664,0.05208333333333333,5,0
10000,5965,0.589646959302265,0.7802717361664391,0.057291666666666706,0.03570829840737636,1.0,0,1,149,0,0.5802523966892017,0.5990415219153282,0.05208333333333333,0.0625,5,1
10000,5944,0.589646959302265,0.7802717361664391,0.057291666666666706,0.03213324360699865,1.0,0,1,149,1,0.5802523966892017,0.5990415219153282,0.05208333333333333,0.0625,5,1
10000,5978,0.589646959302265,0.7802717361664391,0.057291666666666706,0.03412512546002008,1.0,1,1,149,2,0.5802523966892017,0.5990415219153282,0.05208333333333333,0.0625,5,1
10000,5852,0.589646959302265,0.7802717361664391,0.057291666666666706,0.032809295967190705,1.0,0,1,149,3,0.5802523966892017,0.5990415219153282,0.05208333333333333,0.0625,5,1
10000,5850,0.589646959302265,0.7802717361664391,0.057291666666666706,0.03282051282051282,1.0,0,1,149,4,0.5802523966892017,0.5990415219153282,0.05208333333333333,0.0625,5,1
10000,5833,0.589646959302265,0.7802717361664391,0.057291666666666706,0.03188753643065318,1.0,0,1,149,5,0.5802523966892017,0.5990415219153282,0.05208333333333333,0.0625,5,1
10000,5816,0.589646959302265,0.7802717361664391,0.057291666666666706,0.0343878954607978,1.0,0,1,149,6,0.5802523966892017,0.5990415219153282,0.05208333333333333,0.0625,5,1
10000,5912,0.589646959302265,0.7802717361664391,0.057291666666666706,0.031292286874154265,1.0,0,1,149,7,0.5802523966892017,0.5990415219153282,0.05208333333333333,0.0625,5,1
10000,5867,0.589646959302265,0.7802717361664391,0.057291666666666706,0.034259417078575084,1.0,0,1,149,8,0.5802523966892017,0.5990415219153282,0.05208333333333333,0.0625,5,1
10000,5820,0.589646959302265,0.7802717361664391,0.057291666666666706,0.03333333333333333,1.0,0,1,149,9,0.5802523966892017,0.5990415219153282,0.05208333333333333,0.0625,5,1
10000,5924,0.589646959302265,0.7802717361664391,0.057291666666666706,0.03325455773126266,1.0,0,1,149,10,0.5802523966892017,0.5990415219153282,0.05208333333333333,0.0625,5,1
10000,5800,0.589646959302265,0.7802717361664391,0.057291666666666706,0.03362068965517241,1.0,0,1,149,11,0.5802523966892017,0.5990415219153282,0.05208333333333333,0.0625,5,1
10000,5896,0.589646959302265,0.7802717361664391,0.057291666666666706,0.03290366350067843,1.0,0,1,149,12,0.5802523966892017,0.5990415219153282,0.05208333333333333,0.0625,5,1
10000,5942,0.589646959302265,0.7802717361664391,0.057291666666666706,0.03130259171995961,1.0,0,1,149,13,0.5802523966892017,0.5990415219153282,0.05208333333333333,0.0625,5,1
10000,5811,0.589646959302265,0.7802717361664391,0.057291666666666706,0.034761658922732745,1.0,0,1,149,14,0.5802523966892017,0.5990415219153282,0.05208333333333333,0.0625,5,1
10000,5977,0.589646959302265,0.7802717361664391,0.057291666666666706,0.02894428643132006,1.0,0,1,149,15,0.5802523966892017,0.5990415219153282,0.05208333333333333,0.0625,5,1
10000,5856,0.589646959302265,0.7802717361664391,0.057291666666666706,0.03193306010928962,1.0,0,1,149,16,0.5802523966892017,0.5990415219153282,0.05208333333333333,0.0625,5,1
10000,5919,0.589646959302265,0.7802717361664391,0.057291666666666706,0.03497212366953877,1.0,0,1,149,17,0.5802523966892017,0.5990415219153282,0.05208333333333333,0.0625,5,1
10000,5908,0.589646959302265,0.7802717361664391,0.057291666666666706,0.03419092755585647,1.0,0,1,149,18,0.5802523966892017,0.5990415219153282,0.05208333333333333,0.0625,5,1
10000,5759,0.589646959302265,0.7802717361664391,0.057291666666666706,0.03299183886091335,1.0,0,1,149,19,0.5802523966892017,0.5990415219153282,0.05208333333333333,0.0625,5,1
10000,5719,0.5708578340761384,0.8020721082684563,0.06770833333333333,0.03724427347438363,1.0,0,1,150,0,0.5614632714630752,0.5802523966892017,0.0625,0.07291666666666666,5,1
10000,5712,0.5708578340761384,0.8020721082684563,0.06770833333333333,0.03221288515406162,1.0,0,1,150,1,0.5614632714630752,0.5802523966892017,0.0625,0.07291666666666666,5,1
10000,5644,0.5708578340761384,0.8020721082684563,0.06770833333333333,0.0336640680368533,1.0,0,1,150,2,0.5614632714630752,0.5802523966892017,0.0625,0.07291666666666666,5,1
10000,5706,0.5708578340761384,0.8020721082684563,0.06770833333333333,0.03294777427269541,1.0,1,1,150,3,0.5614632714630752,0.5802523966892017,0.0625,0.07291666666666666,5,1
10000,5896,0.5708578340761384,0.8020721082684563,0.06770833333333333,0.03290366350067843,1.0,0,1,150,4,0.5614632714630752,0.5802523966892017,0.0625,0.07291666666666666,5,1
10000,5718,0.5708578340761384,0.8020721082684563,0.06770833333333333,0.02938090241343127,1.0,0,1,150,5,0.5614632714630752,0.5802523966892017,0.0625,0.07291666666666666,5,1
10000,5696,0.5708578340761384,0.8020721082684563,0.06770833333333333,0.03581460674157303,1.0,0,1,150,6,0.5614632714630752,0.5802523966892017,0.0625,0.07291666666666666,5,1
10000,5727,0.5708578340761384,0.8020721082684563,0.06770833333333333,0.03195390256678889,1.0,0,1,150,7,0.5614632714630752,0.5802523966892017,0.0625,0.07291666666666666,5,1
10000,5759,0.5708578340761384,0.8020721082684563,0.06770833333333333,0.036811946518492795,1.0,1,1,150,8,0.5614632714630752,0.5802523966892017,0.0625,0.07291666666666666,5,1
10000,5764,0.5708578340761384,0.8020721082684563,0.06770833333333333,0.03417765440666204,1.0,0,1,150,9,0.5614632714630752,0.5802523966892017,0.0625,0.07291666666666666,5,1
10000,5703,0.5708578340761384,0.8020721082684563,0.06770833333333333,0.03243906715763633,1.0,0,1,150,10,0.5614632714630752,0.5802523966892017,0.0625,0.07291666666666666,5,1
10000,5800,0.5708578340761384,0.8020721082684563,0.06770833333333333,0.03224137931034483,1.0,0,1,150,11,0.5614632714630752,0.5802523966892017,0.0625,0.07291666666666666,5,1
10000,5684,0.5708578340761384,0.8020721082684563,0.06770833333333333,0.032899366643209006,1.0,0,1,150,12,0.5614632714630752,0.5802523966892017,0.0625,0.07291666666666666,5,1
10000,5656,0.5708578340761384,0.8020721082684563,0.06770833333333333,0.03094059405940594,1.0,0,1,150,13,0.5614632714630752,0.5802523966892017,0.0625,0.07291666666666666,5,1
10000,5686,0.5708578340761384,0.8020721082684563,0.06770833333333333,0.03236018290538164,1.0,0,1,150,14,0.5614632714630752,0.5802523966892017,0.0625,0.07291666666666666,5,1
10000,5608,0.5708578340761384,0.8020721082684563,0.06770833333333333,0.03548502139800285,1.0,1,1,150,15,0.5614632714630752,0.5802523966892017,0.0625,0.07291666666666666,5,1
10000,5784,0.5708578340761384,0.8020721082684563,0.06770833333333333,0.03423236514522822,1.0,0,1,150,16,0.5614632714630752,0.5802523966892017,0.0625,0.07291666666666666,5,1
10000,5695,0.5708578340761384,0.8020721082684563,0.06770833333333333,0.034767339771729584,1.0,0,1,150,17,0.5614632714630752,0.5802523966892017,0.0625,0.07291666666666666,5,1
10000,5793,0.5708578340761384,0.8020721082684563,0.06770833333333333,0.036078025202831,1.0,0,1,150,18,0.5614632714630752,0.5802523966892017,0.0625,0.07291666666666666,5,1
10000,5625,0.5708578340761384,0.8020721082684563,0.06770833333333333,0.0304,1.0,0,1,150,19,0.5614632714630752,0.5802523966892017,0.0625,0.07291666666666666,5,1
10000,5787,0.5708578340761384,0.8216435757849828,0.07812499999999996,0.03974425436322793,1.0,0,1,151,0,0.5614632714630752,0.5802523966892017,0.07291666666666666,0.08333333333333333,5,0
10000,5773,0.5708578340761384,0.8216435757849828,0.07812499999999996,0.03152606963450546,1.0,1,1,151,1,0.5614632714630752,0.5802523966892017,0.07291666666666666,0.08333333333333333,5,0
10000,5735,0.5708578340761384,0.8216435757849828,0.07812499999999996,0.032432432432432434,1.0,1,1,151,2,0.5614632714630752,0.5802523966892017,0.07291666666666666,0.08333333333333333,5,0
10000,5662,0.5708578340761384,0.8216435757849828,0.07812499999999996,0.035499823383963264,1.0,0,1,151,3,0.5614632714630752,0.5802523966892017,0.07291666666666666,0.08333333333333333,5,0
10000,5782,0.5708578340761384,0.8216435757849828,0.07812499999999996,0.036665513663092356,1.0,0,1,151,4,0.5614632714630752,0.5802523966892017,0.07291666666666666,0.08333333333333333,5,0
10000,5747,0.5708578340761384,0.8216435757849828,0.07812499999999996,0.0321907081955803,1.0,1,1,151,5,0.5614632714630752,0.5802523966892017,0.07291666666666666,0.08333333333333333,5,0
10000,5627,0.5708578340761384,0.8216435757849828,0.07812499999999996,0.03412120135063089,1.0,1,1,151,6,0.5614632714630752,0.5802523966892017,0.07291666666666666,0.08333333333333333,5,0
10000,5749,0.5708578340761384,0.8216435757849828,0.07812499999999996,0.032527396068881546,1.0,0,1,151,7,0.5614632714630752,0.5802523966892017,0.07291666666666666,0.08333333333333333,5,0
10000,5774,0.5708578340761384,0.8216435757849828,0.07812499999999996,0.02684447523380672,1.0,0,1,151,8,0.5614632714630752,0.5802523966892017,0.07291666666666666,0.08333333333333333,5,0
10000,5716,0.5708578340761384,0.8216435757849828,0.07812499999999996,0.033065080475857246,1.0,0,1,151,9,0.5614632714630752,0.5802523966892017,0.07291666666666666,0.08333333333333333,5,0
10000,5962,0.589646959302265,0.8020721082684563,0.06770833333333333,0.03136531365313653,1.0,1,1,152,0,0.5802523966892017,0.5990415219153282,0.0625,0.07291666666666666,5,0
10000,5888,0.589646959302265,0.8020721082684563,0.06770833333333333,0.03379755434782609,1.0,1,1,152,1,0.5802523966892017,0.5990415219153282,0.0625,0.07291666666666666,5,0
10000,5864,0.589646959302265,0.8020721082684563,0.06770833333333333,0.033765347885402454,1.0,1,1,152,2,0.5802523966892017,0.5990415219153282,0.0625,0.07291666666666666,5,0
10000,5871,0.589646959302265,0.8020721082684563,0.06770833333333333,0.02810424118548799,1.0,1,0,152,3,0.5802523966892017,0.5990415219153282,0.0625,0.07291666666666666,5,0
10000,5967,0.589646959302265,0.8020721082684563,0.06770833333333333,0.03435562259091671,1.0,0,1,152,4,0.5802523966892017,0.5990415219153282,0.0625,0.07291666666666666,5,0
10000,5847,0.589646959302265,0.8020721082684563,0.06770833333333333,0.03386351975371986,1.0,1,1,152,5,0.5802523966892017,0.5990415219153282,0.0625,0.07291666666666666,5,0
10000,5902,0.589646959302265,0.8020721082684563,0.06770833333333333,0.03388681802778719,1.0,0,1,152,6,0.5802523966892017,0.5990415219153282,0.0625,0.07291666666666666,5,0
10000,5890,0.589646959302265,0.8020721082684563,0.06770833333333333,0.033276740237691005,1.0,0,1,152,7,0.5802523966892017,0.5990415219153282,0.0625,0.07291666666666666,5,0
10000,5936,0.589646959302265,0.8020721082684563,0.06770833333333333,0.03167115902964959,1.0,0,1,152,8,0.5802523966892017,0.5990415219153282,0.0625,0.07291666666666666,5,0
10000,5899,0.589646959302265,0.8020721082684563,0.06770833333333333,0.033565011018816746,1.0,0,1,152,9,0.5802523966892017,0.5990415219153282,0.0625,0.07291666666666666,5,0
10000,6014,0.589646959302265,0.8216435757849828,0.07812499999999996,0.03508480212836714,1.0,0,1,153,0,0.5802523966892017,0.5990415219153282,0.07291666666666666,0.08333333333333333,5,0
10000,6098,0.589646959302265,0.8216435757849828,0.07812499999999996,0.037389307969826174,1.0,1,1,153,1,0.5802523966892017,0.5990415219153282,0.07291666666666666,0.08333333333333333,5,0
10000,5816,0.589646959302265,0.8216435757849828,0.07812499999999996,0.035247592847317745,1.0,1,1,153,2,0.5802523966892017,0.5990415219153282,0.07291666666666666,0.08333333333333333,5,0
10000,5901,0.589646959302265,0.8216435757849828,0.07812499999999996,0.03812913065582105,1.0,0,1,153,3,0.5802523966892017,0.5990415219153282,0.07291666666666666,0.08333333333333333,5,0
10000,6006,0.589646959302265,0.8216435757849828,0.07812499999999996,0.030802530802530804,1.0,0,1,153,4,0.5802523966892017,0.5990415219153282,0.07291666666666666,0.08333333333333333,5,0
10000,5998,0.589646959302265,0.8216435757849828,0.07812499999999996,0.034178059353117705,1.0,1,1,153,5,0.5802523966892017,0.5990415219153282,0.07291666666666666,0.08333333333333333,5,0
10000,5882,0.589646959302265,0.8216435757849828,0.07812499999999996,0.033151989119347164,1.0,1,1,153,6,0.5802523966892017,0.5990415219153282,0.07291666666666666,0.08333333333333333,5,0
10000,5704,0.589646959302265,0.8216435757849828,0.07812499999999996,0.033660589060308554,1.0,1,1,153,7,0.5802523966892017,0.5990415219153282,0.07291666666666666,0.08333333333333333,5,0
10000,5959,0.589646959302265,0.8216435757849828,0.07812499999999996,0.03658331934888404,1.0,1,1,153,8,0.5802523966892017,0.5990415219153282,0.07291666666666666,0.08333333333333333,5,0
10000,5856,0.589646959302265,0.8216435757849828,0.07812499999999996,0.03449453551912568,1.0,0,1,153,9,0.5802523966892017,0.5990415219153282,0.07291666666666666,0.08333333333333333,5,0
10000,5962,0.6084360845283915,0.7556729401867746,0.046875,0.03304260315330426,1.0,0,0,154,0,0.5990415219153282,0.6178306471414547,0.041666666666666664,0.05208333333333333,5,0
10000,6056,0.6084360845283915,0.7556729401867746,0.046875,0.033850726552179654,1.0,0,1,154,1,0.5990415219153282,0.6178306471414547,0.041666666666666664,0.05208333333333333,5,0
10000,6027,0.6084360845283915,0.7556729401867746,0.046875,0.03318400530944085,1.0,0,1,154,2,0.5990415219153282,0.6178306471414547,0.041666666666666664,0.05208333333333333,5,0
10000,6170,0.6084360845283915,0.7556729401867746,0.046875,0.030307941653160454,1.0,0,1,154,3,0.5990415219153282,0.6178306471414547,0.041666666666666664,0.05208333333333333,5,0
10000,5969,0.6084360845283915,0.7556729401867746,0.046875,0.03719215949070196,1.0,0,0,154,4,0.5990415219153282,0.6178306471414547,0.041666666666666664,0.05208333333333333,5,0
10000,6125,0.6084360845283915,0.7556729401867746,0.046875,0.0326530612244898,1.0,0,1,154,5,0.5990415219153282,0.6178306471414547,0.041666666666666664,0.05208333333333333,5,0
10000,6186,0.6084360845283915,0.7556729401867746,0.046875,0.030391205948916908,1.0,0,1,154,6,0.5990415219153282,0.6178306471414547,0.041666666666666664,0.05208333333333333,5,0
10000,6091,0.6084360845283915,0.7556729401867746,0.046875,0.03299950747003776,1.0,0,1,154,7,0.5990415219153282,0.6178306471414547,0.041666666666666664,0.05208333333333333,5,0
10000,6081,0.6084360845283915,0.7556729401867746,0.046875,0.03042262785726032,1.0,0,1,154,8,0.5990415219153282,0.6178306471414547,0.041666666666666664,0.05208333333333333,5,0
10000,6127,0.6084360845283915,0.7556729401867746,0.046875,0.03443773461726783,1.0,0,1,154,9,0.5990415219153282,0.6178306471414547,0.041666666666666664,0.05208333333333333,5,0
10000,6057,0.6084360845283915,0.7802717361664391,0.057291666666666706,0.03401023609047383,1.0,0,0,155,0,0.5990415219153282,0.6178306471414547,0.05208333333333333,0.0625,5,1
10000,6073,0.6084360845283915,0.7802717361664391,0.057291666666666706,0.032932652725177015,1.0,0,1,155,1,0.5990415219153282,0.6178306471414547,0.05208333333333333,0.0625,5,1
10000,6077,0.6084360845283915,0.7802717361664391,0.057291666666666706,0.036531183149580385,1.0,0,1,155,2,0.5990415219153282,0.6178306471414547,0.05208333333333333,0.0625,5,1
10000,6114,0.6084360845283915,0.7802717361664391,0.057291666666666706,0.03173045469414459,1.0,0,0,155,3,0.5990415219153282,0.6178306471414547,0.05208333333333333,0.0625,5,1
10000,6121,0.6084360845283915,0.7802717361664391,0.057291666666666706,0.03332788760006535,1.0,0,1,155,4,0.5990415219153282,0.6178306471414547,0.05208333333333333,0.0625,5,1
10000,6073,0.6084360845283915,0.7802717361664391,0.057291666666666706,0.034249958834184094,1.0,0,1,155,5,0.5990415219153282,0.6178306471414547,0.05208333333333333,0.0625,5,1
10000,6107,0.6084360845283915,0.7802717361664391,0.057291666666666706,0.034878008842312104,1.0,0,1,155,6,0.5990415219153282,0.6178306471414547,0.05208333333333333,0.0625,5,1
10000,6099,0.6084360845283915,0.7802717361664391,0.057291666666666706,0.03475979668798164,1.0,0,1,155,7,0.5990415219153282,0.6178306471414547,0.05208333333333333,0.0625,5,1
10000,6121,0.6084360845283915,0.7802717361664391,0.057291666666666706,0.034961607580460706,1.0,0,0,155,8,0.5990415219153282,0.6178306471414547,0.05208333333333333,0.0625,5,1
10000,6132,0.6084360845283915,0.7802717361664391,0.057291666666666706,0.03440965427266797,1.0,0,1,155,9,0.5990415219153282,0.6178306471414547,0.05208333333333333,0.0625,5,1
10000,6066,0.6084360845283915,0.7802717361664391,0.057291666666666706,0.03577316188592153,1.0,0,1,155,10,0.5990415219153282,0.6178306471414547,0.05208333333333333,0.0625,5,1
10000,6080,0.6084360845283915,0.7802717361664391,0.057291666666666706,0.03536184210526316,1.0,0,1,155,11,0.5990415219153282,0.6178306471414547,0.05208333333333333,0.0625,5,1
10000,6019,0.6084360845283915,0.7802717361664391,0.057291666666666706,0.03522179764080412,1.0,0,1,155,12,0.5990415219153282,0.6178306471414547,0.05208333333333333,0.0625,5,1
10000,6148,0.6084360845283915,0.7802717361664391,0.057291666666666706,0.02992843201040989,1.0,0,1,155,13,0.5990415219153282,0.6178306471414547,0.05208333333333333,0.0625,5,1
10000,6086,0.6084360845283915,0.7802717361664391,0.057291666666666706,0.031547814656588895,1.0,0,1,155,14,0.5990415219153282,0.6178306471414547,0.05208333333333333,0.0625,5,1
10000,6064,0.6084360845283915,0.7802717361664391,0.057291666666666706,0.0395778364116095,1.0,0,1,155,15,0.5990415219153282,0.6178306471414547,0.05208333333333333,0.0625,5,1
10000,6083,0.6084360845283915,0.7802717361664391,0.057291666666666706,0.03386486930790728,1.0,0,0,155,16,0.5990415219153282,0.6178306471414547,0.05208333333333333,0.0625,5,1
10000,6124,0.6084360845283915,0.7802717361664391,0.057291666666666706,0.028739386022207707,1.0,0,1,155,17,0.5990415219153282,0.6178306471414547,0.05208333333333333,0.0625,5,1
10000,6105,0.6084360845283915,0.7802717361664391,0.057291666666666706,0.03636363636363636,1.0,0,1,155,18,0.5990415219153282,0.6178306471414547,0.05208333333333333,0.0625,5,1
10000,6089,0.6084360845283915,0.7802717361664391,0.057291666666666706,0.030054196091312203,1.0,0,1,155,19,0.5990415219153282,0.6178306471414547,0.05208333333333333,0.0625,5,1
10000,6298,0.6272252097545181,0.7556729401867746,0.046875,0.034772943791679896,1.0,0,1,156,0,0.6178306471414547,0.6366197723675814,0.041666666666666664,0.05208333333333333,5,0
10000,6178,0.6272252097545181,0.7556729401867746,0.046875,0.0318873421819359,1.0,0,0,156,1,0.6178306471414547,0.6366197723675814,0.041666666666666664,0.05208333333333333,5,0
10000,6279,0.6272252097545181,0.7556729401867746,0.046875,0.035196687370600416,1.0,0,1,156,2,0.6178306471414547,0.6366197723675814,0.041666666666666664,0.05208333333333333,5,0
10000,6244,0.6272252097545181,0.7556729401867746,0.046875,0.030269058295964126,1.0,0,1,156,3,0.6178306471414547,0.6366197723675814,0.041666666666666664,0.05208333333333333,5,0
10000,6241,0.6272252097545181,0.7556729401867746,0.046875,0.03396891523794264,1.0,0,1,156,4,0.6178306471414547,0.6366197723675814,0.041666666666666664,0.05208333333333333,5,0
10000,6317,0.6272252097545181,0.7556729401867746,0.046875,0.0337185372803546,1.0,0,1,156,5,0.6178306471414547,0.6366197723675814,0.041666666666666664,0.05208333333333333,5,0
10000,6320,0.6272252097545181,0.7556729401867746,0.046875,0.030221518987341774,1.0,0,1,156,6,0.6178306471414547,0.6366197723675814,0.041666666666666664,0.05208333333333333,5,0
10000,6280,0.6272252097545181,0.7556729401867746,0.046875,0.037420382165605094,1.0,0,0,156,7,0.6178306471414547,0.6366197723675814,0.041666666666666664,0.05208333333333333,5,0
10000,6352,0.6272252097545181,0.7556729401867746,0.046875,0.031801007556675066,1.0,0,0,156,8,0.6178306471414547,0.6366197723675814,0.041666666666666664,0.05208333333333333,5,0
10000,6283,0.6272252097545181,0.7556729401867746,0.046875,0.029444532866465065,1.0,0,1,156,9,0.6178306471414547,0.6366197723675814,0.041666666666666664,0.05208333333333333,5,0
10000,6377,0.6272252097545181,0.7802717361664391,0.057291666666666706,0.035596675552767756,1.0,0,1,157,0,0.6178306471414547,0.6366197723675814,0.05208333333333333,0.0625,5,1
10000,6197,0.6272252097545181,0.7802717361664391,0.057291666666666706,0.03324189123769566,1.0,0,1,157,1,0.6178306471414547,0.6366197723675814,0.05208333333333333,0.0625,5,1
10000,6345,0.6272252097545181,0.7802717361664391,0.057291666666666706,0.030417651694247438,1.0,0,1,157,2,0.6178306471414547,0.6366197723675814,0.05208333333333333,0.0625,5,1
10000,6282,0.6272252097545181,0.7802717361664391,0.057291666666666706,0.030563514804202482,1.0,0,1,157,3,0.6178306471414547,0.6366197723675814,0.05208333333333333,0.0625,5,1
10000,6183,0.6272252097545181,0.7802717361664391,0.057291666666666706,0.029273815300016173,1.0,0,1,157,4,0.6178306471414547,0.6366197723675814,0.05208333333333333,0.0625,5,1
10000,6251,0.6272252097545181,0.7802717361664391,0.057291666666666706,0.03663413853783395,1.0,0,1,157,5,0.6178306471414547,0.6366197723675814,0.05208333333333333,0.0625,5,1
10000,6230,0.6272252097545181,0.7802717361664391,0.057291666666666706,0.03515248796147673,1.0,0,1,157,6,0.6178306471414547,0.6366197723675814,0.05208333333333333,0.0625,5,1
10000,6222,0.6272252097545181,0.7802717361664391,0.057291666666666706,0.032947605271616845,1.0,0,1,157,7,0.6178306471414547,0.6366197723675814,0.05208333333333333,0.0625,5,1
10000,6405,0.6272252097545181,0.7802717361664391,0.057291666666666706,0.030913348946135833,1.0,0,1,157,8,0.6178306471414547,0.6366197723675814,0.05208333333333333,0.0625,5,1
10000,6315,0.6272252097545181,0.7802717361664391,0.057291666666666706,0.03594615993665875,1.0,0,1,157,9,0.6178306471414547,0.6366197723675814,0.05208333333333333,0.0625,5,1
10000,6349,0.6272252097545181,0.7802717361664391,0.057291666666666706,0.03339108521026933,1.0,0,1,157,10,0.6178306471414547,0.6366197723675814,0.05208333333333333,0.0625,5,1
10000,6286,0.6272252097545181,0.7802717361664391,0.057291666666666706,0.030225898822780782,1.0,0,1,157,11,0.6178306471414547,0.6366197723675814,0.05208333333333333,0.0625,5,1
10000,6279,0.6272252097545181,0.7802717361664391,0.057291666666666706,0.034400382226469184,1.0,0,1,157,12,0.6178306471414547,0.6366197723675814,0.05208333333333333,0.0625,5,1
10000,6278,0.6272252097545181,0.7802717361664391,0.057291666666666706,0.03106084740363173,1.0,0,1,157,13,0.6178306471414547,0.6366197723675814,0.05208333333333333,0.0625,5,1
10000,6387,0.6272252097545181,0.7802717361664391,0.057291666666666706,0.03131360576170346,1.0,0,1,157,14,0.6178306471414547,0.6366197723675814,0.05208333333333333,0.0625,5,1
10000,6304,0.6272252097545181,0.7802717361664391,0.057291666666666706,0.0353743654822335,1.0,0,1,157,15,0.6178306471414547,0.6366197723675814,0.05208333333333333,0.0625,5,1
10000,6201,0.6272252097545181,0.7802717361664391,0.057291666666666706,0.030317690695049186,1.0,0,1,157,16,0.6178306471414547,0.6366197723675814,0.05208333333333333,0.0625,5,1
10000,6324,0.6272252097545181,0.7802717361664391,0.057291666666666706,0.031625553447185324,1.0,0,1,157,17,0.6178306471414547,0.6366197723675814,0.05208333333333333,0.0625,5,1
10000,6348,0.6272252097545181,0.7802717361664391,0.057291666666666706,0.030560806553245116,1.0,0,1,157,18,0.6178306471414547,0.6366197723675814,0.05208333333333333,0.0625,5,1
10000,6329,0.6272252097545181,0.7802717361664391,0.057291666666666706,0.03160056881023859,1.0,0,1,157,19,0.6178306471414547,0.6366197723675814,0.05208333333333333,0.0625,5,1
10000,6235,0.6178306471414547,0.8121091305537216,0.0729166666666667,0.03207698476343224,1.0,1,1,158,0,0.5990415219153282,0.6366197723675814,0.0625,0.08333333333333333,4,0
10000,6199,0.6178306471414547,0.8121091305537216,0.0729166666666667,0.03548959509598322,1.0,0,1,158,1,0.5990415219153282,0.6366197723675814,0.0625,0.08333333333333333,4,0
10000,5982,0.6178306471414547,0.8121091305537216,0.0729166666666667,0.03493814777666333,1.0,0,1,158,2,0.5990415219153282,0.6366197723675814,0.0625,0.08333333333333333,4,0
10000,6209,0.6178306471414547,0.8121091305537216,0.0729166666666667,0.03462715413110001,1.0,0,1,158,3,0.5990415219153282,0.6366197723675814,0.0625,0.08333333333333333,4,0
10000,6187,0.6178306471414547,0.8121091305537216,0.0729166666666667,0.02731533861322127,1.0,1,1,158,4,0.5990415219153282,0.6366197723675814,0.0625,0.08333333333333333,4,0
10000,6197,0.6178306471414547,0.8121091305537216,0.0729166666666667,0.033080522833629174,1.0,1,1,158,5,0.5990415219153282,0.6366197723675814,0.0625,0.08333333333333333,4,0
10000,6268,0.6178306471414547,0.8121091305537216,0.0729166666666667,0.029036375239310786,1.0,1,1,158,6,0.5990415219153282,0.6366197723675814,0.0625,0.08333333333333333,4,0
10000,6205,0.6178306471414547,0.8121091305537216,0.0729166666666667,0.03497179693795326,1.0,0,1,158,7,0.5990415219153282,0.6366197723675814,0.0625,0.08333333333333333,4,0
10000,6171,0.6178306471414547,0.8121091305537216,0.0729166666666667,0.034192189272403174,1.0,0,1,158,8,0.5990415219153282,0.6366197723675814,0.0625,0.08333333333333333,4,0
10000,6298,0.6178306471414547,0.8121091305537216,0.0729166666666667,0.032391235312797716,1.0,1,1,158,9,0.5990415219153282,0.6366197723675814,0.0625,0.08333333333333333,4,0
10000,5516,0.5614632714630752,0.8903123748998999,0.125,0.03444525018129079,1.0,1,1,159,0,0.4863067705585691,0.6366197723675814,0.08333333333333333,0.16666666666666666,2,0
10000,5684,0.5614632714630752,0.8903123748998999,0.125,0.03254750175932442,1.0,1,1,159,1,0.4863067705585691,0.6366197723675814,0.08333333333333333,0.16666666666666666,2,0
10000,5630,0.5614632714630752,0.8903123748998999,0.125,0.033214920071047954,1.0,1,1,159,2,0.4863067705585691,0.6366197723675814,0.08333333333333333,0.16666666666666666,2,0
10000,5712,0.5614632714630752,0.8903123748998999,0.125,0.02923669467787115,1.0,1,1,159,3,0.4863067705585691,0.6366197723675814,0.08333333333333333,0.16666666666666666,2,0
10000,5665,0.5614632714630752,0.8903123748998999,0.125,0.029832303618711385,1.0,1,1,159,4,0.4863067705585691,0.6366197723675814,0.08333333333333333,0.16666666666666666,2,0
10000,5635,0.5614632714630752,0.8903123748998999,0.125,0.031233362910381545,1.0,1,1,159,5,0.4863067705585691,0.6366197723675814,0.08333333333333333,0.16666666666666666,2,0
10000,5684,0.5614632714630752,0.8903123748998999,0.125,0.03237156931738212,1.0,1,1,159,6,0.4863067705585691,0.6366197723675814,0.08333333333333333,0.16666666666666666,2,0
10000,5423,0.5614632714630752,0.8903123748998999,0.125,0.03669555596533284,1.0,1,1,159,7,0.4863067705585691,0.6366197723675814,0.08333333333333333,0.16666666666666666,2,0
10000,5593,0.5614632714630752,0.8903123748998999,0.125,0.030931521544788128,1.0,1,1,159,8,0.4863067705585691,0.6366197723675814,0.08333333333333333,0.16666666666666666,2,0
10000,5538,0.5614632714630752,0.8903123748998999,0.125,0.03358613217768147,1.0,1,1,159,9,0.4863067705585691,0.6366197723675814,0.08333333333333333,0.16666666666666666,2,0
10000,5000,0.4863067705585691,0.9841229182759271,0.25000000000000006,0.0356,1.0,1,1,160,0,0.33599376874955683,0.6366197723675814,0.16666666666666666,0.3333333333333333,1,0
10000,4854,0.4863067705585691,0.9841229182759271,0.25000000000000006,0.034816646065100945,1.0,1,1,160,1,0.33599376874955683,0.6366197723675814,0.16666666666666666,0.3333333333333333,1,0
10000,4875,0.4863067705585691,0.9841229182759271,0.25000000000000006,0.03528205128205128,1.0,1,1,160,2,0.33599376874955683,0.6366197723675814,0.16666666666666666,0.3333333333333333,1,0
10000,4845,0.4863067705585691,0.9841229182759271,0.25000000000000006,0.034262125902992775,1.0,1,1,160,3,0.33599376874955683,0.6366197723675814,0.16666666666666666,0.3333333333333333,1,0
10000,4822,0.4863067705585691,0.9841229182759271,0.25000000000000006,0.031729572791372875,1.0,1,1,160,4,0.33599376874955683,0.6366197723675814,0.16666666666666666,0.3333333333333333,1,0
10000,4900,0.4863067705585691,0.9841229182759271,0.25000000000000006,0.03489795918367347,1.0,1,1,160,5,0.33599376874955683,0.6366197723675814,0.16666666666666666,0.3333333333333333,1,0
10000,4791,0.4863067705585691,0.9841229182759271,0.25000000000000006,0.03736171989146316,1.0,1,1,160,6,0.33599376874955683,0.6366197723675814,0.16666666666666666,0.3333333333333333,1,0
10000,4836,0.4863067705585691,0.9841229182759271,0.25000000000000006,0.035153019023986765,1.0,1,1,160,7,0.33599376874955683,0.6366197723675814,0.16666666666666666,0.3333333333333333,1,0
10000,4816,0.4863067705585691,0.9841229182759271,0.25000000000000006,0.03280730897009967,1.0,1,1,160,8,0.33599376874955683,0.6366197723675814,0.16666666666666666,0.3333333333333333,1,0
10000,4801,0.4863067705585691,0.9841229182759271,0.25000000000000006,0.028119141845448864,1.0,1,1,160,9,0.33599376874955683,0.6366197723675814,0.16666666666666666,0.3333333333333333,1,0
10000,7123,0.7062060365946075,0.6739926363384382,0.020833333333333332,0.03313210725817774,1.0,0,0,161,0,0.6366197723675814,0.7757923008216336,0.0,0.041666666666666664,3,0
10000,7021,0.7062060365946075,0.6739926363384382,0.020833333333333332,0.032616436405070504,1.0,0,0,161,1,0.6366197723675814,0.7757923008216336,0.0,0.041666666666666664,3,0
10000,6990,0.7062060365946075,0.6739926363384382,0.020833333333333332,0.031044349070100143,1.0,0,0,161,2,0.6366197723675814,0.7757923008216336,0.0,0.041666666666666664,3,0
10000,7133,0.7062060365946075,0.6739926363384382,0.020833333333333332,0.03168372353848311,1.0,0,0,161,3,0.6366197723675814,0.7757923008216336,0.0,0.041666666666666664,3,0
10000,7004,0.7062060365946075,0.6739926363384382,0.020833333333333332,0.03141062250142775,1.0,0,0,161,4,0.6366197723675814,0.7757923008216336,0.0,0.041666666666666664,3,0
10000,7087,0.7062060365946075,0.6739926363384382,0.020833333333333332,0.03471144348807676,1.0,0,0,161,5,0.6366197723675814,0.7757923008216336,0.0,0.041666666666666664,3,0
10000,7094,0.7062060365946075,0.6739926363384382,0.020833333333333332,0.034254299407950384,1.0,0,0,161,6,0.6366197723675814,0.7757923008216336,0.0,0.041666666666666664,3,0
10000,7086,0.7062060365946075,0.6739926363384382,0.020833333333333332,0.03175275190516511,1.0,0,0,161,7,0.6366197723675814,0.7757923008216336,0.0,0.041666666666666664,3,0
10000,7091,0.7062060365946075,0.6739926363384382,0.020833333333333332,0.03173036243125088,1.0,0,0,161,8,0.6366197723675814,0.7757923008216336,0.0,0.041666666666666664,3,0
10000,7226,0.7062060365946075,0.6739926363384382,0.020833333333333332,0.03196789371713258,1.0,0,0,161,9,0.6366197723675814,0.7757923008216336,0.0,0.041666666666666664,3,0
10000,6527,0.6540163384243378,0.7556729401867746,0.046875,0.029109851386548185,1.0,0,1,162,0,0.6366197723675814,0.6714129044810944,0.041666666666666664,0.05208333333333333,5,0
10000,6598,0.6540163384243378,0.7556729401867746,0.046875,0.03258563200969991,1.0,0,0,162,1,0.6366197723675814,0.6714129044810944,0.041666666666666664,0.05208333333333333,5,0
10000,6477,0.6540163384243378,0.7556729401867746,0.046875,0.03242241778601204,1.0,0,1,162,2,0.6366197723675814,0.6714129044810944,0.041666666666666664,0.05208333333333333,5,0
10000,6446,0.6540163384243378,0.7556729401867746,0.046875,0.030716723549488054,1.0,0,1,162,3,0.6366197723675814,0.6714129044810944,0.041666666666666664,0.05208333333333333,5,0
10000,6621,0.6540163384243378,0.7556729401867746,0.046875,0.03428485123093188,1.0,0,1,162,4,0.6366197723675814,0.6714129044810944,0.041666666666666664,0.05208333333333333,5,0
10000,6637,0.6540163384243378,0.7556729401867746,0.046875,0.033298176887147805,1.0,0,0,162,5,0.6366197723675814,0.6714129044810944,0.041666666666666664,0.05208333333333333,5,0
10000,6403,0.6540163384243378,0.7556729401867746,0.046875,0.031235358425737936,1.0,0,1,162,6,0.6366197723675814,0.6714129044810944,0.041666666666666664,0.05208333333333333,5,0
10000,6462,0.6540163384243378,0.7556729401867746,0.046875,0.03311668214175178,1.0,0,1,162,7,0.6366197723675814,0.6714129044810944,0.041666666666666664,0.05208333333333333,5,0
10000,6415,0.6540163384243378,0.7556729401867746,0.046875,0.03413873733437257,1.0,0,1,162,8,0.6366197723675814,0.6714129044810944,0.041666666666666664,0.05208333333333333,5,0
10000,6541,0.6540163384243378,0.7556729401867746,0.046875,0.029811955358507874,1.0,0,1,162,9,0.6366197723675814,0.6714129044810944,0.041666666666666664,0.05208333333333333,5,0
10000,6477,0.6540163384243378,0.7802717361664391,0.057291666666666706,0.032268025320364366,1.0,0,1,163,0,0.6366197723675814,0.6714129044810944,0.05208333333333333,0.0625,5,1
10000,6565,0.6540163384243378,0.7802717361664391,0.057291666666666706,0.03457730388423458,1.0,0,1,163,1,0.6366197723675814,0.6714129044810944,0.05208333333333333,0.0625,5,1
10000,6375,0.6540163384243378,0.7802717361664391,0.057291666666666706,0.03670588235294118,1.0,0,1,163,2,0.6366197723675814,0.6714129044810944,0.05208333333333333,0.0625,5,1
10000,6493,0.6540163384243378,0.7802717361664391,0.057291666666666706,0.0355767749884491,1.0,0,1,163,3,0.6366197723675814,0.6714129044810944,0.05208333333333333,0.0625,5,1
10000,6559,0.6540163384243378,0.7802717361664391,0.057291666666666706,0.03171215124256747,1.0,0,1,163,4,0.6366197723675814,0.6714129044810944,0.05208333333333333,0.0625,5,1
10000,6517,0.6540163384243378,0.7802717361664391,0.057291666666666706,0.029307963787018568,1.0,0,1,163,5,0.6366197723675814,0.6714129044810944,0.05208333333333333,0.0625,5,1
10000,6623,0.6540163384243378,0.7802717361664391,0.057291666666666706,0.030650762494337912,1.0,0,1,163,6,0.6366197723675814,0.6714129044810944,0.05208333333333333,0.0625,5,1
10000,6406,0.6540163384243378,0.7802717361664391,0.057291666666666706,0.03215735248204808,1.0,0,1,163,7,0.6366197723675814,0.6714129044810944,0.05208333333333333,0.0625,5,1
10000,6588,0.6540163384243378,0.7802717361664391,0.057291666666666706,0.03476017000607164,1.0,0,1,163,8,0.6366197723675814,0.6714129044810944,0.05208333333333333,0.0625,5,1
10000,6609,0.6540163384243378,0.7802717361664391,0.057291666666666706,0.032985323044333485,1.0,0,1,163,9,0.6366197723675814,0.6714129044810944,0.05208333333333333,0.0625,5,1
10000,6712,0.6540163384243378,0.7802717361664391,0.057291666666666706,0.03247914183551848,1.0,0,1,163,10,0.6366197723675814,0.6714129044810944,0.05208333333333333,0.0625,5,1
10000,6480,0.6540163384243378,0.7802717361664391,0.057291666666666706,0.03595679012345679,1.0,0,1,163,11,0.6366197723675814,0.6714129044810944,0.05208333333333333,0.0625,5,1
10000,6451,0.6540163384243378,0.7802717361664391,0.057291666666666706,0.03239807781739265,1.0,0,1,163,12,0.6366197723675814,0.6714129044810944,0.05208333333333333,0.0625,5,1
10000,6581,0.6540163384243378,0.7802717361664391,0.057291666666666706,0.036316669199209846,1.0,0,1,163,13,0.6366197723675814,0.6714129044810944,0.05208333333333333,0.0625,5,1
10000,6548,0.6540163384243378,0.7802717361664391,0.057291666666666706,0.03268173488087966,1.0,0,1,163,14,0.6366197723675814,0.6714129044810944,0.05208333333333333,0.0625,5,1
10000,6456,0.6540163384243378,0.7802717361664391,0.057291666666666706,0.036864931846344484,1.0,0,1,163,15,0.6366197723675814,0.6714129044810944,0.05208333333333333,0.0625,5,1
10000,6584,0.6540163384243378,0.7802717361664391,0.057291666666666706,0.031743620899149456,1.0,0,1,163,16,0.6366197723675814,0.6714129044810944,0.05208333333333333,0.0625,5,1
10000,6570,0.6540163384243378,0.7802717361664391,0.057291666666666706,0.03576864535768645,1.0,0,1,163,17,0.6366197723675814,0.6714129044810944,0.05208333333333333,0.0625,5,1
10000,6372,0.6540163384243378,0.7802717361664391,0.057291666666666706,0.03232893910860012,1.0,0,1,163,18,0.6366197723675814,0.6714129044810944,0.05208333333333333,0.0625,5,1
10000,6581,0.6540163384243378,0.7802717361664391,0.057291666666666706,0.03297371220179304,1.0,0,1,163,19,0.6366197723675814,0.6714129044810944,0.05208333333333333,0.0625,5,1
10000,6845,0.6888094705378509,0.7556729401867746,0.046875,0.03900657414170928,1.0,0,1,164,0,0.6714129044810944,0.7062060365946075,0.041666666666666664,0.05208333333333333,5,1
10000,6984,0.6888094705378509,0.7556729401867746,0.046875,0.03293241695303551,1.0,0,1,164,1,0.6714129044810944,0.7062060365946075,0.041666666666666664,0.05208333333333333,5,1
10000,6914,0.6888094705378509,0.7556729401867746,0.046875,0.035290714492334396,1.0,0,1,164,2,0.6714129044810944,0.7062060365946075,0.041666666666666664,0.05208333333333333,5,1
10000,6948,0.6888094705378509,0.7556729401867746,0.046875,0.029217040875071962,1.0,0,1,164,3,0.6714129044810944,0.7062060365946075,0.041666666666666664,0.05208333333333333,5,1
10000,6919,0.6888094705378509,0.7556729401867746,0.046875,0.03280820927879751,1.0,0,1,164,4,0.6714129044810944,0.7062060365946075,0.041666666666666664,0.05208333333333333,5,1
10000,6913,0.6888094705378509,0.7556729401867746,0.046875,0.033849269492260955,1.0,0,1,164,5,0.6714129044810944,0.7062060365946075,0.041666666666666664,0.05208333333333333,5,1
10000,6964,0.6888094705378509,0.7556729401867746,0.046875,0.036329695577254455,1.0,0,1,164,6,0.6714129044810944,0.7062060365946075,0.041666666666666664,0.05208333333333333,5,1
10000,6886,0.6888094705378509,0.7556729401867746,0.046875,0.03616032529770549,1.0,0,1,164,7,0.6714129044810944,0.7062060365946075,0.041666666666666664,0.05208333333333333,5,1
10000,6915,0.6888094705378509,0.7556729401867746,0.046875,0.030079537237888646,1.0,0,1,164,8,0.6714129044810944,0.7062060365946075,0.041666666666666664,0.05208333333333333,5,1
10000,6800,0.6888094705378509,0.7556729401867746,0.046875,0.031029411764705882,1.0,0,1,164,9,0.6714129044810944,0.7062060365946075,0.041666666666666664,0.05208333333333333,5,1
10000,6792,0.6888094705378509,0.7556729401867746,0.046875,0.031507656065959955,1.0,0,1,164,10,0.6714129044810944,0.7062060365946075,0.041666666666666664,0.05208333333333333,5,1
10000,6932,0.6888094705378509,0.7556729401867746,0.046875,0.03505481823427582,1.0,0,1,164,11,0.6714129044810944,0.7062060365946075,0.041666666666666664,0.05208333333333333,5,1
10000,6939,0.6888094705378509,0.7556729401867746,0.046875,0.03674881106787722,1.0,0,1,164,12,0.6714129044810944,0.7062060365946075,0.041666666666666664,0.05208333333333333,5,1
10000,6797,0.6888094705378509,0.7556729401867746,0.046875,0.03442695306752979,1.0,0,1,164,13,0.6714129044810944,0.7062060365946075,0.041666666666666664,0.05208333333333333,5,1
10000,7100,0.6888094705378509,0.7556729401867746,0.046875,0.034788732394366195,1.0,0,1,164,14,0.6714129044810944,0.7062060365946075,0.041666666666666664,0.05208333333333333,5,1
10000,6788,0.6888094705378509,0.7556729401867746,0.046875,0.03565114908662345,1.0,0,1,164,15,0.6714129044810944,0.7062060365946075,0.041666666666666664,0.05208333333333333,5,1
10000,6809,0.6888094705378509,0.7556729401867746,0.046875,0.03319136437068586,1.0,0,1,164,16,0.6714129044810944,0.7062060365946075,0.041666666666666664,0.05208333333333333,5,1
10000,6885,0.6888094705378509,0.7556729401867746,0.046875,0.028467683369644153,1.0,0,1,164,17,0.6714129044810944,0.7062060365946075,0.041666666666666664,0.05208333333333333,5,1
10000,6818,0.6888094705378509,0.7556729401867746,0.046875,0.033880903490759756,1.0,0,1,164,18,0.6714129044810944,0.7062060365946075,0.041666666666666664,0.05208333333333333,5,1
10000,7012,0.6888094705378509,0.7556729401867746,0.046875,0.03194523673702225,1.0,0,1,164,19,0.6714129044810944,0.7062060365946075,0.041666666666666664,0.05208333333333333,5,1
10000,6965,0.6888094705378509,0.7802717361664391,0.057291666666666706,0.03273510409188801,1.0,0,1,165,0,0.6714129044810944,0.7062060365946075,0.05208333333333333,0.0625,5,1
10000,6968,0.6888094705378509,0.7802717361664391,0.057291666666666706,0.03229047072330654,1.0,0,1,165,1,0.6714129044810944,0.7062060365946075,0.05208333333333333,0.0625,5,1
10000,6892,0.6888094705378509,0.7802717361664391,0.057291666666666706,0.036419036564132326,1.0,0,1,165,2,0.6714129044810944,0.7062060365946075,0.05208333333333333,0.0625,5,1
10000,6984,0.6888094705378509,0.7802717361664391,0.057291666666666706,0.030355097365406643,1.0,0,1,165,3,0.6714129044810944,0.7062060365946075,0.05208333333333333,0.0625,5,1
10000,6946,0.6888094705378509,0.7802717361664391,0.057291666666666706,0.0361359055571552,1.0,0,1,165,4,0.6714129044810944,0.7062060365946075,0.05208333333333333,0.0625,5,1
10000,6831,0.6888094705378509,0.7802717361664391,0.057291666666666706,0.030595813204508857,1.0,0,1,165,5,0.6714129044810944,0.7062060365946075,0.05208333333333333,0.0625,5,1
10000,6863,0.6888094705378509,0.7802717361664391,0.057291666666666706,0.03278449657584147,1.0,0,1,165,6,0.6714129044810944,0.7062060365946075,0.05208333333333333,0.0625,5,1
10000,6943,0.6888094705378509,0.7802717361664391,0.057291666666666706,0.03384704018435835,1.0,0,1,165,7,0.6714129044810944,0.7062060365946075,0.05208333333333333,0.0625,5,1
10000,6782,0.6888094705378509,0.7802717361664391,0.057291666666666706,0.030227071660277206,1.0,0,1,165,8,0.6714129044810944,0.7062060365946075,0.05208333333333333,0.0625,5,1
10000,6960,0.6888094705378509,0.7802717361664391,0.057291666666666706,0.03405172413793103,1.0,0,1,165,9,0.6714129044810944,0.7062060365946075,0.05208333333333333,0.0625,5,1
10000,6998,0.6888094705378509,0.7802717361664391,0.057291666666666706,0.02929408402400686,1.0,0,1,165,10,0.6714129044810944,0.7062060365946075,0.05208333333333333,0.0625,5,1
10000,6775,0.6888094705378509,0.7802717361664391,0.057291666666666706,0.03084870848708487,1.0,0,1,165,11,0.6714129044810944,0.7062060365946075,0.05208333333333333,0.0625,5,1
10000,6913,0.6888094705378509,0.7802717361664391,0.057291666666666706,0.03587443946188341,1.0,0,1,165,12,0.6714129044810944,0.7062060365946075,0.05208333333333333,0.0625,5,1
10000,6932,0.6888094705378509,0.7802717361664391,0.057291666666666706,0.03159261396422389,1.0,0,1,165,13,0.6714129044810944,0.7062060365946075,0.05208333333333333,0.0625,5,1
10000,6814,0.6888094705378509,0.7802717361664391,0.057291666666666706,0.033900792486058116,1.0,0,1,165,14,0.6714129044810944,0.7062060365946075,0.05208333333333333,0.0625,5,1
10000,6874,0.6888094705378509,0.7802717361664391,0.057291666666666706,0.03447774221704975,1.0,0,1,165,15,0.6714129044810944,0.7062060365946075,0.05208333333333333,0.0625,5,1
10000,6868,0.6888094705378509,0.7802717361664391,0.057291666666666706,0.0337798485730926,1.0,0,1,165,16,0.6714129044810944,0.7062060365946075,0.05208333333333333,0.0625,5,1
10000,6835,0.6888094705378509,0.7802717361664391,0.057291666666666706,0.03145574250182882,1.0,0,1,165,17,0.6714129044810944,0.7062060365946075,0.05208333333333333,0.0625,5,1
10000,6871,0.6888094705378509,0.7802717361664391,0.057291666666666706,0.03376509969436763,1.0,1,1,165,18,0.6714129044810944,0.7062060365946075,0.05208333333333333,0.0625,5,1
10000,6892,0.6888094705378509,0.7802717361664391,0.057291666666666706,0.031195589088798607,1.0,0,1,165,19,0.6714129044810944,0.7062060365946075,0.05208333333333333,0.0625,5,1
10000,6856,0.6714129044810944,0.8121091305537216,0.0729166666666667,0.03296382730455076,1.0,1,1,166,0,0.6366197723675814,0.7062060365946075,0.0625,0.08333333333333333,4,0
10000,6669,0.6714129044810944,0.8121091305537216,0.0729166666666667,0.03598740440845704,1.0,1,1,166,1,0.6366197723675814,0.7062060365946075,0.0625,0.08333333333333333,4,0
10000,6703,0.6714129044810944,0.8121091305537216,0.0729166666666667,0.031329255557213186,1.0,0,1,166,2,0.6366197723675814,0.7062060365946075,0.0625,0.08333333333333333,4,0
10000,6760,0.6714129044810944,0.8121091305537216,0.0729166666666667,0.03121301775147929,1.0,1,1,166,3,0.6366197723675814,0.7062060365946075,0.0625,0.08333333333333333,4,0
10000,6718,0.6714129044810944,0.8121091305537216,0.0729166666666667,0.030515034236379874,1.0,1,1,166,4,0.6366197723675814,0.7062060365946075,0.0625,0.08333333333333333,4,0
10000,6793,0.6714129044810944,0.8121091305537216,0.0729166666666667,0.03474164581186515,1.0,0,1,166,5,0.6366197723675814,0.7062060365946075,0.0625,0.08333333333333333,4,0
10000,6723,0.6714129044810944,0.8121091305537216,0.0729166666666667,0.028261192919827458,1.0,1,1,166,6,0.6366197723675814,0.7062060365946075,0.0625,0.08333333333333333,4,0
10000,6713,0.6714129044810944,0.8121091305537216,0.0729166666666667,0.03530463280202592,1.0,1,1,166,7,0.6366197723675814,0.7062060365946075,0.0625,0.08333333333333333,4,0
10000,6770,0.6714129044810944,0.8121091305537216,0.0729166666666667,0.033382570162481535,1.0,1,1,166,8,0.6366197723675814,0.7062060365946075,0.0625,0.08333333333333333,4,0
10000,6774,0.6714129044810944,0.8121091305537216,0.0729166666666667,0.03469146737525834,1.0,1,1,166,9,0.6366197723675814,0.7062060365946075,0.0625,0.08333333333333333,4,0
10000,7269,0.723602602651364,0.7556729401867746,0.046875,0.03177878662814693,1.0,0,1,167,0,0.7062060365946075,0.7409991687081205,0.041666666666666664,0.05208333333333333,5,1
10000,7243,0.723602602651364,0.7556729401867746,0.046875,0.036448985227115836,1.0,0,1,167,1,0.7062060365946075,0.7409991687081205,0.041666666666666664,0.05208333333333333,5,1
10000,7279,0.723602602651364,0.7556729401867746,0.046875,0.03077345789256766,1.0,0,1,167,2,0.7062060365946075,0.7409991687081205,0.041666666666666664,0.05208333333333333,5,1
10000,7320,0.723602602651364,0.7556729401867746,0.046875,0.03046448087431694,1.0,0,1,167,3,0.7062060365946075,0.7409991687081205,0.041666666666666664,0.05208333333333333,5,1
10000,7267,0.723602602651364,0.7556729401867746,0.046875,0.03275079124810788,1.0,0,1,167,4,0.7062060365946075,0.7409991687081205,0.041666666666666664,0.05208333333333333,5,1
10000,7298,0.723602602651364,0.7556729401867746,0.046875,0.033707865168539325,1.0,0,1,167,5,0.7062060365946075,0.7409991687081205,0.041666666666666664,0.05208333333333333,5,1
10000,7131,0.723602602651364,0.7556729401867746,0.046875,0.027906324498667787,1.0,0,1,167,6,0.7062060365946075,0.7409991687081205,0.041666666666666664,0.05208333333333333,5,1
10000,7223,0.723602602651364,0.7556729401867746,0.046875,0.03682680326734044,1.0,0,1,167,7,0.7062060365946075,0.7409991687081205,0.041666666666666664,0.05208333333333333,5,1
10000,7109,0.723602602651364,0.7556729401867746,0.046875,0.03333802222534815,1.0,0,1,167,8,0.7062060365946075,0.7409991687081205,0.041666666666666664,0.05208333333333333,5,1
10000,7184,0.723602602651364,0.7556729401867746,0.046875,0.03229398663697105,1.0,0,1,167,9,0.7062060365946075,0.7409991687081205,0.041666666666666664,0.05208333333333333,5,1
10000,7129,0.723602602651364,0.7556729401867746,0.046875,0.03296395006312246,1.0,0,1,167,10,0.7062060365946075,0.7409991687081205,0.041666666666666664,0.05208333333333333,5,1
10000,7167,0.723602602651364,0.7556729401867746,0.046875,0.032510115808567046,1.0,0,1,167,11,0.7062060365946075,0.7409991687081205,0.041666666666666664,0.05208333333333333,5,1
10000,7145,0.723602602651364,0.7556729401867746,0.046875,0.034709587123862844,1.0,0,1,167,12,0.7062060365946075,0.7409991687081205,0.041666666666666664,0.05208333333333333,5,1
10000,7199,0.723602602651364,0.7556729401867746,0.046875,0.03472704542297542,1.0,0,1,167,13,0.7062060365946075,0.7409991687081205,0.041666666666666664,0.05208333333333333,5,1
10000,7290,0.723602602651364,0.7556729401867746,0.046875,0.033196159122085046,1.0,0,1,167,14,0.7062060365946075,0.7409991687081205,0.041666666666666664,0.05208333333333333,5,1
10000,7369,0.723602602651364,0.7556729401867746,0.046875,0.032161758718957795,1.0,0,1,167,15,0.7062060365946075,0.7409991687081205,0.041666666666666664,0.05208333333333333,5,1
10000,7315,0.723602602651364,0.7556729401867746,0.046875,0.031578947368421054,1.0,0,1,167,16,0.7062060365946075,0.7409991687081205,0.041666666666666664,0.05208333333333333,5,1
10000,7276,0.723602602651364,0.7556729401867746,0.046875,0.03435953820780649,1.0,0,1,167,17,0.7062060365946075,0.7409991687081205,0.041666666666666664,0.05208333333333333,5,1
10000,7161,0.723602602651364,0.7556729401867746,0.046875,0.03449238933109901,1.0,0,1,167,18,0.7062060365946075,0.7409991687081205,0.041666666666666664,0.05208333333333333,5,1
10000,7275,0.723602602651364,0.7556729401867746,0.046875,0.03216494845360825,1.0,0,1,167,19,0.7062060365946075,0.7409991687081205,0.041666666666666664,0.05208333333333333,5,1
10000,7070,0.723602602651364,0.7802717361664391,0.057291666666666706,0.03507779349363508,1.0,0,1,168,0,0.7062060365946075,0.7409991687081205,0.05208333333333333,0.0625,5,0
10000,7270,0.723602602651364,0.7802717361664391,0.057291666666666706,0.0312242090784044,1.0,0,1,168,1,0.7062060365946075,0.7409991687081205,0.05208333333333333,0.0625,5,0
10000,7304,0.723602602651364,0.7802717361664391,0.057291666666666706,0.03313253012048193,1.0,0,1,168,2,0.7062060365946075,0.7409991687081205,0.05208333333333333,0.0625,5,0
10000,7287,0.723602602651364,0.7802717361664391,0.057291666666666706,0.03252367229312474,1.0,0,1,168,3,0.7062060365946075,0.7409991687081205,0.05208333333333333,0.0625,5,0
10000,7401,0.723602602651364,0.7802717361664391,0.057291666666666706,0.030941764626401837,1.0,1,1,168,4,0.7062060365946075,0.7409991687081205,0.05208333333333333,0.0625,5,0
10000,7363,0.723602602651364,0.7802717361664391,0.057291666666666706,0.030965639005840012,1.0,1,1,168,5,0.7062060365946075,0.7409991687081205,0.05208333333333333,0.0625,5,0
10000,7146,0.723602602651364,0.7802717361664391,0.057291666666666706,0.03512454520011195,1.0,0,1,168,6,0.7062060365946075,0.7409991687081205,0.05208333333333333,0.0625,5,0
10000,7174,0.723602602651364,0.7802717361664391,0.057291666666666706,0.03136325620295512,1.0,1,1,168,7,0.7062060365946075,0.7409991687081205,0.05208333333333333,0.0625,5,0
10000,7344,0.723602602651364,0.7802717361664391,0.057291666666666706,0.03376906318082789,1.0,1,1,168,8,0.7062060365946075,0.7409991687081205,0.05208333333333333,0.0625,5,0
10000,7262,0.723602602651364,0.7802717361664391,0.057291666666666706,0.03263563756540898,1.0,0,1,168,9,0.7062060365946075,0.7409991687081205,0.05208333333333333,0.0625,5,0
10000,7644,0.7583957347648771,0.7556729401867746,0.046875,0.029042386185243328,1.0,0,1,169,0,0.7409991687081205,0.7757923008216336,0.041666666666666664,0.05208333333333333,5,1
10000,7527,0.7583957347648771,0.7556729401867746,0.046875,0.028962402019396837,1.0,0,1,169,1,0.7409991687081205,0.7757923008216336,0.041666666666666664,0.05208333333333333,5,1
10000,7553,0.7583957347648771,0.7556729401867746,0.046875,0.033364226135310475,1.0,0,1,169,2,0.7409991687081205,0.7757923008216336,0.041666666666666664,0.05208333333333333,5,1
10000,7567,0.7583957347648771,0.7556729401867746,0.046875,0.03515263644773358,1.0,0,1,169,3,0.7409991687081205,0.7757923008216336,0.041666666666666664,0.05208333333333333,5,1
10000,7635,0.7583957347648771,0.7556729401867746,0.046875,0.03510150622134905,1.0,0,1,169,4,0.7409991687081205,0.7757923008216336,0.041666666666666664,0.05208333333333333,5,1
10000,7549,0.7583957347648771,0.7556729401867746,0.046875,0.03271956550536495,1.0,0,1,169,5,0.7409991687081205,0.7757923008216336,0.041666666666666664,0.05208333333333333,5,1
10000,7623,0.7583957347648771,0.7556729401867746,0.046875,0.03581267217630854,1.0,0,1,169,6,0.7409991687081205,0.7757923008216336,0.041666666666666664,0.05208333333333333,5,1
10000,7659,0.7583957347648771,0.7556729401867746,0.046875,0.03224964094529312,1.0,0,1,169,7,0.7409991687081205,0.7757923008216336,0.041666666666666664,0.05208333333333333,5,1
10000,7479,0.7583957347648771,0.7556729401867746,0.046875,0.03396175959352855,1.0,0,1,169,8,0.7409991687081205,0.7757923008216336,0.041666666666666664,0.05208333333333333,5,1
10000,7518,0.7583957347648771,0.7556729401867746,0.046875,0.03391859537110934,1.0,0,1,169,9,0.7409991687081205,0.7757923008216336,0.041666666666666664,0.05208333333333333,5,1
10000,7563,0.7583957347648771,0.7556729401867746,0.046875,0.030278989818854952,1.0,0,1,169,10,0.7409991687081205,0.7757923008216336,0.041666666666666664,0.05208333333333333,5,1
10000,7516,0.7583957347648771,0.7556729401867746,0.046875,0.032863225119744544,1.0,0,1,169,11,0.7409991687081205,0.7757923008216336,0.041666666666666664,0.05208333333333333,5,1
10000,7576,0.7583957347648771,0.7556729401867746,0.046875,0.031019007391763463,1.0,0,1,169,12,0.7409991687081205,0.7757923008216336,0.041666666666666664,0.05208333333333333,5,1
10000,7609,0.7583957347648771,0.7556729401867746,0.046875,0.031278748850046,1.0,0,0,169,13,0.7409991687081205,0.7757923008216336,0.041666666666666664,0.05208333333333333,5,1
10000,7859,0.7583957347648771,0.7556729401867746,0.046875,0.033210332103321034,1.0,0,1,169,14,0.7409991687081205,0.7757923008216336,0.041666666666666664,0.05208333333333333,5,1
10000,7569,0.7583957347648771,0.7556729401867746,0.046875,0.03104769454353283,1.0,1,1,169,15,0.7409991687081205,0.7757923008216336,0.041666666666666664,0.05208333333333333,5,1
10000,7518,0.7583957347648771,0.7556729401867746,0.046875,0.032854482575152964,1.0,0,1,169,16,0.7409991687081205,0.7757923008216336,0.041666666666666664,0.05208333333333333,5,1
10000,7584,0.7583957347648771,0.7556729401867746,0.046875,0.03059071729957806,1.0,0,1,169,17,0.7409991687081205,0.7757923008216336,0.041666666666666664,0.05208333333333333,5,1
10000,7656,0.7583957347648771,0.7556729401867746,0.046875,0.03409090909090909,1.0,0,1,169,18,0.7409991687081205,0.7757923008216336,0.041666666666666664,0.05208333333333333,5,1
10000,7567,0.7583957347648771,0.7556729401867746,0.046875,0.034888330910532575,1.0,0,1,169,19,0.7409991687081205,0.7757923008216336,0.041666666666666664,0.05208333333333333,5,1
10000,7414,0.7583957347648771,0.7802717361664391,0.057291666666666706,0.03628270838953331,1.0,1,1,170,0,0.7409991687081205,0.7757923008216336,0.05208333333333333,0.0625,5,0
10000,7565,0.7583957347648771,0.7802717361664391,0.057291666666666706,0.031857237276933244,1.0,0,1,170,1,0.7409991687081205,0.7757923008216336,0.05208333333333333,0.0625,5,0
10000,7643,0.7583957347648771,0.7802717361664391,0.057291666666666706,0.035980635875964936,1.0,0,1,170,2,0.7409991687081205,0.7757923008216336,0.05208333333333333,0.0625,5,0
10000,7706,0.7583957347648771,0.7802717361664391,0.057291666666666706,0.03373994290163509,1.0,1,1,170,3,0.7409991687081205,0.7757923008216336,0.05208333333333333,0.0625,5,0
10000,7389,0.7583957347648771,0.7802717361664391,0.057291666666666706,0.03518744079036405,1.0,0,1,170,4,0.7409991687081205,0.7757923008216336,0.05208333333333333,0.0625,5,0
10000,7474,0.7583957347648771,0.7802717361664391,0.057291666666666706,0.03304789938453305,1.0,0,1,170,5,0.7409991687081205,0.7757923008216336,0.05208333333333333,0.0625,5,0
10000,7612,0.7583957347648771,0.7802717361664391,0.057291666666666706,0.034287966368891226,1.0,0,1,170,6,0.7409991687081205,0.7757923008216336,0.05208333333333333,0.0625,5,0
10000,7557,0.7583957347648771,0.7802717361664391,0.057291666666666706,0.034140531957125846,1.0,0,1,170,7,0.7409991687081205,0.7757923008216336,0.05208333333333333,0.0625,5,0
10000,7638,0.7583957347648771,0.7802717361664391,0.057291666666666706,0.030898140874574497,1.0,1,1,170,8,0.7409991687081205,0.7757923008216336,0.05208333333333333,0.0625,5,0
10000,7610,0.7583957347648771,0.7802717361664391,0.057291666666666706,0.03350854139290407,1.0,1,1,170,9,0.7409991687081205,0.7757923008216336,0.05208333333333333,0.0625,5,0
10000,7297,0.7409991687081205,0.8121091305537216,0.0729166666666667,0.03014937645607784,1.0,1,1,171,0,0.7062060365946075,0.7757923008216336,0.0625,0.08333333333333333,4,0
10000,7394,0.7409991687081205,0.8121091305537216,0.0729166666666667,0.032053015958885586,1.0,1,1,171,1,0.7062060365946075,0.7757923008216336,0.0625,0.08333333333333333,4,0
10000,7413,0.7409991687081205,0.8121091305537216,0.0729166666666667,0.03696209361931742,1.0,1,1,171,2,0.7062060365946075,0.7757923008216336,0.0625,0.08333333333333333,4,0
10000,7429,0.7409991687081205,0.8121091305537216,0.0729166666666667,0.03230582850989366,1.0,0,1,171,3,0.7062060365946075,0.7757923008216336,0.0625,0.08333333333333333,4,0
10000,7453,0.7409991687081205,0.8121091305537216,0.0729166666666667,0.033543539514289546,1.0,0,1,171,4,0.7062060365946075,0.7757923008216336,0.0625,0.08333333333333333,4,0
10000,7448,0.7409991687081205,0.8121091305537216,0.0729166666666667,0.029672395273899033,1.0,1,1,171,5,0.7062060365946075,0.7757923008216336,0.0625,0.08333333333333333,4,0
10000,7407,0.7409991687081205,0.8121091305537216,0.0729166666666667,0.03577696773322533,1.0,1,1,171,6,0.7062060365946075,0.7757923008216336,0.0625,0.08333333333333333,4,0
10000,7346,0.7409991687081205,0.8121091305537216,0.0729166666666667,0.03049278518921862,1.0,0,1,171,7,0.7062060365946075,0.7757923008216336,0.0625,0.08333333333333333,4,0
10000,7412,0.7409991687081205,0.8121091305537216,0.0729166666666667,0.02914193200215866,1.0,1,1,171,8,0.7062060365946075,0.7757923008216336,0.0625,0.08333333333333333,4,0
10000,7402,0.7409991687081205,0.8121091305537216,0.0729166666666667,0.03147797892461497,1.0,1,1,171,9,0.7062060365946075,0.7757923008216336,0.0625,0.08333333333333333,4,0
10000,8142,0.8105854329351467,0.6240195927061527,0.010416666666666666,0.033652665192827315,1.0,0,0,172,0,0.7757923008216336,0.8453785650486598,0.0,0.020833333333333332,4,0
10000,8077,0.8105854329351467,0.6240195927061527,0.010416666666666666,0.033180636374891666,1.0,0,0,172,1,0.7757923008216336,0.8453785650486598,0.0,0.020833333333333332,4,0
10000,8056,0.8105854329351467,0.6240195927061527,0.010416666666666666,0.030784508440913606,1.0,0,0,172,2,0.7757923008216336,0.8453785650486598,0.0,0.020833333333333332,4,0
10000,8049,0.8105854329351467,0.6240195927061527,0.010416666666666666,0.03491116908932786,1.0,0,0,172,3,0.7757923008216336,0.8453785650486598,0.0,0.020833333333333332,4,0
10000,8031,0.8105854329351467,0.6240195927061527,0.010416666666666666,0.03735524841240194,1.0,0,0,172,4,0.7757923008216336,0.8453785650486598,0.0,0.020833333333333332,4,0
10000,8053,0.8105854329351467,0.6240195927061527,0.010416666666666666,0.03526636036259779,1.0,0,0,172,5,0.7757923008216336,0.8453785650486598,0.0,0.020833333333333332,4,0
10000,8101,0.8105854329351467,0.6240195927061527,0.010416666666666666,0.03357610171583755,1.0,0,0,172,6,0.7757923008216336,0.8453785650486598,0.0,0.020833333333333332,4,0
10000,8137,0.8105854329351467,0.6240195927061527,0.010416666666666666,0.028143050264225145,1.0,0,0,172,7,0.7757923008216336,0.8453785650486598,0.0,0.020833333333333332,4,0
10000,8107,0.8105854329351467,0.6240195927061527,0.010416666666666666,0.036388306401874924,1.0,0,0,172,8,0.7757923008216336,0.8453785650486598,0.0,0.020833333333333332,4,0
10000,8026,0.8105854329351467,0.6240195927061527,0.010416666666666666,0.032020931971093944,1.0,0,0,172,9,0.7757923008216336,0.8453785650486598,0.0,0.020833333333333332,4,0
10000,8034,0.8105854329351467,0.7113710821635731,0.03125,0.03273587254169778,1.0,0,1,173,0,0.7757923008216336,0.8453785650486598,0.020833333333333332,0.041666666666666664,4,0
10000,7987,0.8105854329351467,0.7113710821635731,0.03125,0.03380493301615124,1.0,0,0,173,1,0.7757923008216336,0.8453785650486598,0.020833333333333332,0.041666666666666664,4,0
10000,8007,0.8105854329351467,0.7113710821635731,0.03125,0.031097789434245036,1.0,0,1,173,2,0.7757923008216336,0.8453785650486598,0.020833333333333332,0.041666666666666664,4,0
10000,8139,0.8105854329351467,0.7113710821635731,0.03125,0.03108489986484826,1.0,0,0,173,3,0.7757923008216336,0.8453785650486598,0.020833333333333332,0.041666666666666664,4,0
10000,8059,0.8105854329351467,0.7113710821635731,0.03125,0.03474376473507879,1.0,0,1,173,4,0.7757923008216336,0.8453785650486598,0.020833333333333332,0.041666666666666664,4,0
10000,8053,0.8105854329351467,0.7113710821635731,0.03125,0.03166521793120576,1.0,0,1,173,5,0.7757923008216336,0.8453785650486598,0.020833333333333332,0.041666666666666664,4,0
10000,8155,0.8105854329351467,0.7113710821635731,0.03125,0.0328632740649908,1.0,0,0,173,6,0.7757923008216336,0.8453785650486598,0.020833333333333332,0.041666666666666664,4,0
10000,8026,0.8105854329351467,0.7113710821635731,0.03125,0.035260403688013954,1.0,0,0,173,7,0.7757923008216336,0.8453785650486598,0.020833333333333332,0.041666666666666664,4,0
10000,8072,0.8105854329351467,0.7113710821635731,0.03125,0.03332507433102081,1.0,0,1,173,8,0.7757923008216336,0.8453785650486598,0.020833333333333332,0.041666666666666664,4,0
10000,8249,0.8105854329351467,0.7113710821635731,0.03125,0.034185961934779976,1.0,0,0,173,9,0.7757923008216336,0.8453785650486598,0.020833333333333332,0.041666666666666664,4,0
10000,8880,0.8801716971621729,0.6240195927061527,0.010416666666666666,0.03536036036036036,1.0,0,0,174,0,0.8453785650486598,0.914964829275686,0.0,0.020833333333333332,4,0
10000,8689,0.8801716971621729,0.6240195927061527,0.010416666666666666,0.034756588790424675,1.0,0,0,174,1,0.8453785650486598,0.914964829275686,0.0,0.020833333333333332,4,0
10000,8883,0.8801716971621729,0.6240195927061527,0.010416666666666666,0.035573567488461105,1.0,0,0,174,2,0.8453785650486598,0.914964829275686,0.0,0.020833333333333332,4,0
10000,8845,0.8801716971621729,0.6240195927061527,0.010416666666666666,0.03176936122102883,1.0,0,0,174,3,0.8453785650486598,0.914964829275686,0.0,0.020833333333333332,4,0
10000,8794,0.8801716971621729,0.6240195927061527,0.010416666666666666,0.03297702979304071,1.0,0,0,174,4,0.8453785650486598,0.914964829275686,0.0,0.020833333333333332,4,0
10000,8793,0.8801716971621729,0.6240195927061527,0.010416666666666666,0.03673376549528034,1.0,0,0,174,5,0.8453785650486598,0.914964829275686,0.0,0.020833333333333332,4,0
10000,8766,0.8801716971621729,0.6240195927061527,0.010416666666666666,0.03159936116814967,1.0,0,0,174,6,0.8453785650486598,0.914964829275686,0.0,0.020833333333333332,4,0
10000,8648,0.8801716971621729,0.6240195927061527,0.010416666666666666,0.032030527289546716,1.0,0,0,174,7,0.8453785650486598,0.914964829275686,0.0,0.020833333333333332,4,0
10000,8841,0.8801716971621729,0.6240195927061527,0.010416666666666666,0.03223617237869019,1.0,0,0,174,8,0.8453785650486598,0.914964829275686,0.0,0.020833333333333332,4,0
10000,8802,0.8801716971621729,0.6240195927061527,0.010416666666666666,0.033855941831401955,1.0,0,0,174,9,0.8453785650486598,0.914964829275686,0.0,0.020833333333333332,4,0
10000,8493,0.8627751311054164,0.693743699494332,0.026041666666666703,0.032497350759448956,1.0,0,0,175,0,0.8453785650486598,0.8801716971621729,0.020833333333333332,0.03125,5,0
10000,8611,0.8627751311054164,0.693743699494332,0.026041666666666703,0.030774590639879223,1.0,0,1,175,1,0.8453785650486598,0.8801716971621729,0.020833333333333332,0.03125,5,0
10000,8619,0.8627751311054164,0.693743699494332,0.026041666666666703,0.03376261747302471,1.0,0,0,175,2,0.8453785650486598,0.8801716971621729,0.020833333333333332,0.03125,5,0
10000,8631,0.8627751311054164,0.693743699494332,0.026041666666666703,0.035453597497393116,1.0,0,0,175,3,0.8453785650486598,0.8801716971621729,0.020833333333333332,0.03125,5,0
10000,8647,0.8627751311054164,0.693743699494332,0.026041666666666703,0.037469642650630276,1.0,0,0,175,4,0.8453785650486598,0.8801716971621729,0.020833333333333332,0.03125,5,0
10000,8695,0.8627751311054164,0.693743699494332,0.026041666666666703,0.0327774583093732,1.0,0,0,175,5,0.8453785650486598,0.8801716971621729,0.020833333333333332,0.03125,5,0
10000,8594,0.8627751311054164,0.693743699494332,0.026041666666666703,0.033046311380032584,1.0,0,0,175,6,0.8453785650486598,0.8801716971621729,0.020833333333333332,0.03125,5,0
10000,8630,0.8627751311054164,0.693743699494332,0.026041666666666703,0.033256083429895715,1.0,0,0,175,7,0.8453785650486598,0.8801716971621729,0.020833333333333332,0.03125,5,0
10000,8745,0.8627751311054164,0.693743699494332,0.026041666666666703,0.03430531732418525,1.0,0,1,175,8,0.8453785650486598,0.8801716971621729,0.020833333333333332,0.03125,5,0
10000,8545,0.8627751311054164,0.693743699494332,0.026041666666666703,0.03229959040374488,1.0,0,0,175,9,0.8453785650486598,0.8801716971621729,0.020833333333333332,0.03125,5,0
10000,8693,0.8627751311054164,0.7273692532946132,0.036458333333333294,0.036236051995858734,1.0,0,1,176,0,0.8453785650486598,0.8801716971621729,0.03125,0.041666666666666664,5,1
10000,8578,0.8627751311054164,0.7273692532946132,0.036458333333333294,0.03240848682676615,1.0,0,1,176,1,0.8453785650486598,0.8801716971621729,0.03125,0.041666666666666664,5,1
10000,8511,0.8627751311054164,0.7273692532946132,0.036458333333333294,0.03054870168017859,1.0,0,1,176,2,0.8453785650486598,0.8801716971621729,0.03125,0.041666666666666664,5,1
10000,8831,0.8627751311054164,0.7273692532946132,0.036458333333333294,0.03499037481598913,1.0,0,1,176,3,0.8453785650486598,0.8801716971621729,0.03125,0.041666666666666664,5,1
10000,8657,0.8627751311054164,0.7273692532946132,0.036458333333333294,0.028185283585537714,1.0,0,0,176,4,0.8453785650486598,0.8801716971621729,0.03125,0.041666666666666664,5,1
10000,8702,0.8627751311054164,0.7273692532946132,0.036458333333333294,0.03298092392553436,1.0,0,1,176,5,0.8453785650486598,0.8801716971621729,0.03125,0.041666666666666664,5,1
10000,8549,0.8627751311054164,0.7273692532946132,0.036458333333333294,0.033571177915545675,1.0,0,1,176,6,0.8453785650486598,0.8801716971621729,0.03125,0.041666666666666664,5,1
10000,8616,0.8627751311054164,0.7273692532946132,0.036458333333333294,0.03203342618384401,1.0,0,1,176,7,0.8453785650486598,0.8801716971621729,0.03125,0.041666666666666664,5,1
10000,8639,0.8627751311054164,0.7273692532946132,0.036458333333333294,0.035420766292394955,1.0,0,1,176,8,0.8453785650486598,0.8801716971621729,0.03125,0.041666666666666664,5,1
10000,8627,0.8627751311054164,0.7273692532946132,0.036458333333333294,0.03025385417874116,1.0,0,1,176,9,0.8453785650486598,0.8801716971621729,0.03125,0.041666666666666664,5,1
10000,8605,0.8627751311054164,0.7273692532946132,0.036458333333333294,0.030447414294015106,1.0,0,1,176,10,0.8453785650486598,0.8801716971621729,0.03125,0.041666666666666664,5,1
10000,8528,0.8627751311054164,0.7273692532946132,0.036458333333333294,0.03177767354596623,1.0,0,1,176,11,0.8453785650486598,0.8801716971621729,0.03125,0.041666666666666664,5,1
10000,8512,0.8627751311054164,0.7273692532946132,0.036458333333333294,0.03430451127819549,1.0,0,1,176,12,0.8453785650486598,0.8801716971621729,0.03125,0.041666666666666664,5,1
10000,8619,0.8627751311054164,0.7273692532946132,0.036458333333333294,0.03260239006845342,1.0,0,1,176,13,0.8453785650486598,0.8801716971621729,0.03125,0.041666666666666664,5,1
10000,8625,0.8627751311054164,0.7273692532946132,0.036458333333333294,0.03292753623188406,1.0,0,0,176,14,0.8453785650486598,0.8801716971621729,0.03125,0.041666666666666664,5,1
10000,8693,0.8627751311054164,0.7273692532946132,0.036458333333333294,0.03301506959622685,1.0,0,1,176,15,0.8453785650486598,0.8801716971621729,0.03125,0.041666666666666664,5,1
10000,8562,0.8627751311054164,0.7273692532946132,0.036458333333333294,0.03270263957019388,1.0,0,1,176,16,0.8453785650486598,0.8801716971621729,0.03125,0.041666666666666664,5,1
10000,8602,0.8627751311054164,0.7273692532946132,0.036458333333333294,0.031504301325273196,1.0,0,1,176,17,0.8453785650486598,0.8801716971621729,0.03125,0.041666666666666664,5,1
10000,8772,0.8627751311054164,0.7273692532946132,0.036458333333333294,0.034427724578203374,1.0,0,1,176,18,0.8453785650486598,0.8801716971621729,0.03125,0.041666666666666664,5,1
10000,8505,0.8627751311054164,0.7273692532946132,0.036458333333333294,0.03233392122281011,1.0,0,1,176,19,0.8453785650486598,0.8801716971621729,0.03125,0.041666666666666664,5,1
10000,9161,0.8975682632189295,0.693743699494332,0.026041666666666703,0.032529199869009935,1.0,0,0,177,0,0.8801716971621729,0.914964829275686,0.020833333333333332,0.03125,5,0
10000,9045,0.8975682632189295,0.693743699494332,0.026041666666666703,0.03239358761746822,1.0,0,1,177,1,0.8801716971621729,0.914964829275686,0.020833333333333332,0.03125,5,0
10000,9013,0.8975682632189295,0.693743699494332,0.026041666666666703,0.03428381227116387,1.0,0,0,177,2,0.8801716971621729,0.914964829275686,0.020833333333333332,0.03125,5,0
10000,8899,0.8975682632189295,0.693743699494332,0.026041666666666703,0.030340487695246658,1.0,0,0,177,3,0.8801716971621729,0.914964829275686,0.020833333333333332,0.03125,5,0
10000,8971,0.8975682632189295,0.693743699494332,0.026041666666666703,0.033218147363727565,1.0,0,0,177,4,0.8801716971621729,0.914964829275686,0.020833333333333332,0.03125,5,0
10000,8871,0.8975682632189295,0.693743699494332,0.026041666666666703,0.031338067861571416,1.0,0,0,177,5,0.8801716971621729,0.914964829275686,0.020833333333333332,0.03125,5,0
10000,9029,0.8975682632189295,0.693743699494332,0.026041666666666703,0.03178646583231809,1.0,0,0,177,6,0.8801716971621729,0.914964829275686,0.020833333333333332,0.03125,5,0
10000,8866,0.8975682632189295,0.693743699494332,0.026041666666666703,0.032822016692984436,1.0,0,0,177,7,0.8801716971621729,0.914964829275686,0.020833333333333332,0.03125,5,0
10000,9104,0.8975682632189295,0.693743699494332,0.026041666666666703,0.03350175746924429,1.0,0,0,177,8,0.8801716971621729,0.914964829275686,0.020833333333333332,0.03125,5,0
10000,8912,0.8975682632189295,0.693743699494332,0.026041666666666703,0.033662477558348294,1.0,0,0,177,9,0.8801716971621729,0.914964829275686,0.020833333333333332,0.03125,5,0
10000,9027,0.8975682632189295,0.7273692532946132,0.036458333333333294,0.034119862634319265,1.0,0,1,178,0,0.8801716971621729,0.914964829275686,0.03125,0.041666666666666664,5,1
10000,8886,0.8975682632189295,0.7273692532946132,0.036458333333333294,0.03499887463425613,1.0,0,1,178,1,0.8801716971621729,0.914964829275686,0.03125,0.041666666666666664,5,1
10000,9105,0.8975682632189295,0.7273692532946132,0.036458333333333294,0.03218012081274025,1.0,0,1,178,2,0.8801716971621729,0.914964829275686,0.03125,0.041666666666666664,5,1
10000,9058,0.8975682632189295,0.7273692532946132,0.036458333333333294,0.0347758887171561,1.0,0,1,178,3,0.8801716971621729,0.914964829275686,0.03125,0.041666666666666664,5,1
10000,9101,0.8975682632189295,0.7273692532946132,0.036458333333333294,0.031754752225030214,1.0,0,1,178,4,0.8801716971621729,0.914964829275686,0.03125,0.041666666666666664,5,1
10000,8870,0.8975682632189295,0.7273692532946132,0.036458333333333294,0.031228861330326946,1.0,0,0,178,5,0.8801716971621729,0.914964829275686,0.03125,0.041666666666666664,5,1
10000,9071,0.8975682632189295,0.7273692532946132,0.036458333333333294,0.03340315290486165,1.0,0,1,178,6,0.8801716971621729,0.914964829275686,0.03125,0.041666666666666664,5,1
10000,8877,0.8975682632189295,0.7273692532946132,0.036458333333333294,0.032105441027374115,1.0,0,1,178,7,0.8801716971621729,0.914964829275686,0.03125,0.041666666666666664,5,1
10000,9044,0.8975682632189295,0.7273692532946132,0.036458333333333294,0.03173374613003096,1.0,0,1,178,8,0.8801716971621729,0.914964829275686,0.03125,0.041666666666666664,5,1
10000,8877,0.8975682632189295,0.7273692532946132,0.036458333333333294,0.0369494198490481,1.0,0,1,178,9,0.8801716971621729,0.914964829275686,0.03125,0.041666666666666664,5,1
10000,9177,0.8975682632189295,0.7273692532946132,0.036458333333333294,0.03606843194943882,1.0,0,1,178,10,0.8801716971621729,0.914964829275686,0.03125,0.041666666666666664,5,1
10000,9096,0.8975682632189295,0.7273692532946132,0.036458333333333294,0.03737906772207564,1.0,0,1,178,11,0.8801716971621729,0.914964829275686,0.03125,0.041666666666666664,5,1
10000,9015,0.8975682632189295,0.7273692532946132,0.036458333333333294,0.03239046034387132,1.0,0,1,178,12,0.8801716971621729,0.914964829275686,0.03125,0.041666666666666664,5,1
10000,9061,0.8975682632189295,0.7273692532946132,0.036458333333333294,0.033219291468932786,1.0,0,1,178,13,0.8801716971621729,0.914964829275686,0.03125,0.041666666666666664,5,1
10000,8906,0.8975682632189295,0.7273692532946132,0.036458333333333294,0.0331237368066472,1.0,0,1,178,14,0.8801716971621729,0.914964829275686,0.03125,0.041666666666666664,5,1
10000,9093,0.8975682632189295,0.7273692532946132,0.036458333333333294,0.034971956450016495,1.0,0,1,178,15,0.8801716971621729,0.914964829275686,0.03125,0.041666666666666664,5,1
10000,8948,0.8975682632189295,0.7273692532946132,0.036458333333333294,0.03375055878408583,1.0,0,1,178,16,0.8801716971621729,0.914964829275686,0.03125,0.041666666666666664,5,1
10000,9014,0.8975682632189295,0.7273692532946132,0.036458333333333294,0.03416907033503439,1.0,0,1,178,17,0.8801716971621729,0.914964829275686,0.03125,0.041666666666666664,5,1
10000,9038,0.8975682632189295,0.7273692532946132,0.036458333333333294,0.03728701040053109,1.0,0,1,178,18,0.8801716971621729,0.914964829275686,0.03125,0.041666666666666664,5,1
10000,8903,0.8975682632189295,0.7273692532946132,0.036458333333333294,0.03145007300909806,1.0,0,1,178,19,0.8801716971621729,0.914964829275686,0.03125,0.041666666666666664,5,1
10000,7881,0.7931888668783902,0.7556729401867746,0.046875,0.036036036036036036,1.0,1,1,179,0,0.7757923008216336,0.8105854329351467,0.041666666666666664,0.05208333333333333,5,1
10000,7998,0.7931888668783902,0.7556729401867746,0.046875,0.03588397099274819,1.0,0,1,179,1,0.7757923008216336,0.8105854329351467,0.041666666666666664,0.05208333333333333,5,1
10000,7920,0.7931888668783902,0.7556729401867746,0.046875,0.033712121212121214,1.0,0,1,179,2,0.7757923008216336,0.8105854329351467,0.041666666666666664,0.05208333333333333,5,1
10000,7943,0.7931888668783902,0.7556729401867746,0.046875,0.03474757648243736,1.0,0,1,179,3,0.7757923008216336,0.8105854329351467,0.041666666666666664,0.05208333333333333,5,1
10000,8140,0.7931888668783902,0.7556729401867746,0.046875,0.038083538083538086,1.0,0,1,179,4,0.7757923008216336,0.8105854329351467,0.041666666666666664,0.05208333333333333,5,1
10000,7959,0.7931888668783902,0.7556729401867746,0.046875,0.037567533609749966,1.0,0,1,179,5,0.7757923008216336,0.8105854329351467,0.041666666666666664,0.05208333333333333,5,1
10000,7824,0.7931888668783902,0.7556729401867746,0.046875,0.034892638036809816,1.0,0,1,179,6,0.7757923008216336,0.8105854329351467,0.041666666666666664,0.05208333333333333,5,1
10000,7921,0.7931888668783902,0.7556729401867746,0.046875,0.03471783865673526,1.0,0,1,179,7,0.7757923008216336,0.8105854329351467,0.041666666666666664,0.05208333333333333,5,1
10000,7900,0.7931888668783902,0.7556729401867746,0.046875,0.03430379746835443,1.0,0,1,179,8,0.7757923008216336,0.8105854329351467,0.041666666666666664,0.05208333333333333,5,1
10000,7965,0.7931888668783902,0.7556729401867746,0.046875,0.032517263025737604,1.0,0,1,179,9,0.7757923008216336,0.8105854329351467,0.041666666666666664,0.05208333333333333,5,1
10000,7956,0.7931888668783902,0.7556729401867746,0.046875,0.03544494720965309,1.0,0,1,179,10,0.7757923008216336,0.8105854329351467,0.041666666666666664,0.05208333333333333,5,1
10000,8070,0.7931888668783902,0.7556729401867746,0.046875,0.0345724907063197,1.0,0,1,179,11,0.7757923008216336,0.8105854329351467,0.041666666666666664,0.05208333333333333,5,1
10000,8051,0.7931888668783902,0.7556729401867746,0.046875,0.03763507638802633,1.0,0,1,179,12,0.7757923008216336,0.8105854329351467,0.041666666666666664,0.05208333333333333,5,1
10000,7937,0.7931888668783902,0.7556729401867746,0.046875,0.03313594557137457,1.0,0,1,179,13,0.7757923008216336,0.8105854329351467,0.041666666666666664,0.05208333333333333,5,1
10000,8043,0.7931888668783902,0.7556729401867746,0.046875,0.031580256123337064,1.0,0,1,179,14,0.7757923008216336,0.8105854329351467,0.041666666666666664,0.05208333333333333,5,1
10000,7932,0.7931888668783902,0.7556729401867746,0.046875,0.033661119515885025,1.0,0,1,179,15,0.7757923008216336,0.8105854329351467,0.041666666666666664,0.05208333333333333,5,1
10000,7878,0.7931888668783902,0.7556729401867746,0.046875,0.03478040111703478,1.0,0,1,179,16,0.7757923008216336,0.8105854329351467,0.041666666666666664,0.05208333333333333,5,1
10000,7947,0.7931888668783902,0.7556729401867746,0.046875,0.03309424940229017,1.0,0,1,179,17,0.7757923008216336,0.8105854329351467,0.041666666666666664,0.05208333333333333,5,1
10000,7961,0.7931888668783902,0.7556729401867746,0.046875,0.03152870242431855,1.0,0,1,179,18,0.7757923008216336,0.8105854329351467,0.041666666666666664,0.05208333333333333,5,1
10000,7907,0.7931888668783902,0.7556729401867746,0.046875,0.029846971038320475,1.0,0,1,179,19,0.7757923008216336,0.8105854329351467,0.041666666666666664,0.05208333333333333,5,1
10000,8038,0.7931888668783902,0.7802717361664391,0.057291666666666706,0.03172430952973376,1.0,0,1,180,0,0.7757923008216336,0.8105854329351467,0.05208333333333333,0.0625,5,0
10000,8116,0.7931888668783902,0.7802717361664391,0.057291666666666706,0.032651552488910794,1.0,1,1,180,1,0.7757923008216336,0.8105854329351467,0.05208333333333333,0.0625,5,0
10000,7935,0.7931888668783902,0.7802717361664391,0.057291666666666706,0.029111531190926274,1.0,0,1,180,2,0.7757923008216336,0.8105854329351467,0.05208333333333333,0.0625,5,0
10000,8058,0.7931888668783902,0.7802717361664391,0.057291666666666706,0.029535864978902954,1.0,0,1,180,3,0.7757923008216336,0.8105854329351467,0.05208333333333333,0.0625,5,0
10000,7879,0.7931888668783902,0.7802717361664391,0.057291666666666706,0.03122223632440665,1.0,0,1,180,4,0.7757923008216336,0.8105854329351467,0.05208333333333333,0.0625,5,0
10000,8013,0.7931888668783902,0.7802717361664391,0.057291666666666706,0.02832896543117434,1.0,1,1,180,5,0.7757923008216336,0.8105854329351467,0.05208333333333333,0.0625,5,0
10000,7924,0.7931888668783902,0.7802717361664391,0.057291666666666706,0.033947501261988894,1.0,0,1,180,6,0.7757923008216336,0.8105854329351467,0.05208333333333333,0.0625,5,0
10000,7986,0.7931888668783902,0.7802717361664391,0.057291666666666706,0.030803906836964687,1.0,0,1,180,7,0.7757923008216336,0.8105854329351467,0.05208333333333333,0.0625,5,0
10000,7876,0.7931888668783902,0.7802717361664391,0.057291666666666706,0.0281868969019807,1.0,1,1,180,8,0.7757923008216336,0.8105854329351467,0.05208333333333333,0.0625,5,0
10000,7984,0.7931888668783902,0.7802717361664391,0.057291666666666706,0.03795090180360722,1.0,0,1,180,9,0.7757923008216336,0.8105854329351467,0.05208333333333333,0.0625,5,0
10000,8169,0.8279819989919033,0.7556729401867746,0.046875,0.03647937324029869,1.0,0,1,181,0,0.8105854329351467,0.8453785650486598,0.041666666666666664,0.05208333333333333,5,1
10000,8031,0.8279819989919033,0.7556729401867746,0.046875,0.0346158635288258,1.0,0,1,181,1,0.8105854329351467,0.8453785650486598,0.041666666666666664,0.05208333333333333,5,1
10000,8233,0.8279819989919033,0.7556729401867746,0.046875,0.03473824851208551,1.0,0,1,181,2,0.8105854329351467,0.8453785650486598,0.041666666666666664,0.05208333333333333,5,1
10000,8480,0.8279819989919033,0.7556729401867746,0.046875,0.0330188679245283,1.0,0,1,181,3,0.8105854329351467,0.8453785650486598,0.041666666666666664,0.05208333333333333,5,1
10000,8128,0.8279819989919033,0.7556729401867746,0.046875,0.031619094488188976,1.0,0,1,181,4,0.8105854329351467,0.8453785650486598,0.041666666666666664,0.05208333333333333,5,1
10000,8279,0.8279819989919033,0.7556729401867746,0.046875,0.03454523493175504,1.0,0,1,181,5,0.8105854329351467,0.8453785650486598,0.041666666666666664,0.05208333333333333,5,1
10000,8352,0.8279819989919033,0.7556729401867746,0.046875,0.029094827586206896,1.0,0,1,181,6,0.8105854329351467,0.8453785650486598,0.041666666666666664,0.05208333333333333,5,1
10000,8215,0.8279819989919033,0.7556729401867746,0.046875,0.03834449178332319,1.0,0,1,181,7,0.8105854329351467,0.8453785650486598,0.041666666666666664,0.05208333333333333,5,1
10000,8260,0.8279819989919033,0.7556729401867746,0.046875,0.031113801452784504,1.0,0,1,181,8,0.8105854329351467,0.8453785650486598,0.041666666666666664,0.05208333333333333,5,1
10000,8329,0.8279819989919033,0.7556729401867746,0.046875,0.034818105414815705,1.0,0,1,181,9,0.8105854329351467,0.8453785650486598,0.041666666666666664,0.05208333333333333,5,1
10000,8201,0.8279819989919033,0.7556729401867746,0.046875,0.03341055968784295,1.0,0,1,181,10,0.8105854329351467,0.8453785650486598,0.041666666666666664,0.05208333333333333,5,1
10000,8319,0.8279819989919033,0.7556729401867746,0.046875,0.034379132107224424,1.0,0,1,181,11,0.8105854329351467,0.8453785650486598,0.041666666666666664,0.05208333333333333,5,1
10000,8217,0.8279819989919033,0.7556729401867746,0.046875,0.035901180479493734,1.0,0,1,181,12,0.8105854329351467,0.8453785650486598,0.041666666666666664,0.05208333333333333,5,1
10000,8359,0.8279819989919033,0.7556729401867746,0.046875,0.035889460461777725,1.0,1,1,181,13,0.8105854329351467,0.8453785650486598,0.041666666666666664,0.05208333333333333,5,1
10000,8367,0.8279819989919033,0.7556729401867746,0.046875,0.03370383650053783,1.0,0,1,181,14,0.8105854329351467,0.8453785650486598,0.041666666666666664,0.05208333333333333,5,1
10000,8427,0.8279819989919033,0.7556729401867746,0.046875,0.030734543728491753,1.0,0,1,181,15,0.8105854329351467,0.8453785650486598,0.041666666666666664,0.05208333333333333,5,1
10000,8214,0.8279819989919033,0.7556729401867746,0.046875,0.03226199172145118,1.0,1,1,181,16,0.8105854329351467,0.8453785650486598,0.041666666666666664,0.05208333333333333,5,1
10000,8253,0.8279819989919033,0.7556729401867746,0.046875,0.032230703986429174,1.0,0,1,181,17,0.8105854329351467,0.8453785650486598,0.041666666666666664,0.05208333333333333,5,1
10000,8385,0.8279819989919033,0.7556729401867746,0.046875,0.03577817531305903,1.0,0,1,181,18,0.8105854329351467,0.8453785650486598,0.041666666666666664,0.05208333333333333,5,1
10000,8356,0.8279819989919033,0.7556729401867746,0.046875,0.032790808999521304,1.0,0,1,181,19,0.8105854329351467,0.8453785650486598,0.041666666666666664,0.05208333333333333,5,1
10000,8429,0.8279819989919033,0.7802717361664391,0.057291666666666706,0.03559141060624036,1.0,0,1,182,0,0.8105854329351467,0.8453785650486598,0.05208333333333333,0.0625,5,0
10000,8450,0.8279819989919033,0.7802717361664391,0.057291666666666706,0.034911242603550295,1.0,0,1,182,1,0.8105854329351467,0.8453785650486598,0.05208333333333333,0.0625,5,0
10000,8200,0.8279819989919033,0.7802717361664391,0.057291666666666706,0.03048780487804878,1.0,1,1,182,2,0.8105854329351467,0.8453785650486598,0.05208333333333333,0.0625,5,0
10000,8295,0.8279819989919033,0.7802717361664391,0.057291666666666706,0.034116937914406266,1.0,1,1,182,3,0.8105854329351467,0.8453785650486598,0.05208333333333333,0.0625,5,0
10000,8169,0.8279819989919033,0.7802717361664391,0.057291666666666706,0.0348879911861917,1.0,1,1,182,4,0.8105854329351467,0.8453785650486598,0.05208333333333333,0.0625,5,0
10000,8346,0.8279819989919033,0.7802717361664391,0.057291666666666706,0.03223100886652289,1.0,0,1,182,5,0.8105854329351467,0.8453785650486598,0.05208333333333333,0.0625,5,0
10000,8206,0.8279819989919033,0.7802717361664391,0.057291666666666706,0.030343650987082624,1.0,0,1,182,6,0.8105854329351467,0.8453785650486598,0.05208333333333333,0.0625,5,0
10000,8295,0.8279819989919033,0.7802717361664391,0.057291666666666706,0.03339361060880048,1.0,0,1,182,7,0.8105854329351467,0.8453785650486598,0.05208333333333333,0.0625,5,0
10000,8412,0.8279819989919033,0.7802717361664391,0.057291666666666706,0.03613884926295768,1.0,1,1,182,8,0.8105854329351467,0.8453785650486598,0.05208333333333333,0.0625,5,0
10000,8394,0.8279819989919033,0.7802717361664391,0.057291666666666706,0.03478675244222063,1.0,0,1,182,9,0.8105854329351467,0.8453785650486598,0.05208333333333333,0.0625,5,0
10000,8106,0.8105854329351467,0.8121091305537216,0.0729166666666667,0.030471255859856897,1.0,1,1,183,0,0.7757923008216336,0.8453785650486598,0.0625,0.08333333333333333,4,0
10000,7891,0.8105854329351467,0.8121091305537216,0.0729166666666667,0.03180838930427069,1.0,1,1,183,1,0.7757923008216336,0.8453785650486598,0.0625,0.08333333333333333,4,0
10000,8056,0.8105854329351467,0.8121091305537216,0.0729166666666667,0.030908639523336643,1.0,0,1,183,2,0.7757923008216336,0.8453785650486598,0.0625,0.08333333333333333,4,0
10000,8072,0.8105854329351467,0.8121091305537216,0.0729166666666667,0.03307730426164519,1.0,0,1,183,3,0.7757923008216336,0.8453785650486598,0.0625,0.08333333333333333,4,0
10000,8177,0.8105854329351467,0.8121091305537216,0.0729166666666667,0.03375321022379846,1.0,0,1,183,4,0.7757923008216336,0.8453785650486598,0.0625,0.08333333333333333,4,0
10000,8129,0.8105854329351467,0.8121091305537216,0.0729166666666667,0.0334604502398819,1.0,1,1,183,5,0.7757923008216336,0.8453785650486598,0.0625,0.08333333333333333,4,0
10000,8082,0.8105854329351467,0.8121091305537216,0.0729166666666667,0.03538728037614452,1.0,1,1,183,6,0.7757923008216336,0.8453785650486598,0.0625,0.08333333333333333,4,0
10000,8133,0.8105854329351467,0.8121091305537216,0.0729166666666667,0.03541128734784212,1.0,1,1,183,7,0.7757923008216336,0.8453785650486598,0.0625,0.08333333333333333,4,0
10000,8123,0.8105854329351467,0.8121091305537216,0.0729166666666667,0.0323772005416718,1.0,1,1,183,8,0.7757923008216336,0.8453785650486598,0.0625,0.08333333333333333,4,0
10000,8146,0.8105854329351467,0.8121091305537216,0.0729166666666667,0.03658237171617972,1.0,1,1,183,9,0.7757923008216336,0.8453785650486598,0.0625,0.08333333333333333,4,0
10000,8656,0.8627751311054164,0.7556729401867746,0.046875,0.032809611829944546,1.0,0,1,184,0,0.8453785650486598,0.8801716971621729,0.041666666666666664,0.05208333333333333,5,1
10000,8654,0.8627751311054164,0.7556729401867746,0.046875,0.03235498035590478,1.0,0,1,184,1,0.8453785650486598,0.8801716971621729,0.041666666666666664,0.05208333333333333,5,1
10000,8597,0.8627751311054164,0.7556729401867746,0.046875,0.03501221356287077,1.0,0,1,184,2,0.8453785650486598,0.8801716971621729,0.041666666666666664,0.05208333333333333,5,1
10000,8593,0.8627751311054164,0.7556729401867746,0.046875,0.03549400674967997,1.0,0,1,184,3,0.8453785650486598,0.8801716971621729,0.041666666666666664,0.05208333333333333,5,1
10000,8743,0.8627751311054164,0.7556729401867746,0.046875,0.03694384078691525,1.0,0,1,184,4,0.8453785650486598,0.8801716971621729,0.041666666666666664,0.05208333333333333,5,1
10000,8688,0.8627751311054164,0.7556729401867746,0.046875,0.03038674033149171,1.0,0,1,184,5,0.8453785650486598,0.8801716971621729,0.041666666666666664,0.05208333333333333,5,1
10000,8708,0.8627751311054164,0.7556729401867746,0.046875,0.032039503904455674,1.0,1,1,184,6,0.8453785650486598,0.8801716971621729,0.041666666666666664,0.05208333333333333,5,1
10000,8458,0.8627751311054164,0.7556729401867746,0.046875,0.03428706550011823,1.0,0,1,184,7,0.8453785650486598,0.8801716971621729,0.041666666666666664,0.05208333333333333,5,1
10000,8597,0.8627751311054164,0.7556729401867746,0.046875,0.0330347795742701,1.0,0,1,184,8,0.8453785650486598,0.8801716971621729,0.041666666666666664,0.05208333333333333,5,1
10000,8632,0.8627751311054164,0.7556729401867746,0.046875,0.031742354031510656,1.0,0,1,184,9,0.8453785650486598,0.8801716971621729,0.041666666666666664,0.05208333333333333,5,1
10000,8567,0.8627751311054164,0.7556729401867746,0.046875,0.03174973736430489,1.0,0,1,184,10,0.8453785650486598,0.8801716971621729,0.041666666666666664,0.05208333333333333,5,1
10000,8773,0.8627751311054164,0.7556729401867746,0.046875,0.032030092328735896,1.0,0,1,184,11,0.8453785650486598,0.8801716971621729,0.041666666666666664,0.05208333333333333,5,1
10000,8689,0.8627751311054164,0.7556729401867746,0.046875,0.034296236621015073,1.0,0,1,184,12,0.8453785650486598,0.8801716971621729,0.041666666666666664,0.05208333333333333,5,1
10000,8591,0.8627751311054164,0.7556729401867746,0.046875,0.030031428238854616,1.0,0,1,184,13,0.8453785650486598,0.8801716971621729,0.041666666666666664,0.05208333333333333,5,1
10000,8592,0.8627751311054164,0.7556729401867746,0.046875,0.031424581005586594,1.0,0,1,184,14,0.8453785650486598,0.8801716971621729,0.041666666666666664,0.05208333333333333,5,1
10000,8547,0.8627751311054164,0.7556729401867746,0.046875,0.033345033345033345,1.0,1,1,184,15,0.8453785650486598,0.8801716971621729,0.041666666666666664,0.05208333333333333,5,1
10000,8771,0.8627751311054164,0.7556729401867746,0.046875,0.03112529928172386,1.0,0,1,184,16,0.8453785650486598,0.8801716971621729,0.041666666666666664,0.05208333333333333,5,1
10000,8696,0.8627751311054164,0.7556729401867746,0.046875,0.03518859245630175,1.0,0,1,184,17,0.8453785650486598,0.8801716971621729,0.041666666666666664,0.05208333333333333,5,1
10000,8785,0.8627751311054164,0.7556729401867746,0.046875,0.0363118952760387,1.0,0,1,184,18,0.8453785650486598,0.8801716971621729,0.041666666666666664,0.05208333333333333,5,1
10000,8558,0.8627751311054164,0.7556729401867746,0.046875,0.033535872867492406,1.0,0,1,184,19,0.8453785650486598,0.8801716971621729,0.041666666666666664,0.05208333333333333,5,1
10000,8638,0.8627751311054164,0.7802717361664391,0.057291666666666706,0.031257235471173886,1.0,1,1,185,0,0.8453785650486598,0.8801716971621729,0.05208333333333333,0.0625,5,0
10000,8656,0.8627751311054164,0.7802717361664391,0.057291666666666706,0.030845656192236597,1.0,0,1,185,1,0.8453785650486598,0.8801716971621729,0.05208333333333333,0.0625,5,0
10000,8602,0.8627751311054164,0.7802717361664391,0.057291666666666706,0.03801441525226691,1.0,0,1,185,2,0.8453785650486598,0.8801716971621729,0.05208333333333333,0.0625,5,0
10000,8776,0.8627751311054164,0.7802717361664391,0.057291666666666706,0.03509571558796718,1.0,1,1,185,3,0.8453785650486598,0.8801716971621729,0.05208333333333333,0.0625,5,0
10000,8762,0.8627751311054164,0.7802717361664391,0.057291666666666706,0.03252682036064825,1.0,1,1,185,4,0.8453785650486598,0.8801716971621729,0.05208333333333333,0.0625,5,0
10000,8407,0.8627751311054164,0.7802717361664391,0.057291666666666706,0.030331866301891282,1.0,1,1,185,5,0.8453785650486598,0.8801716971621729,0.05208333333333333,0.0625,5,0
10000,8504,0.8627751311054164,0.7802717361664391,0.057291666666666706,0.033748824082784575,1.0,1,1,185,6,0.8453785650486598,0.8801716971621729,0.05208333333333333,0.0625,5,0
10000,8652,0.8627751311054164,0.7802717361664391,0.057291666666666706,0.03143781784558484,1.0,1,1,185,7,0.8453785650486598,0.8801716971621729,0.05208333333333333,0.0625,5,0
10000,8724,0.8627751311054164,0.7802717361664391,0.057291666666666706,0.03220999541494727,1.0,1,1,185,8,0.8453785650486598,0.8801716971621729,0.05208333333333333,0.0625,5,0
10000,8733,0.8627751311054164,0.7802717361664391,0.057291666666666706,0.03274934157792282,1.0,0,1,185,9,0.8453785650486598,0.8801716971621729,0.05208333333333333,0.0625,5,0
10000,9015,0.8975682632189295,0.7556729401867746,0.046875,0.034165280088740986,1.0,0,1,186,0,0.8801716971621729,0.914964829275686,0.041666666666666664,0.05208333333333333,5,0
10000,9033,0.8975682632189295,0.7556729401867746,0.046875,0.030776043396435294,1.0,1,1,186,1,0.8801716971621729,0.914964829275686,0.041666666666666664,0.05208333333333333,5,0
10000,8994,0.8975682632189295,0.7556729401867746,0.046875,0.037691794529686455,1.0,1,1,186,2,0.8801716971621729,0.914964829275686,0.041666666666666664,0.05208333333333333,5,0
10000,8961,0.8975682632189295,0.7556729401867746,0.046875,0.034147974556411116,1.0,0,1,186,3,0.8801716971621729,0.914964829275686,0.041666666666666664,0.05208333333333333,5,0
10000,8965,0.8975682632189295,0.7556729401867746,0.046875,0.03413273842721695,1.0,0,1,186,4,0.8801716971621729,0.914964829275686,0.041666666666666664,0.05208333333333333,5,0
10000,9104,0.8975682632189295,0.7556729401867746,0.046875,0.033721441124780316,1.0,0,1,186,5,0.8801716971621729,0.914964829275686,0.041666666666666664,0.05208333333333333,5,0
10000,9129,0.8975682632189295,0.7556729401867746,0.046875,0.03483404534998357,1.0,0,1,186,6,0.8801716971621729,0.914964829275686,0.041666666666666664,0.05208333333333333,5,0
10000,9003,0.8975682632189295,0.7556729401867746,0.046875,0.031211818282794623,1.0,0,1,186,7,0.8801716971621729,0.914964829275686,0.041666666666666664,0.05208333333333333,5,0
10000,9115,0.8975682632189295,0.7556729401867746,0.046875,0.03708173340647285,1.0,0,1,186,8,0.8801716971621729,0.914964829275686,0.041666666666666664,0.05208333333333333,5,0
10000,9106,0.8975682632189295,0.7556729401867746,0.046875,0.032945310784098396,1.0,0,1,186,9,0.8801716971621729,0.914964829275686,0.041666666666666664,0.05208333333333333,5,0
10000,9037,0.8975682632189295,0.7802717361664391,0.057291666666666706,0.030983733539891558,1.0,1,1,187,0,0.8801716971621729,0.914964829275686,0.05208333333333333,0.0625,5,0
10000,9016,0.8975682632189295,0.7802717361664391,0.057291666666666706,0.030279503105590064,1.0,1,1,187,1,0.8801716971621729,0.914964829275686,0.05208333333333333,0.0625,5,0
10000,8815,0.8975682632189295,0.7802717361664391,0.057291666666666706,0.03471355643788996,1.0,0,1,187,2,0.8801716971621729,0.914964829275686,0.05208333333333333,0.0625,5,0
10000,8956,0.8975682632189295,0.7802717361664391,0.057291666666666706,0.033385439928539526,1.0,1,1,187,3,0.8801716971621729,0.914964829275686,0.05208333333333333,0.0625,5,0
10000,9052,0.8975682632189295,0.7802717361664391,0.057291666666666706,0.032920901458241274,1.0,1,1,187,4,0.8801716971621729,0.914964829275686,0.05208333333333333,0.0625,5,0
10000,9127,0.8975682632189295,0.7802717361664391,0.057291666666666706,0.031006902596691137,1.0,1,1,187,5,0.8801716971621729,0.914964829275686,0.05208333333333333,0.0625,5,0
10000,9137,0.8975682632189295,0.7802717361664391,0.057291666666666706,0.03578855204115136,1.0,1,1,187,6,0.8801716971621729,0.914964829275686,0.05208333333333333,0.0625,5,0
10000,8978,0.8975682632189295,0.7802717361664391,0.057291666666666706,0.029739362887057252,1.0,1,1,187,7,0.8801716971621729,0.914964829275686,0.05208333333333333,0.0625,5,0
10000,8902,0.8975682632189295,0.7802717361664391,0.057291666666666706,0.03190294315884071,1.0,0,1,187,8,0.8801716971621729,0.914964829275686,0.05208333333333333,0.0625,5,0
10000,9133,0.8975682632189295,0.7802717361664391,0.057291666666666706,0.033285886346217014,1.0,0,1,187,9,0.8801716971621729,0.914964829275686,0.05208333333333333,0.0625,5,0
10000,8704,0.8801716971621729,0.8121091305537216,0.0729166666666667,0.03274356617647059,1.0,1,1,188,0,0.8453785650486598,0.914964829275686,0.0625,0.08333333333333333,4,0
10000,8747,0.8801716971621729,0.8121091305537216,0.0729166666666667,0.03692694638161655,1.0,1,1,188,1,0.8453785650486598,0.914964829275686,0.0625,0.08333333333333333,4,0
10000,8901,0.8801716971621729,0.8121091305537216,0.0729166666666667,0.03067071115604988,1.0,1,1,188,2,0.8453785650486598,0.914964829275686,0.0625,0.08333333333333333,4,0
10000,8830,0.8801716971621729,0.8121091305537216,0.0729166666666667,0.03250283125707814,1.0,1,1,188,3,0.8453785650486598,0.914964829275686,0.0625,0.08333333333333333,4,0
10000,8886,0.8801716971621729,0.8121091305537216,0.0729166666666667,0.03229799684897592,1.0,1,1,188,4,0.8453785650486598,0.914964829275686,0.0625,0.08333333333333333,4,0
10000,8693,0.8801716971621729,0.8121091305537216,0.0729166666666667,0.03094443805360635,1.0,1,1,188,5,0.8453785650486598,0.914964829275686,0.0625,0.08333333333333333,4,0
10000,8711,0.8801716971621729,0.8121091305537216,0.0729166666666667,0.03489840431638159,1.0,1,1,188,6,0.8453785650486598,0.914964829275686,0.0625,0.08333333333333333,4,0
10000,8836,0.8801716971621729,0.8121091305537216,0.0729166666666667,0.03417836124943413,1.0,1,1,188,7,0.8453785650486598,0.914964829275686,0.0625,0.08333333333333333,4,0
10000,8894,0.8801716971621729,0.8121091305537216,0.0729166666666667,0.032381380706094,1.0,1,1,188,8,0.8453785650486598,0.914964829275686,0.0625,0.08333333333333333,4,0
10000,8641,0.8801716971621729,0.8121091305537216,0.0729166666666667,0.031477838213169775,1.0,1,1,188,9,0.8453785650486598,0.914964829275686,0.0625,0.08333333333333333,4,0
10000,7885,0.7757923008216336,0.8903123748998999,0.125,0.033734939759036145,1.0,1,1,189,0,0.6366197723675814,0.914964829275686,0.08333333333333333,0.16666666666666666,2,0
10000,7706,0.7757923008216336,0.8903123748998999,0.125,0.03438878795743577,1.0,1,1,189,1,0.6366197723675814,0.914964829275686,0.08333333333333333,0.16666666666666666,2,0
10000,7869,0.7757923008216336,0.8903123748998999,0.125,0.03443893760325327,1.0,1,1,189,2,0.6366197723675814,0.914964829275686,0.08333333333333333,0.16666666666666666,2,0
10000,7813,0.7757923008216336,0.8903123748998999,0.125,0.03558172276974274,1.0,1,1,189,3,0.6366197723675814,0.914964829275686,0.08333333333333333,0.16666666666666666,2,0
10000,7766,0.7757923008216336,0.8903123748998999,0.125,0.032577903682719546,1.0,1,1,189,4,0.6366197723675814,0.914964829275686,0.08333333333333333,0.16666666666666666,2,0
10000,7779,0.7757923008216336,0.8903123748998999,0.125,0.03548013883532588,1.0,1,1,189,5,0.6366197723675814,0.914964829275686,0.08333333333333333,0.16666666666666666,2,0
10000,7738,0.7757923008216336,0.8903123748998999,0.125,0.03334194882398553,1.0,1,1,189,6,0.6366197723675814,0.914964829275686,0.08333333333333333,0.16666666666666666,2,0
10000,7657,0.7757923008216336,0.8903123748998999,0.125,0.032388663967611336,1.0,1,1,189,7,0.6366197723675814,0.914964829275686,0.08333333333333333,0.16666666666666666,2,0
10000,7830,0.7757923008216336,0.8903123748998999,0.125,0.031800766283524906,1.0,1,1,189,8,0.6366197723675814,0.914964829275686,0.08333333333333333,0.16666666666666666,2,0
10000,7592,0.7757923008216336,0.8903123748998999,0.125,0.032665964172813484,1.0,1,1,189,9,0.6366197723675814,0.914964829275686,0.08333333333333333,0.16666666666666666,2,0
10000,9496,0.9497579613891991,0.6240195927061527,0.010416666666666666,0.03443555181128896,1.0,0,0,190,0,0.914964829275686,0.9845510935027122,0.0,0.020833333333333332,4,0
10000,9367,0.9497579613891991,0.6240195927061527,0.010416666666666666,0.03597736735347497,1.0,0,0,190,1,0.914964829275686,0.9845510935027122,0.0,0.020833333333333332,4,0
10000,9457,0.9497579613891991,0.6240195927061527,0.010416666666666666,0.033731627365972294,1.0,0,0,190,2,0.914964829275686,0.9845510935027122,0.0,0.020833333333333332,4,0
10000,9442,0.9497579613891991,0.6240195927061527,0.010416666666666666,0.03336157593730142,1.0,0,0,190,3,0.914964829275686,0.9845510935027122,0.0,0.020833333333333332,4,0
10000,9331,0.9497579613891991,0.6240195927061527,0.010416666666666666,0.030650519772800342,1.0,0,0,190,4,0.914964829275686,0.9845510935027122,0.0,0.020833333333333332,4,0
10000,9429,0.9497579613891991,0.6240195927061527,0.010416666666666666,0.03393785130978895,1.0,0,0,190,5,0.914964829275686,0.9845510935027122,0.0,0.020833333333333332,4,0
10000,9435,0.9497579613891991,0.6240195927061527,0.010416666666666666,0.032750397456279806,1.0,0,0,190,6,0.914964829275686,0.9845510935027122,0.0,0.020833333333333332,4,0
10000,9598,0.9497579613891991,0.6240195927061527,0.010416666666666666,0.03188164200875182,1.0,0,0,190,7,0.914964829275686,0.9845510935027122,0.0,0.020833333333333332,4,0
10000,9433,0.9497579613891991,0.6240195927061527,0.010416666666666666,0.036679741333616026,1.0,0,0,190,8,0.914964829275686,0.9845510935027122,0.0,0.020833333333333332,4,0
10000,9450,0.9497579613891991,0.6240195927061527,0.010416666666666666,0.031005291005291005,1.0,0,0,190,9,0.914964829275686,0.9845510935027122,0.0,0.020833333333333332,4,0
10000,9325,0.9323613953324426,0.693743699494332,0.026041666666666703,0.037319034852546916,1.0,0,1,191,0,0.914964829275686,0.9497579613891991,0.020833333333333332,0.03125,5,0
10000,9258,0.9323613953324426,0.693743699494332,0.026041666666666703,0.034132642039317346,1.0,0,0,191,1,0.914964829275686,0.9497579613891991,0.020833333333333332,0.03125,5,0
10000,9436,0.9323613953324426,0.693743699494332,0.026041666666666703,0.031581178465451464,1.0,0,0,191,2,0.914964829275686,0.9497579613891991,0.020833333333333332,0.03125,5,0
10000,9321,0.9323613953324426,0.693743699494332,0.026041666666666703,0.034331080356184956,1.0,0,1,191,3,0.914964829275686,0.9497579613891991,0.020833333333333332,0.03125,5,0
10000,9223,0.9323613953324426,0.693743699494332,0.026041666666666703,0.030684159167299142,1.0,0,0,191,4,0.914964829275686,0.9497579613891991,0.020833333333333332,0.03125,5,0
10000,9079,0.9323613953324426,0.693743699494332,0.026041666666666703,0.033483863861658775,1.0,0,1,191,5,0.914964829275686,0.9497579613891991,0.020833333333333332,0.03125,5,0
10000,9422,0.9323613953324426,0.693743699494332,0.026041666666666703,0.033007853958819784,1.0,0,0,191,6,0.914964829275686,0.9497579613891991,0.020833333333333332,0.03125,5,0
10000,9294,0.9323613953324426,0.693743699494332,0.026041666666666703,0.03217129330751022,1.0,0,0,191,7,0.914964829275686,0.9497579613891991,0.020833333333333332,0.03125,5,0
10000,9239,0.9323613953324426,0.693743699494332,0.026041666666666703,0.03279575711657106,1.0,0,0,191,8,0.914964829275686,0.9497579613891991,0.020833333333333332,0.03125,5,0
10000,9336,0.9323613953324426,0.693743699494332,0.026041666666666703,0.032562125107112254,1.0,0,0,191,9,0.914964829275686,0.9497579613891991,0.020833333333333332,0.03125,5,0
10000,9423,0.9323613953324426,0.7273692532946132,0.036458333333333294,0.03215536453358803,1.0,0,1,192,0,0.914964829275686,0.9497579613891991,0.03125,0.041666666666666664,5,1
10000,9230,0.9323613953324426,0.7273692532946132,0.036458333333333294,0.03456121343445287,1.0,0,1,192,1,0.914964829275686,0.9497579613891991,0.03125,0.041666666666666664,5,1
10000,9362,0.9323613953324426,0.7273692532946132,0.036458333333333294,0.034501174962614824,1.0,0,1,192,2,0.914964829275686,0.9497579613891991,0.03125,0.041666666666666664,5,1
10000,9410,0.9323613953324426,0.7273692532946132,0.036458333333333294,0.03443145589798087,1.0,0,1,192,3,0.914964829275686,0.9497579613891991,0.03125,0.041666666666666664,5,1
10000,9394,0.9323613953324426,0.7273692532946132,0.036458333333333294,0.03534170747285501,1.0,0,1,192,4,0.914964829275686,0.9497579613891991,0.03125,0.041666666666666664,5,1
10000,9230,0.9323613953324426,0.7273692532946132,0.036458333333333294,0.029360780065005417,1.0,0,1,192,5,0.914964829275686,0.9497579613891991,0.03125,0.041666666666666664,5,1
10000,9274,0.9323613953324426,0.7273692532946132,0.036458333333333294,0.035367694630148806,1.0,0,1,192,6,0.914964829275686,0.9497579613891991,0.03125,0.041666666666666664,5,1
10000,9301,0.9323613953324426,0.7273692532946132,0.036458333333333294,0.03279217288463606,1.0,0,0,192,7,0.914964829275686,0.9497579613891991,0.03125,0.041666666666666664,5,1
10000,9405,0.9323613953324426,0.7273692532946132,0.036458333333333294,0.0328548644338118,1.0,0,1,192,8,0.914964829275686,0.9497579613891991,0.03125,0.041666666666666664,5,1
10000,9444,0.9323613953324426,0.7273692532946132,0.036458333333333294,0.03250741211351122,1.0,0,0,192,9,0.914964829275686,0.9497579613891991,0.03125,0.041666666666666664,5,1
10000,9303,0.9323613953324426,0.7273692532946132,0.036458333333333294,0.03214016983768677,1.0,0,1,192,10,0.914964829275686,0.9497579613891991,0.03125,0.041666666666666664,5,1
10000,9409,0.9323613953324426,0.7273692532946132,0.036458333333333294,0.03252205335317249,1.0,0,1,192,11,0.914964829275686,0.9497579613891991,0.03125,0.041666666666666664,5,1
10000,9327,0.9323613953324426,0.7273692532946132,0.036458333333333294,0.0322718987884636,1.0,0,0,192,12,0.914964829275686,0.9497579613891991,0.03125,0.041666666666666664,5,1
10000,9233,0.9323613953324426,0.7273692532946132,0.036458333333333294,0.03075923318531355,1.0,0,1,192,13,0.914964829275686,0.9497579613891991,0.03125,0.041666666666666664,5,1
10000,9294,0.9323613953324426,0.7273692532946132,0.036458333333333294,0.029696578437701744,1.0,0,1,192,14,0.914964829275686,0.9497579613891991,0.03125,0.041666666666666664,5,1
10000,9525,0.9323613953324426,0.7273692532946132,0.036458333333333294,0.03296587926509186,1.0,0,1,192,15,0.914964829275686,0.9497579613891991,0.03125,0.041666666666666664,5,1
10000,9379,0.9323613953324426,0.7273692532946132,0.036458333333333294,0.03443863951380744,1.0,0,1,192,16,0.914964829275686,0.9497579613891991,0.03125,0.041666666666666664,5,1
10000,9313,0.9323613953324426,0.7273692532946132,0.036458333333333294,0.03607859980672179,1.0,0,1,192,17,0.914964829275686,0.9497579613891991,0.03125,0.041666666666666664,5,1
10000,9399,0.9323613953324426,0.7273692532946132,0.036458333333333294,0.029045643153526972,1.0,0,1,192,18,0.914964829275686,0.9497579613891991,0.03125,0.041666666666666664,5,1
10000,9502,0.9323613953324426,0.7273692532946132,0.036458333333333294,0.031361818564512735,1.0,0,1,192,19,0.914964829275686,0.9497579613891991,0.03125,0.041666666666666664,5,1
10000,9602,0.9671545274459556,0.693743699494332,0.026041666666666703,0.03186836075817538,1.0,0,0,193,0,0.9497579613891991,0.9845510935027122,0.020833333333333332,0.03125,5,0
10000,9657,0.9671545274459556,0.693743699494332,0.026041666666666703,0.03613958786372579,1.0,0,0,193,1,0.9497579613891991,0.9845510935027122,0.020833333333333332,0.03125,5,0
10000,9795,0.9671545274459556,0.693743699494332,0.026041666666666703,0.03226135783563042,1.0,0,0,193,2,0.9497579613891991,0.9845510935027122,0.020833333333333332,0.03125,5,0
10000,9716,0.9671545274459556,0.693743699494332,0.026041666666666703,0.034273363524083986,1.0,0,0,193,3,0.9497579613891991,0.9845510935027122,0.020833333333333332,0.03125,5,0
10000,9692,0.9671545274459556,0.693743699494332,0.026041666666666703,0.03415187783739166,1.0,0,1,193,4,0.9497579613891991,0.9845510935027122,0.020833333333333332,0.03125,5,0
10000,9496,0.9671545274459556,0.693743699494332,0.026041666666666703,0.03359309182813816,1.0,0,0,193,5,0.9497579613891991,0.9845510935027122,0.020833333333333332,0.03125,5,0
10000,9722,0.9671545274459556,0.693743699494332,0.026041666666666703,0.032812178564081466,1.0,0,1,193,6,0.9497579613891991,0.9845510935027122,0.020833333333333332,0.03125,5,0
10000,9665,0.9671545274459556,0.693743699494332,0.026041666666666703,0.03817899637868598,1.0,0,1,193,7,0.9497579613891991,0.9845510935027122,0.020833333333333332,0.03125,5,0
10000,9524,0.9671545274459556,0.693743699494332,0.026041666666666703,0.03412431751364973,1.0,0,0,193,8,0.9497579613891991,0.9845510935027122,0.020833333333333332,0.03125,5,0
10000,9542,0.9671545274459556,0.693743699494332,0.026041666666666703,0.03112555019911968,1.0,0,0,193,9,0.9497579613891991,0.9845510935027122,0.020833333333333332,0.03125,5,0
10000,9571,0.9671545274459556,0.7273692532946132,0.036458333333333294,0.03364329746108035,1.0,0,1,194,0,0.9497579613891991,0.9845510935027122,0.03125,0.041666666666666664,5,1
10000,9696,0.9671545274459556,0.7273692532946132,0.036458333333333294,0.03444719471947195,1.0,0,1,194,1,0.9497579613891991,0.9845510935027122,0.03125,0.041666666666666664,5,1
10000,9883,0.9671545274459556,0.7273692532946132,0.036458333333333294,0.03248001618941617,1.0,0,1,194,2,0.9497579613891991,0.9845510935027122,0.03125,0.041666666666666664,5,1
10000,9823,0.9671545274459556,0.7273692532946132,0.036458333333333294,0.03461264379517459,1.0,0,1,194,3,0.9497579613891991,0.9845510935027122,0.03125,0.041666666666666664,5,1
10000,9652,0.9671545274459556,0.7273692532946132,0.036458333333333294,0.03367177786987153,1.0,0,1,194,4,0.9497579613891991,0.9845510935027122,0.03125,0.041666666666666664,5,1
10000,9783,0.9671545274459556,0.7273692532946132,0.036458333333333294,0.03332311151998364,1.0,0,1,194,5,0.9497579613891991,0.9845510935027122,0.03125,0.041666666666666664,5,1
10000,9515,0.9671545274459556,0.7273692532946132,0.036458333333333294,0.03163426169206516,1.0,0,1,194,6,0.9497579613891991,0.9845510935027122,0.03125,0.041666666666666664,5,1
10000,9695,0.9671545274459556,0.7273692532946132,0.036458333333333294,0.03300670448684889,1.0,0,1,194,7,0.9497579613891991,0.9845510935027122,0.03125,0.041666666666666664,5,1
10000,9660,0.9671545274459556,0.7273692532946132,0.036458333333333294,0.02888198757763975,1.0,0,0,194,8,0.9497579613891991,0.9845510935027122,0.03125,0.041666666666666664,5,1
10000,9587,0.9671545274459556,0.7273692532946132,0.036458333333333294,0.03358714926462918,1.0,0,1,194,9,0.9497579613891991,0.9845510935027122,0.03125,0.041666666666666664,5,1
10000,9835,0.9671545274459556,0.7273692532946132,0.036458333333333294,0.029994916115912557,1.0,0,1,194,10,0.9497579613891991,0.9845510935027122,0.03125,0.041666666666666664,5,1
10000,9709,0.9671545274459556,0.7273692532946132,0.036458333333333294,0.032650118446801935,1.0,0,1,194,11,0.9497579613891991,0.9845510935027122,0.03125,0.041666666666666664,5,1
10000,9603,0.9671545274459556,0.7273692532946132,0.036458333333333294,0.03342705404561075,1.0,0,1,194,12,0.9497579613891991,0.9845510935027122,0.03125,0.041666666666666664,5,1
10000,9656,0.9671545274459556,0.7273692532946132,0.036458333333333294,0.033140016570008285,1.0,0,1,194,13,0.9497579613891991,0.9845510935027122,0.03125,0.041666666666666664,5,1
10000,9689,0.9671545274459556,0.7273692532946132,0.036458333333333294,0.03457529156775725,1.0,0,1,194,14,0.9497579613891991,0.9845510935027122,0.03125,0.041666666666666664,5,1
10000,9580,0.9671545274459556,0.7273692532946132,0.036458333333333294,0.031210855949895616,1.0,0,1,194,15,0.9497579613891991,0.9845510935027122,0.03125,0.041666666666666664,5,1
10000,9684,0.9671545274459556,0.7273692532946132,0.036458333333333294,0.03614209004543577,1.0,0,1,194,16,0.9497579613891991,0.9845510935027122,0.03125,0.041666666666666664,5,1
10000,9652,0.9671545274459556,0.7273692532946132,0.036458333333333294,0.03429341069208454,1.0,0,1,194,17,0.9497579613891991,0.9845510935027122,0.03125,0.041666666666666664,5,1
10000,9733,0.9671545274459556,0.7273692532946132,0.036458333333333294,0.03369978423918627,1.0,0,1,194,18,0.9497579613891991,0.9845510935027122,0.03125,0.041666666666666664,5,1
10000,9736,0.9671545274459556,0.7273692532946132,0.036458333333333294,0.037387017255546426,1.0,0,1,194,19,0.9497579613891991,0.9845510935027122,0.03125,0.041666666666666664,5,1
10000,10323,1.0193442256162253,0.6240195927061527,0.010416666666666666,0.03090186961154703,1.0,0,0,195,0,0.9845510935027122,1.0541373577297384,0.0,0.020833333333333332,4,0
10000,10191,1.0193442256162253,0.6240195927061527,0.010416666666666666,0.033362771072514966,1.0,0,0,195,1,0.9845510935027122,1.0541373577297384,0.0,0.020833333333333332,4,0
10000,10268,1.0193442256162253,0.6240195927061527,0.010416666666666666,0.03058044409816907,1.0,0,0,195,2,0.9845510935027122,1.0541373577297384,0.0,0.020833333333333332,4,0
10000,10197,1.0193442256162253,0.6240195927061527,0.010416666666666666,0.03393154849465529,1.0,0,0,195,3,0.9845510935027122,1.0541373577297384,0.0,0.020833333333333332,4,0
10000,10291,1.0193442256162253,0.6240195927061527,0.010416666666666666,0.03624526285103488,1.0,0,0,195,4,0.9845510935027122,1.0541373577297384,0.0,0.020833333333333332,4,0
10000,10077,1.0193442256162253,0.6240195927061527,0.010416666666666666,0.03562568224670041,1.0,0,0,195,5,0.9845510935027122,1.0541373577297384,0.0,0.020833333333333332,4,0
10000,10083,1.0193442256162253,0.6240195927061527,0.010416666666666666,0.033720122979272044,1.0,0,0,195,6,0.9845510935027122,1.0541373577297384,0.0,0.020833333333333332,4,0
10000,10078,1.0193442256162253,0.6240195927061527,0.010416666666666666,0.03195078388569161,1.0,0,0,195,7,0.9845510935027122,1.0541373577297384,0.0,0.020833333333333332,4,0
10000,10376,1.0193442256162253,0.6240195927061527,0.010416666666666666,0.03402081727062452,1.0,0,0,195,8,0.9845510935027122,1.0541373577297384,0.0,0.020833333333333332,4,0
10000,10284,1.0193442256162253,0.6240195927061527,0.010416666666666666,0.035394788020225595,1.0,0,0,195,9,0.9845510935027122,1.0541373577297384,0.0,0.020833333333333332,4,0
10000,9963,1.0019476595594687,0.693743699494332,0.026041666666666703,0.03382515306634548,1.0,0,0,196,0,0.9845510935027122,1.0193442256162253,0.020833333333333332,0.03125,5,0
10000,10051,1.0019476595594687,0.693743699494332,0.026041666666666703,0.03263356879912446,1.0,0,0,196,1,0.9845510935027122,1.0193442256162253,0.020833333333333332,0.03125,5,0
10000,9950,1.0019476595594687,0.693743699494332,0.026041666666666703,0.032663316582914576,1.0,0,1,196,2,0.9845510935027122,1.0193442256162253,0.020833333333333332,0.03125,5,0
10000,10032,1.0019476595594687,0.693743699494332,0.026041666666666703,0.03189792663476874,1.0,0,0,196,3,0.9845510935027122,1.0193442256162253,0.020833333333333332,0.03125,5,0
10000,9983,1.0019476595594687,0.693743699494332,0.026041666666666703,0.03586096363818492,1.0,0,0,196,4,0.9845510935027122,1.0193442256162253,0.020833333333333332,0.03125,5,0
10000,9881,1.0019476595594687,0.693743699494332,0.026041666666666703,0.03349863374152414,1.0,0,0,196,5,0.9845510935027122,1.0193442256162253,0.020833333333333332,0.03125,5,0
10000,10001,1.0019476595594687,0.693743699494332,0.026041666666666703,0.0334966503349665,1.0,0,0,196,6,0.9845510935027122,1.0193442256162253,0.020833333333333332,0.03125,5,0
10000,10066,1.0019476595594687,0.693743699494332,0.026041666666666703,0.031392807470693423,1.0,0,0,196,7,0.9845510935027122,1.0193442256162253,0.020833333333333332,0.03125,5,0
10000,9947,1.0019476595594687,0.693743699494332,0.026041666666666703,0.031466773901678895,1.0,0,1,196,8,0.9845510935027122,1.0193442256162253,0.020833333333333332,0.03125,5,0
10000,10140,1.0019476595594687,0.693743699494332,0.026041666666666703,0.03155818540433925,1.0,0,0,196,9,0.9845510935027122,1.0193442256162253,0.020833333333333332,0.03125,5,0
10000,10184,1.0019476595594687,0.7273692532946132,0.036458333333333294,0.03230557737627651,1.0,0,1,197,0,0.9845510935027122,1.0193442256162253,0.03125,0.041666666666666664,5,1
10000,10078,1.0019476595594687,0.7273692532946132,0.036458333333333294,0.03453066084540583,1.0,0,1,197,1,0.9845510935027122,1.0193442256162253,0.03125,0.041666666666666664,5,1
10000,9980,1.0019476595594687,0.7273692532946132,0.036458333333333294,0.03577154308617234,1.0,0,1,197,2,0.9845510935027122,1.0193442256162253,0.03125,0.041666666666666664,5,1
10000,9941,1.0019476595594687,0.7273692532946132,0.036458333333333294,0.03369882305603058,1.0,0,1,197,3,0.9845510935027122,1.0193442256162253,0.03125,0.041666666666666664,5,1
10000,9891,1.0019476595594687,0.7273692532946132,0.036458333333333294,0.03204933778182186,1.0,0,1,197,4,0.9845510935027122,1.0193442256162253,0.03125,0.041666666666666664,5,1
10000,10012,1.0019476595594687,0.7273692532946132,0.036458333333333294,0.03326008789452657,1.0,0,1,197,5,0.9845510935027122,1.0193442256162253,0.03125,0.041666666666666664,5,1
10000,9815,1.0019476595594687,0.7273692532946132,0.036458333333333294,0.035048395313295976,1.0,0,1,197,6,0.9845510935027122,1.0193442256162253,0.03125,0.041666666666666664,5,1
10000,9985,1.0019476595594687,0.7273692532946132,0.036458333333333294,0.03445167751627441,1.0,0,1,197,7,0.9845510935027122,1.0193442256162253,0.03125,0.041666666666666664,5,1
10000,9962,1.0019476595594687,0.7273692532946132,0.036458333333333294,0.033326641236699456,1.0,0,1,197,8,0.9845510935027122,1.0193442256162253,0.03125,0.041666666666666664,5,1
10000,9865,1.0019476595594687,0.7273692532946132,0.036458333333333294,0.036391282311201215,1.0,0,1,197,9,0.9845510935027122,1.0193442256162253,0.03125,0.041666666666666664,5,1
10000,10028,1.0019476595594687,0.7273692532946132,0.036458333333333294,0.03410450737933785,1.0,0,1,197,10,0.9845510935027122,1.0193442256162253,0.03125,0.041666666666666664,5,1
10000,9925,1.0019476595594687,0.7273692532946132,0.036458333333333294,0.036070528967254406,1.0,0,1,197,11,0.9845510935027122,1.0193442256162253,0.03125,0.041666666666666664,5,1
10000,9845,1.0019476595594687,0.7273692532946132,0.036458333333333294,0.029862874555611985,1.0,0,1,197,12,0.9845510935027122,1.0193442256162253,0.03125,0.041666666666666664,5,1
10000,9826,1.0019476595594687,0.7273692532946132,0.036458333333333294,0.035619784245878285,1.0,0,0,197,13,0.9845510935027122,1.0193442256162253,0.03125,0.041666666666666664,5,1
10000,9930,1.0019476595594687,0.7273692532946132,0.036458333333333294,0.03413897280966768,1.0,0,1,197,14,0.9845510935027122,1.0193442256162253,0.03125,0.041666666666666664,5,1
10000,10127,1.0019476595594687,0.7273692532946132,0.036458333333333294,0.03495605806260492,1.0,0,1,197,15,0.9845510935027122,1.0193442256162253,0.03125,0.041666666666666664,5,1
10000,9933,1.0019476595594687,0.7273692532946132,0.036458333333333294,0.031108426457263666,1.0,0,1,197,16,0.9845510935027122,1.0193442256162253,0.03125,0.041666666666666664,5,1
10000,9996,1.0019476595594687,0.7273692532946132,0.036458333333333294,0.032613045218087236,1.0,0,1,197,17,0.9845510935027122,1.0193442256162253,0.03125,0.041666666666666664,5,1
10000,10119,1.0019476595594687,0.7273692532946132,0.036458333333333294,0.03290839015713015,1.0,0,0,197,18,0.9845510935027122,1.0193442256162253,0.03125,0.041666666666666664,5,1
10000,9970,1.0019476595594687,0.7273692532946132,0.036458333333333294,0.03119358074222668,1.0,0,1,197,19,0.9845510935027122,1.0193442256162253,0.03125,0.041666666666666664,5,1
10000,10267,1.0367407916729818,0.693743699494332,0.026041666666666703,0.03184961527223142,1.0,0,1,198,0,1.0193442256162253,1.0541373577297384,0.020833333333333332,0.03125,5,0
10000,10448,1.0367407916729818,0.693743699494332,0.026041666666666703,0.03646630934150077,1.0,0,0,198,1,1.0193442256162253,1.0541373577297384,0.020833333333333332,0.03125,5,0
10000,10340,1.0367407916729818,0.693743699494332,0.026041666666666703,0.03288201160541586,1.0,0,0,198,2,1.0193442256162253,1.0541373577297384,0.020833333333333332,0.03125,5,0
10000,10375,1.0367407916729818,0.693743699494332,0.026041666666666703,0.03402409638554217,1.0,0,1,198,3,1.0193442256162253,1.0541373577297384,0.020833333333333332,0.03125,5,0
10000,10230,1.0367407916729818,0.693743699494332,0.026041666666666703,0.03284457478005865,1.0,0,1,198,4,1.0193442256162253,1.0541373577297384,0.020833333333333332,0.03125,5,0
10000,10356,1.0367407916729818,0.693743699494332,0.026041666666666703,0.029934337582078023,1.0,0,1,198,5,1.0193442256162253,1.0541373577297384,0.020833333333333332,0.03125,5,0
10000,10492,1.0367407916729818,0.693743699494332,0.026041666666666703,0.032310331681280974,1.0,0,1,198,6,1.0193442256162253,1.0541373577297384,0.020833333333333332,0.03125,5,0
10000,10442,1.0367407916729818,0.693743699494332,0.026041666666666703,0.029687799272170082,1.0,0,0,198,7,1.0193442256162253,1.0541373577297384,0.020833333333333332,0.03125,5,0
10000,10463,1.0367407916729818,0.693743699494332,0.026041666666666703,0.030583962534645896,1.0,0,0,198,8,1.0193442256162253,1.0541373577297384,0.020833333333333332,0.03125,5,0
10000,10451,1.0367407916729818,0.693743699494332,0.026041666666666703,0.03415941058271936,1.0,0,0,198,9,1.0193442256162253,1.0541373577297384,0.020833333333333332,0.03125,5,0
10000,10487,1.0367407916729818,0.7273692532946132,0.036458333333333294,0.03375607895489654,1.0,0,1,199,0,1.0193442256162253,1.0541373577297384,0.03125,0.041666666666666664,5,1
10000,10342,1.0367407916729818,0.7273692532946132,0.036458333333333294,0.03229549410172114,1.0,0,1,199,1,1.0193442256162253,1.0541373577297384,0.03125,0.041666666666666664,5,1
10000,10346,1.0367407916729818,0.7273692532946132,0.036458333333333294,0.030639860815774213,1.0,0,1,199,2,1.0193442256162253,1.0541373577297384,0.03125,0.041666666666666664,5,1
10000,10479,1.0367407916729818,0.7273692532946132,0.036458333333333294,0.03349556255367878,1.0,0,1,199,3,1.0193442256162253,1.0541373577297384,0.03125,0.041666666666666664,5,1
10000,10553,1.0367407916729818,0.7273692532946132,0.036458333333333294,0.0320288069743201,1.0,0,1,199,4,1.0193442256162253,1.0541373577297384,0.03125,0.041666666666666664,5,1
10000,10328,1.0367407916729818,0.7273692532946132,0.036458333333333294,0.03262974438419829,1.0,0,1,199,5,1.0193442256162253,1.0541373577297384,0.03125,0.041666666666666664,5,1
10000,10400,1.0367407916729818,0.7273692532946132,0.036458333333333294,0.03375,1.0,0,1,199,6,1.0193442256162253,1.0541373577297384,0.03125,0.041666666666666664,5,1
10000,10257,1.0367407916729818,0.7273692532946132,0.036458333333333294,0.03305059959052355,1.0,0,1,199,7,1.0193442256162253,1.0541373577297384,0.03125,0.041666666666666664,5,1
10000,10461,1.0367407916729818,0.7273692532946132,0.036458333333333294,0.03441353599082306,1.0,0,1,199,8,1.0193442256162253,1.0541373577297384,0.03125,0.041666666666666664,5,1
10000,10515,1.0367407916729818,0.7273692532946132,0.036458333333333294,0.030622919638611506,1.0,0,1,199,9,1.0193442256162253,1.0541373577297384,0.03125,0.041666666666666664,5,1
10000,10282,1.0367407916729818,0.7273692532946132,0.036458333333333294,0.03160863645205213,1.0,0,1,199,10,1.0193442256162253,1.0541373577297384,0.03125,0.041666666666666664,5,1
10000,10371,1.0367407916729818,0.7273692532946132,0.036458333333333294,0.03451933275479703,1.0,0,1,199,11,1.0193442256162253,1.0541373577297384,0.03125,0.041666666666666664,5,1
10000,10331,1.0367407916729818,0.7273692532946132,0.036458333333333294,0.03310424934662666,1.0,0,1,199,12,1.0193442256162253,1.0541373577297384,0.03125,0.041666666666666664,5,1
10000,10589,1.0367407916729818,0.7273692532946132,0.036458333333333294,0.03220322976673907,1.0,0,1,199,13,1.0193442256162253,1.0541373577297384,0.03125,0.041666666666666664,5,1
10000,10398,1.0367407916729818,0.7273692532946132,0.036458333333333294,0.02827466820542412,1.0,0,1,199,14,1.0193442256162253,1.0541373577297384,0.03125,0.041666666666666664,5,1
10000,10377,1.0367407916729818,0.7273692532946132,0.036458333333333294,0.03228293341042691,1.0,0,1,199,15,1.0193442256162253,1.0541373577297384,0.03125,0.041666666666666664,5,1
10000,10399,1.0367407916729818,0.7273692532946132,0.036458333333333294,0.03202230983748437,1.0,0,1,199,16,1.0193442256162253,1.0541373577297384,0.03125,0.041666666666666664,5,1
10000,10564,1.0367407916729818,0.7273692532946132,0.036458333333333294,0.030102234002271865,1.0,0,1,199,17,1.0193442256162253,1.0541373577297384,0.03125,0.041666666666666664,5,1
10000,10477,1.0367407916729818,0.7273692532946132,0.036458333333333294,0.03397919251694187,1.0,0,1,199,18,1.0193442256162253,1.0541373577297384,0.03125,0.041666666666666664,5,1
10000,10368,1.0367407916729818,0.7273692532946132,0.036458333333333294,0.03279320987654321,1.0,0,1,199,19,1.0193442256162253,1.0541373577297384,0.03125,0.041666666666666664,5,1
10000,9740,0.9845510935027122,0.7914805954090255,0.0625,0.03162217659137577,1.0,1,1,200,0,0.914964829275686,1.0541373577297384,0.041666666666666664,0.08333333333333333,3,0
10000,9996,0.9845510935027122,0.7914805954090255,0.0625,0.034013605442176874,1.0,1,1,200,1,0.914964829275686,1.0541373577297384,0.041666666666666664,0.08333333333333333,3,0
10000,9934,0.9845510935027122,0.7914805954090255,0.0625,0.03170928125629152,1.0,1,1,200,2,0.914964829275686,1.0541373577297384,0.041666666666666664,0.08333333333333333,3,0
10000,9888,0.9845510935027122,0.7914805954090255,0.0625,0.03337378640776699,1.0,1,1,200,3,0.914964829275686,1.0541373577297384,0.041666666666666664,0.08333333333333333,3,0
10000,9830,0.9845510935027122,0.7914805954090255,0.0625,0.03611393692777213,1.0,1,1,200,4,0.914964829275686,1.0541373577297384,0.041666666666666664,0.08333333333333333,3,0
10000,9943,0.9845510935027122,0.7914805954090255,0.0625,0.034396057527909085,1.0,1,1,200,5,0.914964829275686,1.0541373577297384,0.041666666666666664,0.08333333333333333,3,0
10000,9842,0.9845510935027122,0.7914805954090255,0.0625,0.033631375736638894,1.0,1,1,200,6,0.914964829275686,1.0541373577297384,0.041666666666666664,0.08333333333333333,3,0
10000,9950,0.9845510935027122,0.7914805954090255,0.0625,0.0335678391959799,1.0,1,1,200,7,0.914964829275686,1.0541373577297384,0.041666666666666664,0.08333333333333333,3,0
10000,9936,0.9845510935027122,0.7914805954090255,0.0625,0.03351449275362319,1.0,1,1,200,8,0.914964829275686,1.0541373577297384,0.041666666666666664,0.08333333333333333,3,0
10000,9773,0.9845510935027122,0.7914805954090255,0.0625,0.02998055868208329,1.0,1,1,200,9,0.914964829275686,1.0541373577297384,0.041666666666666664,0.08333333333333333,3,0
10000,10883,1.0889304898432515,0.6240195927061527,0.010416666666666666,0.03482495635394652,1.0,0,0,201,0,1.0541373577297384,1.1237236219567646,0.0,0.020833333333333332,4,0
10000,10913,1.0889304898432515,0.6240195927061527,0.010416666666666666,0.03023916429945936,1.0,0,0,201,1,1.0541373577297384,1.1237236219567646,0.0,0.020833333333333332,4,0
10000,10904,1.0889304898432515,0.6240195927061527,0.010416666666666666,0.0336573734409391,1.0,0,0,201,2,1.0541373577297384,1.1237236219567646,0.0,0.020833333333333332,4,0
10000,10908,1.0889304898432515,0.6240195927061527,0.010416666666666666,0.034103410341034104,1.0,0,0,201,3,1.0541373577297384,1.1237236219567646,0.0,0.020833333333333332,4,0
10000,10936,1.0889304898432515,0.6240195927061527,0.010416666666666666,0.03502194586686174,1.0,0,0,201,4,1.0541373577297384,1.1237236219567646,0.0,0.020833333333333332,4,0
10000,10983,1.0889304898432515,0.6240195927061527,0.010416666666666666,0.03614677228443959,1.0,0,0,201,5,1.0541373577297384,1.1237236219567646,0.0,0.020833333333333332,4,0
10000,10979,1.0889304898432515,0.6240195927061527,0.010416666666666666,0.033336369432553054,1.0,0,0,201,6,1.0541373577297384,1.1237236219567646,0.0,0.020833333333333332,4,0
10000,10838,1.0889304898432515,0.6240195927061527,0.010416666666666666,0.03247831703266285,1.0,0,0,201,7,1.0541373577297384,1.1237236219567646,0.0,0.020833333333333332,4,0
10000,10846,1.0889304898432515,0.6240195927061527,0.010416666666666666,0.03586575696109165,1.0,0,0,201,8,1.0541373577297384,1.1237236219567646,0.0,0.020833333333333332,4,0
10000,10830,1.0889304898432515,0.6240195927061527,0.010416666666666666,0.03425669436749769,1.0,0,0,201,9,1.0541373577297384,1.1237236219567646,0.0,0.020833333333333332,4,0
10000,10850,1.071533923786495,0.693743699494332,0.026041666666666703,0.03428571428571429,1.0,0,1,202,0,1.0541373577297384,1.0889304898432515,0.020833333333333332,0.03125,5,0
10000,10877,1.071533923786495,0.693743699494332,0.026041666666666703,0.030523122184425853,1.0,0,1,202,1,1.0541373577297384,1.0889304898432515,0.020833333333333332,0.03125,5,0
10000,10804,1.071533923786495,0.693743699494332,0.026041666666666703,0.03322843391336542,1.0,0,1,202,2,1.0541373577297384,1.0889304898432515,0.020833333333333332,0.03125,5,0
10000,10795,1.071533923786495,0.693743699494332,0.026041666666666703,0.03047707271885132,1.0,0,1,202,3,1.0541373577297384,1.0889304898432515,0.020833333333333332,0.03125,5,0
10000,10621,1.071533923786495,0.693743699494332,0.026041666666666703,0.03530740984841352,1.0,0,0,202,4,1.0541373577297384,1.0889304898432515,0.020833333333333332,0.03125,5,0
10000,10768,1.071533923786495,0.693743699494332,0.026041666666666703,0.03259658246656761,1.0,0,1,202,5,1.0541373577297384,1.0889304898432515,0.020833333333333332,0.03125,5,0
10000,10866,1.071533923786495,0.693743699494332,0.026041666666666703,0.032118534879440455,1.0,0,1,202,6,1.0541373577297384,1.0889304898432515,0.020833333333333332,0.03125,5,0
10000,10898,1.071533923786495,0.693743699494332,0.026041666666666703,0.030647825289043862,1.0,0,0,202,7,1.0541373577297384,1.0889304898432515,0.020833333333333332,0.03125,5,0
10000,10794,1.071533923786495,0.693743699494332,0.026041666666666703,0.03214748934593292,1.0,0,1,202,8,1.0541373577297384,1.0889304898432515,0.020833333333333332,0.03125,5,0
10000,10642,1.071533923786495,0.693743699494332,0.026041666666666703,0.03138507799285849,1.0,0,0,202,9,1.0541373577297384,1.0889304898432515,0.020833333333333332,0.03125,5,0
10000,10734,1.071533923786495,0.7273692532946132,0.036458333333333294,0.032699832308552265,1.0,0,1,203,0,1.0541373577297384,1.0889304898432515,0.03125,0.041666666666666664,5,1
10000,10674,1.071533923786495,0.7273692532946132,0.036458333333333294,0.03241521454000375,1.0,0,1,203,1,1.0541373577297384,1.0889304898432515,0.03125,0.041666666666666664,5,1
10000,10721,1.071533923786495,0.7273692532946132,0.036458333333333294,0.03376550694897864,1.0,0,1,203,2,1.0541373577297384,1.0889304898432515,0.03125,0.041666666666666664,5,1
10000,10590,1.071533923786495,0.7273692532946132,0.036458333333333294,0.03276676109537299,1.0,0,1,203,3,1.0541373577297384,1.0889304898432515,0.03125,0.041666666666666664,5,1
10000,10640,1.071533923786495,0.7273692532946132,0.036458333333333294,0.03280075187969925,1.0,0,1,203,4,1.0541373577297384,1.0889304898432515,0.03125,0.041666666666666664,5,1
10000,10477,1.071533923786495,0.7273692532946132,0.036458333333333294,0.03350195666698482,1.0,0,1,203,5,1.0541373577297384,1.0889304898432515,0.03125,0.041666666666666664,5,1
10000,10768,1.071533923786495,0.7273692532946132,0.036458333333333294,0.03315378900445765,1.0,0,1,203,6,1.0541373577297384,1.0889304898432515,0.03125,0.041666666666666664,5,1
10000,10708,1.071533923786495,0.7273692532946132,0.036458333333333294,0.03352633545013074,1.0,0,1,203,7,1.0541373577297384,1.0889304898432515,0.03125,0.041666666666666664,5,1
10000,10818,1.071533923786495,0.7273692532946132,0.036458333333333294,0.03152153817711222,1.0,0,1,203,8,1.0541373577297384,1.0889304898432515,0.03125,0.041666666666666664,5,1
10000,10502,1.071533923786495,0.7273692532946132,0.036458333333333294,0.03361264521043611,1.0,0,1,203,9,1.0541373577297384,1.0889304898432515,0.03125,0.041666666666666664,5,1
10000,10824,1.071533923786495,0.7273692532946132,0.036458333333333294,0.03233555062823355,1.0,0,1,203,10,1.0541373577297384,1.0889304898432515,0.03125,0.041666666666666664,5,1
10000,10725,1.071533923786495,0.7273692532946132,0.036458333333333294,0.031981351981351984,1.0,0,1,203,11,1.0541373577297384,1.0889304898432515,0.03125,0.041666666666666664,5,1
10000,10870,1.071533923786495,0.7273692532946132,0.036458333333333294,0.033394664213431464,1.0,0,1,203,12,1.0541373577297384,1.0889304898432515,0.03125,0.041666666666666664,5,1
10000,10558,1.071533923786495,0.7273692532946132,0.036458333333333294,0.0317294942223906,1.0,0,1,203,13,1.0541373577297384,1.0889304898432515,0.03125,0.041666666666666664,5,1
10000,10835,1.071533923786495,0.7273692532946132,0.036458333333333294,0.03304107060452238,1.0,0,1,203,14,1.0541373577297384,1.0889304898432515,0.03125,0.041666666666666664,5,1
10000,10649,1.071533923786495,0.7273692532946132,0.036458333333333294,0.03211569161423608,1.0,0,1,203,15,1.0541373577297384,1.0889304898432515,0.03125,0.041666666666666664,5,1
10000,10694,1.071533923786495,0.7273692532946132,0.036458333333333294,0.03385075743407518,1.0,0,1,203,16,1.0541373577297384,1.0889304898432515,0.03125,0.041666666666666664,5,1
10000,10742,1.071533923786495,0.7273692532946132,0.036458333333333294,0.03118599888288959,1.0,0,1,203,17,1.0541373577297384,1.0889304898432515,0.03125,0.041666666666666664,5,1
10000,10614,1.071533923786495,0.7273692532946132,0.036458333333333294,0.03297531562087808,1.0,0,1,203,18,1.0541373577297384,1.0889304898432515,0.03125,0.041666666666666664,5,1
10000,10721,1.071533923786495,0.7273692532946132,0.036458333333333294,0.030873985635668316,1.0,0,1,203,19,1.0541373577297384,1.0889304898432515,0.03125,0.041666666666666664,5,1
10000,10928,1.106327055900008,0.693743699494332,0.026041666666666703,0.03376647144948756,1.0,0,1,204,0,1.0889304898432515,1.1237236219567646,0.020833333333333332,0.03125,5,0
10000,11104,1.106327055900008,0.693743699494332,0.026041666666666703,0.03602305475504323,1.0,0,1,204,1,1.0889304898432515,1.1237236219567646,0.020833333333333332,0.03125,5,0
10000,10879,1.106327055900008,0.693743699494332,0.026041666666666703,0.03125287250666422,1.0,0,1,204,2,1.0889304898432515,1.1237236219567646,0.020833333333333332,0.03125,5,0
10000,11035,1.106327055900008,0.693743699494332,0.026041666666666703,0.0329859537834164,1.0,0,1,204,3,1.0889304898432515,1.1237236219567646,0.020833333333333332,0.03125,5,0
10000,11169,1.106327055900008,0.693743699494332,0.026041666666666703,0.035455278001611606,1.0,0,1,204,4,1.0889304898432515,1.1237236219567646,0.020833333333333332,0.03125,5,0
10000,11082,1.106327055900008,0.693743699494332,0.026041666666666703,0.03447031221801119,1.0,0,1,204,5,1.0889304898432515,1.1237236219567646,0.020833333333333332,0.03125,5,0
10000,11178,1.106327055900008,0.693743699494332,0.026041666666666703,0.03542673107890499,1.0,0,1,204,6,1.0889304898432515,1.1237236219567646,0.020833333333333332,0.03125,5,0
10000,11155,1.106327055900008,0.693743699494332,0.026041666666666703,0.03648588077095473,1.0,0,0,204,7,1.0889304898432515,1.1237236219567646,0.020833333333333332,0.03125,5,0
10000,10879,1.106327055900008,0.693743699494332,0.026041666666666703,0.0315286331464289,1.0,0,0,204,8,1.0889304898432515,1.1237236219567646,0.020833333333333332,0.03125,5,0
10000,11034,1.106327055900008,0.693743699494332,0.026041666666666703,0.031629508791009606,1.0,0,1,204,9,1.0889304898432515,1.1237236219567646,0.020833333333333332,0.03125,5,0
10000,11059,1.106327055900008,0.7273692532946132,0.036458333333333294,0.03237182385387467,1.0,0,1,205,0,1.0889304898432515,1.1237236219567646,0.03125,0.041666666666666664,5,1
10000,11115,1.106327055900008,0.7273692532946132,0.036458333333333294,0.033018443544759336,1.0,0,1,205,1,1.0889304898432515,1.1237236219567646,0.03125,0.041666666666666664,5,1
10000,11055,1.106327055900008,0.7273692532946132,0.036458333333333294,0.03274536408864767,1.0,0,1,205,2,1.0889304898432515,1.1237236219567646,0.03125,0.041666666666666664,5,1
10000,11102,1.106327055900008,0.7273692532946132,0.036458333333333294,0.0361196180868312,1.0,0,1,205,3,1.0889304898432515,1.1237236219567646,0.03125,0.041666666666666664,5,1
10000,11004,1.106327055900008,0.7273692532946132,0.036458333333333294,0.03498727735368957,1.0,0,1,205,4,1.0889304898432515,1.1237236219567646,0.03125,0.041666666666666664,5,1
10000,11005,1.106327055900008,0.7273692532946132,0.036458333333333294,0.027896410722398908,1.0,0,1,205,5,1.0889304898432515,1.1237236219567646,0.03125,0.041666666666666664,5,1
10000,10855,1.106327055900008,0.7273692532946132,0.036458333333333294,0.03132197144173192,1.0,0,1,205,6,1.0889304898432515,1.1237236219567646,0.03125,0.041666666666666664,5,1
10000,10956,1.106327055900008,0.7273692532946132,0.036458333333333294,0.03258488499452355,1.0,0,1,205,7,1.0889304898432515,1.1237236219567646,0.03125,0.041666666666666664,5,1
10000,10881,1.106327055900008,0.7273692532946132,0.036458333333333294,0.032809484422387646,1.0,0,1,205,8,1.0889304898432515,1.1237236219567646,0.03125,0.041666666666666664,5,1
10000,11048,1.106327055900008,0.7273692532946132,0.036458333333333294,0.03195148443157132,1.0,0,1,205,9,1.0889304898432515,1.1237236219567646,0.03125,0.041666666666666664,5,1
10000,11129,1.106327055900008,0.7273692532946132,0.036458333333333294,0.03306676251235511,1.0,0,1,205,10,1.0889304898432515,1.1237236219567646,0.03125,0.041666666666666664,5,1
10000,11077,1.106327055900008,0.7273692532946132,0.036458333333333294,0.03421504017333213,1.0,0,1,205,11,1.0889304898432515,1.1237236219567646,0.03125,0.041666666666666664,5,1
10000,10942,1.106327055900008,0.7273692532946132,0.036458333333333294,0.03527691464083348,1.0,0,1,205,12,1.0889304898432515,1.1237236219567646,0.03125,0.041666666666666664,5,1
10000,11063,1.106327055900008,0.7273692532946132,0.036458333333333294,0.030913857000813522,1.0,0,1,205,13,1.0889304898432515,1.1237236219567646,0.03125,0.041666666666666664,5,1
10000,10845,1.106327055900008,0.7273692532946132,0.036458333333333294,0.03310281235592439,1.0,0,1,205,14,1.0889304898432515,1.1237236219567646,0.03125,0.041666666666666664,5,1
10000,10882,1.106327055900008,0.7273692532946132,0.036458333333333294,0.03446057709979783,1.0,0,1,205,15,1.0889304898432515,1.1237236219567646,0.03125,0.041666666666666664,5,1
10000,11042,1.106327055900008,0.7273692532946132,0.036458333333333294,0.03396123890599529,1.0,0,1,205,16,1.0889304898432515,1.1237236219567646,0.03125,0.041666666666666664,5,1
10000,10927,1.106327055900008,0.7273692532946132,0.036458333333333294,0.03468472590830054,1.0,0,1,205,17,1.0889304898432515,1.1237236219567646,0.03125,0.041666666666666664,5,1
10000,11221,1.106327055900008,0.7273692532946132,0.036458333333333294,0.03502361643347295,1.0,0,1,205,18,1.0889304898432515,1.1237236219567646,0.03125,0.041666666666666664,5,1
10000,10807,1.106327055900008,0.7273692532946132,0.036458333333333294,0.03432960118441751,1.0,0,1,205,19,1.0889304898432515,1.1237236219567646,0.03125,0.041666666666666664,5,1
10000,11553,1.1585167540702777,0.6240195927061527,0.010416666666666666,0.030035488617675063,1.0,0,0,206,0,1.1237236219567646,1.1933098861837907,0.0,0.020833333333333332,4,0
10000,11438,1.1585167540702777,0.6240195927061527,0.010416666666666666,0.03374715859415982,1.0,0,0,206,1,1.1237236219567646,1.1933098861837907,0.0,0.020833333333333332,4,0
10000,11702,1.1585167540702777,0.6240195927061527,0.010416666666666666,0.03418219107844813,1.0,0,0,206,2,1.1237236219567646,1.1933098861837907,0.0,0.020833333333333332,4,0
10000,11629,1.1585167540702777,0.6240195927061527,0.010416666666666666,0.030785106200017197,1.0,0,0,206,3,1.1237236219567646,1.1933098861837907,0.0,0.020833333333333332,4,0
10000,11558,1.1585167540702777,0.6240195927061527,0.010416666666666666,0.034521543519640076,1.0,0,0,206,4,1.1237236219567646,1.1933098861837907,0.0,0.020833333333333332,4,0
10000,11767,1.1585167540702777,0.6240195927061527,0.010416666666666666,0.03339848729497748,1.0,0,0,206,5,1.1237236219567646,1.1933098861837907,0.0,0.020833333333333332,4,0
10000,11621,1.1585167540702777,0.6240195927061527,0.010416666666666666,0.03493675243094398,1.0,0,0,206,6,1.1237236219567646,1.1933098861837907,0.0,0.020833333333333332,4,0
10000,11592,1.1585167540702777,0.6240195927061527,0.010416666666666666,0.03183229813664596,1.0,0,0,206,7,1.1237236219567646,1.1933098861837907,0.0,0.020833333333333332,4,0
10000,11534,1.1585167540702777,0.6240195927061527,0.010416666666666666,0.03485347667764869,1.0,0,0,206,8,1.1237236219567646,1.1933098861837907,0.0,0.020833333333333332,4,0
10000,11648,1.1585167540702777,0.6240195927061527,0.010416666666666666,0.031164148351648352,1.0,0,0,206,9,1.1237236219567646,1.1933098861837907,0.0,0.020833333333333332,4,0
10000,11460,1.141120188013521,0.693743699494332,0.026041666666666703,0.036474694589877836,1.0,0,1,207,0,1.1237236219567646,1.1585167540702777,0.020833333333333332,0.03125,5,1
10000,11477,1.141120188013521,0.693743699494332,0.026041666666666703,0.033719613139322126,1.0,0,1,207,1,1.1237236219567646,1.1585167540702777,0.020833333333333332,0.03125,5,1
10000,11513,1.141120188013521,0.693743699494332,0.026041666666666703,0.03239815860331799,1.0,0,1,207,2,1.1237236219567646,1.1585167540702777,0.020833333333333332,0.03125,5,1
10000,11325,1.141120188013521,0.693743699494332,0.026041666666666703,0.0306401766004415,1.0,0,1,207,3,1.1237236219567646,1.1585167540702777,0.020833333333333332,0.03125,5,1
10000,11451,1.141120188013521,0.693743699494332,0.026041666666666703,0.032486245742729895,1.0,0,1,207,4,1.1237236219567646,1.1585167540702777,0.020833333333333332,0.03125,5,1
10000,11377,1.141120188013521,0.693743699494332,0.026041666666666703,0.03392810055374879,1.0,0,1,207,5,1.1237236219567646,1.1585167540702777,0.020833333333333332,0.03125,5,1
10000,11379,1.141120188013521,0.693743699494332,0.026041666666666703,0.03181298883908955,1.0,0,1,207,6,1.1237236219567646,1.1585167540702777,0.020833333333333332,0.03125,5,1
10000,11256,1.141120188013521,0.693743699494332,0.026041666666666703,0.034381663113006396,1.0,0,1,207,7,1.1237236219567646,1.1585167540702777,0.020833333333333332,0.03125,5,1
10000,11483,1.141120188013521,0.693743699494332,0.026041666666666703,0.03274405643124619,1.0,0,1,207,8,1.1237236219567646,1.1585167540702777,0.020833333333333332,0.03125,5,1
10000,11142,1.141120188013521,0.693743699494332,0.026041666666666703,0.03464369054029797,1.0,0,1,207,9,1.1237236219567646,1.1585167540702777,0.020833333333333332,0.03125,5,1
10000,11388,1.141120188013521,0.693743699494332,0.026041666666666703,0.02985598876009835,1.0,0,0,207,10,1.1237236219567646,1.1585167540702777,0.020833333333333332,0.03125,5,1
10000,11300,1.141120188013521,0.693743699494332,0.026041666666666703,0.034778761061946904,1.0,0,1,207,11,1.1237236219567646,1.1585167540702777,0.020833333333333332,0.03125,5,1
10000,11328,1.141120188013521,0.693743699494332,0.026041666666666703,0.03213276836158192,1.0,0,1,207,12,1.1237236219567646,1.1585167540702777,0.020833333333333332,0.03125,5,1
10000,11235,1.141120188013521,0.693743699494332,0.026041666666666703,0.032398753894081,1.0,0,1,207,13,1.1237236219567646,1.1585167540702777,0.020833333333333332,0.03125,5,1
10000,11406,1.141120188013521,0.693743699494332,0.026041666666666703,0.03612133964580046,1.0,0,1,207,14,1.1237236219567646,1.1585167540702777,0.020833333333333332,0.03125,5,1
10000,11343,1.141120188013521,0.693743699494332,0.026041666666666703,0.03261923653354492,1.0,0,1,207,15,1.1237236219567646,1.1585167540702777,0.020833333333333332,0.03125,5,1
10000,11443,1.141120188013521,0.693743699494332,0.026041666666666703,0.030324215677706896,1.0,0,1,207,16,1.1237236219567646,1.1585167540702777,0.020833333333333332,0.03125,5,1
10000,11289,1.141120188013521,0.693743699494332,0.026041666666666703,0.035609885729471165,1.0,0,1,207,17,1.1237236219567646,1.1585167540702777,0.020833333333333332,0.03125,5,1
10000,11448,1.141120188013521,0.693743699494332,0.026041666666666703,0.031184486373165617,1.0,0,1,207,18,1.1237236219567646,1.1585167540702777,0.020833333333333332,0.03125,5,1
10000,11368,1.141120188013521,0.693743699494332,0.026041666666666703,0.034130893736805064,1.0,0,1,207,19,1.1237236219567646,1.1585167540702777,0.020833333333333332,0.03125,5,1
10000,11622,1.141120188013521,0.7273692532946132,0.036458333333333294,0.03252452245740836,1.0,0,1,208,0,1.1237236219567646,1.1585167540702777,0.03125,0.041666666666666664,5,1
10000,11454,1.141120188013521,0.7273692532946132,0.036458333333333294,0.03195390256678889,1.0,0,1,208,1,1.1237236219567646,1.1585167540702777,0.03125,0.041666666666666664,5,1
10000,11275,1.141120188013521,0.7273692532946132,0.036458333333333294,0.03237250554323725,1.0,0,1,208,2,1.1237236219567646,1.1585167540702777,0.03125,0.041666666666666664,5,1
10000,11357,1.141120188013521,0.7273692532946132,0.036458333333333294,0.03381174605969887,1.0,0,1,208,3,1.1237236219567646,1.1585167540702777,0.03125,0.041666666666666664,5,1
10000,11295,1.141120188013521,0.7273692532946132,0.036458333333333294,0.03187250996015936,1.0,0,1,208,4,1.1237236219567646,1.1585167540702777,0.03125,0.041666666666666664,5,1
10000,11415,1.141120188013521,0.7273692532946132,0.036458333333333294,0.033464739378011386,1.0,0,1,208,5,1.1237236219567646,1.1585167540702777,0.03125,0.041666666666666664,5,1
10000,11239,1.141120188013521,0.7273692532946132,0.036458333333333294,0.035323427351187826,1.0,0,1,208,6,1.1237236219567646,1.1585167540702777,0.03125,0.041666666666666664,5,1
10000,11406,1.141120188013521,0.7273692532946132,0.036458333333333294,0.03489391548307908,1.0,0,1,208,7,1.1237236219567646,1.1585167540702777,0.03125,0.041666666666666664,5,1
10000,11587,1.141120188013521,0.7273692532946132,0.036458333333333294,0.03296798135841892,1.0,0,1,208,8,1.1237236219567646,1.1585167540702777,0.03125,0.041666666666666664,5,1
10000,11644,1.141120188013521,0.7273692532946132,0.036458333333333294,0.033751288217107524,1.0,0,1,208,9,1.1237236219567646,1.1585167540702777,0.03125,0.041666666666666664,5,1
10000,11492,1.141120188013521,0.7273692532946132,0.036458333333333294,0.031152105812739295,1.0,0,1,208,10,1.1237236219567646,1.1585167540702777,0.03125,0.041666666666666664,5,1
10000,11364,1.141120188013521,0.7273692532946132,0.036458333333333294,0.03194297782470961,1.0,0,1,208,11,1.1237236219567646,1.1585167540702777,0.03125,0.041666666666666664,5,1
10000,11432,1.141120188013521,0.7273692532946132,0.036458333333333294,0.0311406578026592,1.0,0,1,208,12,1.1237236219567646,1.1585167540702777,0.03125,0.041666666666666664,5,1
10000,11432,1.141120188013521,0.7273692532946132,0.036458333333333294,0.03245276417074878,1.0,0,1,208,13,1.1237236219567646,1.1585167540702777,0.03125,0.041666666666666664,5,1
10000,11373,1.141120188013521,0.7273692532946132,0.036458333333333294,0.0343796711509716,1.0,0,1,208,14,1.1237236219567646,1.1585167540702777,0.03125,0.041666666666666664,5,1
10000,11188,1.141120188013521,0.7273692532946132,0.036458333333333294,0.03843403646764391,1.0,0,1,208,15,1.1237236219567646,1.1585167540702777,0.03125,0.041666666666666664,5,1
10000,11218,1.141120188013521,0.7273692532946132,0.036458333333333294,0.03512212515599929,1.0,0,1,208,16,1.1237236219567646,1.1585167540702777,0.03125,0.041666666666666664,5,1
10000,11458,1.141120188013521,0.7273692532946132,0.036458333333333294,0.03578285913772037,1.0,0,1,208,17,1.1237236219567646,1.1585167540702777,0.03125,0.041666666666666664,5,1
10000,11490,1.141120188013521,0.7273692532946132,0.036458333333333294,0.03411662315056571,1.0,0,1,208,18,1.1237236219567646,1.1585167540702777,0.03125,0.041666666666666664,5,1
10000,11360,1.141120188013521,0.7273692532946132,0.036458333333333294,0.0329225352112676,1.0,0,1,208,19,1.1237236219567646,1.1585167540702777,0.03125,0.041666666666666664,5,1
10000,11687,1.1759133201270342,0.693743699494332,0.026041666666666703,0.03285702062120305,1.0,0,1,209,0,1.1585167540702777,1.1933098861837907,0.020833333333333332,0.03125,5,1
10000,11644,1.1759133201270342,0.693743699494332,0.026041666666666703,0.03452421848162143,1.0,0,1,209,1,1.1585167540702777,1.1933098861837907,0.020833333333333332,0.03125,5,1
10000,11845,1.1759133201270342,0.693743699494332,0.026041666666666703,0.03140565639510342,1.0,0,1,209,2,1.1585167540702777,1.1933098861837907,0.020833333333333332,0.03125,5,1
10000,11727,1.1759133201270342,0.693743699494332,0.026041666666666703,0.035303146584804296,1.0,0,1,209,3,1.1585167540702777,1.1933098861837907,0.020833333333333332,0.03125,5,1
10000,11720,1.1759133201270342,0.693743699494332,0.026041666666666703,0.03404436860068259,1.0,0,1,209,4,1.1585167540702777,1.1933098861837907,0.020833333333333332,0.03125,5,1
10000,11880,1.1759133201270342,0.693743699494332,0.026041666666666703,0.03257575757575758,1.0,0,1,209,5,1.1585167540702777,1.1933098861837907,0.020833333333333332,0.03125,5,1
10000,11758,1.1759133201270342,0.693743699494332,0.026041666666666703,0.029171627827861882,1.0,0,0,209,6,1.1585167540702777,1.1933098861837907,0.020833333333333332,0.03125,5,1
10000,11669,1.1759133201270342,0.693743699494332,0.026041666666666703,0.03427885851401148,1.0,0,0,209,7,1.1585167540702777,1.1933098861837907,0.020833333333333332,0.03125,5,1
10000,11619,1.1759133201270342,0.693743699494332,0.026041666666666703,0.031844392804888544,1.0,0,1,209,8,1.1585167540702777,1.1933098861837907,0.020833333333333332,0.03125,5,1
10000,11729,1.1759133201270342,0.693743699494332,0.026041666666666703,0.03290988149032313,1.0,0,1,209,9,1.1585167540702777,1.1933098861837907,0.020833333333333332,0.03125,5,1
10000,11574,1.1759133201270342,0.693743699494332,0.026041666666666703,0.03291861067910835,1.0,0,0,209,10,1.1585167540702777,1.1933098861837907,0.020833333333333332,0.03125,5,1
10000,11690,1.1759133201270342,0.693743699494332,0.026041666666666703,0.0320786997433704,1.0,0,1,209,11,1.1585167540702777,1.1933098861837907,0.020833333333333332,0.03125,5,1
10000,11693,1.1759133201270342,0.693743699494332,0.026041666666666703,0.03412297956042076,1.0,0,0,209,12,1.1585167540702777,1.1933098861837907,0.020833333333333332,0.03125,5,1
10000,11725,1.1759133201270342,0.693743699494332,0.026041666666666703,0.03437100213219616,1.0,0,1,209,13,1.1585167540702777,1.1933098861837907,0.020833333333333332,0.03125,5,1
10000,11590,1.1759133201270342,0.693743699494332,0.026041666666666703,0.032355478861087146,1.0,0,1,209,14,1.1585167540702777,1.1933098861837907,0.020833333333333332,0.03125,5,1
10000,11851,1.1759133201270342,0.693743699494332,0.026041666666666703,0.033921188085393635,1.0,0,1,209,15,1.1585167540702777,1.1933098861837907,0.020833333333333332,0.03125,5,1
10000,11865,1.1759133201270342,0.693743699494332,0.026041666666666703,0.0314369995785925,1.0,0,1,209,16,1.1585167540702777,1.1933098861837907,0.020833333333333332,0.03125,5,1
10000,11875,1.1759133201270342,0.693743699494332,0.026041666666666703,0.03452631578947368,1.0,0,1,209,17,1.1585167540702777,1.1933098861837907,0.020833333333333332,0.03125,5,1
10000,11978,1.1759133201270342,0.693743699494332,0.026041666666666703,0.03105693771915178,1.0,0,1,209,18,1.1585167540702777,1.1933098861837907,0.020833333333333332,0.03125,5,1
10000,11786,1.1759133201270342,0.693743699494332,0.026041666666666703,0.03224164262684541,1.0,0,1,209,19,1.1585167540702777,1.1933098861837907,0.020833333333333332,0.03125,5,1
10000,11912,1.1759133201270342,0.7273692532946132,0.036458333333333294,0.03282404298186702,1.0,0,1,210,0,1.1585167540702777,1.1933098861837907,0.03125,0.041666666666666664,5,0
10000,11984,1.1759133201270342,0.7273692532946132,0.036458333333333294,0.030290387182910546,1.0,0,1,210,1,1.1585167540702777,1.1933098861837907,0.03125,0.041666666666666664,5,0
10000,11829,1.1759133201270342,0.7273692532946132,0.036458333333333294,0.03127905993744188,1.0,0,1,210,2,1.1585167540702777,1.1933098861837907,0.03125,0.041666666666666664,5,0
10000,11597,1.1759133201270342,0.7273692532946132,0.036458333333333294,0.03138742778304734,1.0,1,1,210,3,1.1585167540702777,1.1933098861837907,0.03125,0.041666666666666664,5,0
10000,11850,1.1759133201270342,0.7273692532946132,0.036458333333333294,0.03510548523206751,1.0,1,1,210,4,1.1585167540702777,1.1933098861837907,0.03125,0.041666666666666664,5,0
10000,11699,1.1759133201270342,0.7273692532946132,0.036458333333333294,0.0339345243183178,1.0,0,1,210,5,1.1585167540702777,1.1933098861837907,0.03125,0.041666666666666664,5,0
10000,11766,1.1759133201270342,0.7273692532946132,0.036458333333333294,0.0356110827808941,1.0,0,1,210,6,1.1585167540702777,1.1933098861837907,0.03125,0.041666666666666664,5,0
10000,11827,1.1759133201270342,0.7273692532946132,0.036458333333333294,0.034328232011499114,1.0,0,1,210,7,1.1585167540702777,1.1933098861837907,0.03125,0.041666666666666664,5,0
10000,11836,1.1759133201270342,0.7273692532946132,0.036458333333333294,0.03371071307874282,1.0,0,1,210,8,1.1585167540702777,1.1933098861837907,0.03125,0.041666666666666664,5,0
10000,11887,1.1759133201270342,0.7273692532946132,0.036458333333333294,0.035248590897619246,1.0,0,1,210,9,1.1585167540702777,1.1933098861837907,0.03125,0.041666666666666664,5,0
10000,11049,1.1237236219567646,0.7914805954090255,0.0625,0.03249162820164721,1.0,1,1,211,0,1.0541373577297384,1.1933098861837907,0.041666666666666664,0.08333333333333333,3,0
10000,11150,1.1237236219567646,0.7914805954090255,0.0625,0.03399103139013453,1.0,1,1,211,1,1.0541373577297384,1.1933098861837907,0.041666666666666664,0.08333333333333333,3,0
10000,11312,1.1237236219567646,0.7914805954090255,0.0625,0.0342998585572843,1.0,1,1,211,2,1.0541373577297384,1.1933098861837907,0.041666666666666664,0.08333333333333333,3,0
10000,11132,1.1237236219567646,0.7914805954090255,0.0625,0.034944304707150556,1.0,1,1,211,3,1.0541373577297384,1.1933098861837907,0.041666666666666664,0.08333333333333333,3,0
10000,11287,1.1237236219567646,0.7914805954090255,0.0625,0.032692478072118364,1.0,1,1,211,4,1.0541373577297384,1.1933098861837907,0.041666666666666664,0.08333333333333333,3,0
10000,11275,1.1237236219567646,0.7914805954090255,0.0625,0.03139689578713969,1.0,1,1,211,5,1.0541373577297384,1.1933098861837907,0.041666666666666664,0.08333333333333333,3,0
10000,11397,1.1237236219567646,0.7914805954090255,0.0625,0.03290339563042906,1.0,1,1,211,6,1.0541373577297384,1.1933098861837907,0.041666666666666664,0.08333333333333333,3,0
10000,11120,1.1237236219567646,0.7914805954090255,0.0625,0.031115107913669064,1.0,0,1,211,7,1.0541373577297384,1.1933098861837907,0.041666666666666664,0.08333333333333333,3,0
10000,11163,1.1237236219567646,0.7914805954090255,0.0625,0.032338976977515005,1.0,1,1,211,8,1.0541373577297384,1.1933098861837907,0.041666666666666664,0.08333333333333333,3,0
10000,11239,1.1237236219567646,0.7914805954090255,0.0625,0.03478957202598096,1.0,1,1,211,9,1.0541373577297384,1.1933098861837907,0.041666666666666664,0.08333333333333333,3,0
10000,10554,1.0541373577297384,0.8903123748998999,0.125,0.03477354557513739,1.0,1,1,212,0,0.914964829275686,1.1933098861837907,0.08333333333333333,0.16666666666666666,2,0
10000,10512,1.0541373577297384,0.8903123748998999,0.125,0.034531963470319636,1.0,1,1,212,1,0.914964829275686,1.1933098861837907,0.08333333333333333,0.16666666666666666,2,0
10000,10570,1.0541373577297384,0.8903123748998999,0.125,0.035288552507095554,1.0,1,1,212,2,0.914964829275686,1.1933098861837907,0.08333333333333333,0.16666666666666666,2,0
10000,10350,1.0541373577297384,0.8903123748998999,0.125,0.0323671497584541,1.0,1,1,212,3,0.914964829275686,1.1933098861837907,0.08333333333333333,0.16666666666666666,2,0
10000,10512,1.0541373577297384,0.8903123748998999,0.125,0.032343987823439876,1.0,1,1,212,4,0.914964829275686,1.1933098861837907,0.08333333333333333,0.16666666666666666,2,0
10000,10661,1.0541373577297384,0.8903123748998999,0.125,0.034143138542350626,1.0,1,1,212,5,0.914964829275686,1.1933098861837907,0.08333333333333333,0.16666666666666666,2,0
10000,10506,1.0541373577297384,0.8903123748998999,0.125,0.03217209213782601,1.0,1,1,212,6,0.914964829275686,1.1933098861837907,0.08333333333333333,0.16666666666666666,2,0
10000,10615,1.0541373577297384,0.8903123748998999,0.125,0.030617051342439944,1.0,1,1,212,7,0.914964829275686,1.1933098861837907,0.08333333333333333,0.16666666666666666,2,0
10000,10543,1.0541373577297384,0.8903123748998999,0.125,0.034335578108697716,1.0,1,1,212,8,0.914964829275686,1.1933098861837907,0.08333333333333333,0.16666666666666666,2,0
10000,10407,1.0541373577297384,0.8903123748998999,0.125,0.0350725473239166,1.0,1,1,212,9,0.914964829275686,1.1933098861837907,0.08333333333333333,0.16666666666666666,2,0
10000,9308,0.914964829275686,0.9841229182759271,0.25000000000000006,0.03459389772238934,1.0,1,1,213,0,0.6366197723675814,1.1933098861837907,0.16666666666666666,0.3333333333333333,1,0
10000,9095,0.914964829275686,0.9841229182759271,0.25000000000000006,0.03331500824628917,1.0,1,1,213,1,0.6366197723675814,1.1933098861837907,0.16666666666666666,0.3333333333333333,1,0
10000,9274,0.914964829275686,0.9841229182759271,0.25000000000000006,0.03676946301488031,1.0,1,1,213,2,0.6366197723675814,1.1933098861837907,0.16666666666666666,0.3333333333333333,1,0
10000,9167,0.914964829275686,0.9841229182759271,0.25000000000000006,0.035562343187520454,1.0,1,1,213,3,0.6366197723675814,1.1933098861837907,0.16666666666666666,0.3333333333333333,1,0
10000,9112,0.914964829275686,0.9841229182759271,0.25000000000000006,0.033362598770851626,1.0,1,1,213,4,0.6366197723675814,1.1933098861837907,0.16666666666666666,0.3333333333333333,1,0
10000,9181,0.914964829275686,0.9841229182759271,0.25000000000000006,0.02919071996514541,1.0,1,1,213,5,0.6366197723675814,1.1933098861837907,0.16666666666666666,0.3333333333333333,1,0
10000,9142,0.914964829275686,0.9841229182759271,0.25000000000000006,0.03445635528330781,1.0,1,1,213,6,0.6366197723675814,1.1933098861837907,0.16666666666666666,0.3333333333333333,1,0
10000,9208,0.914964829275686,0.9841229182759271,0.25000000000000006,0.03301476976542137,1.0,1,1,213,7,0.6366197723675814,1.1933098861837907,0.16666666666666666,0.3333333333333333,1,0
10000,9070,0.914964829275686,0.9841229182759271,0.25000000000000006,0.032194046306504964,1.0,1,1,213,8,0.6366197723675814,1.1933098861837907,0.16666666666666666,0.3333333333333333,1,0
10000,9204,0.914964829275686,0.9841229182759271,0.25000000000000006,0.03455019556714472,1.0,1,1,213,9,0.6366197723675814,1.1933098861837907,0.16666666666666666,0.3333333333333333,1,0
10000,12350,1.2281030182973036,0.6240195927061527,0.010416666666666666,0.03271255060728745,1.0,0,0,214,0,1.1933098861837907,1.2628961504108167,0.0,0.020833333333333332,4,0
10000,12213,1.2281030182973036,0.6240195927061527,0.010416666666666666,0.0330795054450176,1.0,0,0,214,1,1.1933098861837907,1.2628961504108167,0.0,0.020833333333333332,4,0
10000,12284,1.2281030182973036,0.6240195927061527,0.010416666666666666,0.032318463041354606,1.0,0,0,214,2,1.1933098861837907,1.2628961504108167,0.0,0.020833333333333332,4,0
10000,12192,1.2281030182973036,0.6240195927061527,0.010416666666666666,0.03264435695538058,1.0,0,0,214,3,1.1933098861837907,1.2628961504108167,0.0,0.020833333333333332,4,0
10000,12425,1.2281030182973036,0.6240195927061527,0.010416666666666666,0.034124748490945676,1.0,0,0,214,4,1.1933098861837907,1.2628961504108167,0.0,0.020833333333333332,4,0
10000,12529,1.2281030182973036,0.6240195927061527,0.010416666666666666,0.03376167291882832,1.0,0,0,214,5,1.1933098861837907,1.2628961504108167,0.0,0.020833333333333332,4,0
10000,12222,1.2281030182973036,0.6240195927061527,0.010416666666666666,0.03313696612665685,1.0,0,0,214,6,1.1933098861837907,1.2628961504108167,0.0,0.020833333333333332,4,0
10000,12413,1.2281030182973036,0.6240195927061527,0.010416666666666666,0.03343269153307017,1.0,0,0,214,7,1.1933098861837907,1.2628961504108167,0.0,0.020833333333333332,4,0
10000,12279,1.2281030182973036,0.6240195927061527,0.010416666666666666,0.032738822379672614,1.0,0,0,214,8,1.1933098861837907,1.2628961504108167,0.0,0.020833333333333332,4,0
10000,12285,1.2281030182973036,0.6240195927061527,0.010416666666666666,0.03426943426943427,1.0,0,0,214,9,1.1933098861837907,1.2628961504108167,0.0,0.020833333333333332,4,0
10000,12181,1.2107064522405473,0.693743699494332,0.026041666666666703,0.03579344881372629,1.0,0,1,215,0,1.1933098861837907,1.2281030182973036,0.020833333333333332,0.03125,5,1
10000,12378,1.2107064522405473,0.693743699494332,0.026041666666666703,0.03514299563742123,1.0,0,1,215,1,1.1933098861837907,1.2281030182973036,0.020833333333333332,0.03125,5,1
10000,12066,1.2107064522405473,0.693743699494332,0.026041666666666703,0.03248798276147853,1.0,0,1,215,2,1.1933098861837907,1.2281030182973036,0.020833333333333332,0.03125,5,1
10000,12136,1.2107064522405473,0.693743699494332,0.026041666666666703,0.032794990112063285,1.0,0,1,215,3,1.1933098861837907,1.2281030182973036,0.020833333333333332,0.03125,5,1
10000,12200,1.2107064522405473,0.693743699494332,0.026041666666666703,0.03524590163934426,1.0,0,1,215,4,1.1933098861837907,1.2281030182973036,0.020833333333333332,0.03125,5,1
10000,12148,1.2107064522405473,0.693743699494332,0.026041666666666703,0.032268686203490285,1.0,0,0,215,5,1.1933098861837907,1.2281030182973036,0.020833333333333332,0.03125,5,1
10000,12121,1.2107064522405473,0.693743699494332,0.026041666666666703,0.031103044303275307,1.0,0,1,215,6,1.1933098861837907,1.2281030182973036,0.020833333333333332,0.03125,5,1
10000,12025,1.2107064522405473,0.693743699494332,0.026041666666666703,0.032515592515592516,1.0,0,1,215,7,1.1933098861837907,1.2281030182973036,0.020833333333333332,0.03125,5,1
10000,12101,1.2107064522405473,0.693743699494332,0.026041666666666703,0.03173291463515412,1.0,0,1,215,8,1.1933098861837907,1.2281030182973036,0.020833333333333332,0.03125,5,1
10000,12050,1.2107064522405473,0.693743699494332,0.026041666666666703,0.03402489626556016,1.0,0,1,215,9,1.1933098861837907,1.2281030182973036,0.020833333333333332,0.03125,5,1
10000,12193,1.2107064522405473,0.693743699494332,0.026041666666666703,0.03173952267694579,1.0,0,1,215,10,1.1933098861837907,1.2281030182973036,0.020833333333333332,0.03125,5,1
10000,12133,1.2107064522405473,0.693743699494332,0.026041666666666703,0.02934146542487431,1.0,0,0,215,11,1.1933098861837907,1.2281030182973036,0.020833333333333332,0.03125,5,1
10000,12147,1.2107064522405473,0.693743699494332,0.026041666666666703,0.032600642133860214,1.0,0,0,215,12,1.1933098861837907,1.2281030182973036,0.020833333333333332,0.03125,5,1
10000,12232,1.2107064522405473,0.693743699494332,0.026041666666666703,0.03458142576847613,1.0,0,1,215,13,1.1933098861837907,1.2281030182973036,0.020833333333333332,0.03125,5,1
10000,12177,1.2107064522405473,0.693743699494332,0.026041666666666703,0.03235608113656894,1.0,0,1,215,14,1.1933098861837907,1.2281030182973036,0.020833333333333332,0.03125,5,1
10000,12067,1.2107064522405473,0.693743699494332,0.026041666666666703,0.03157371343333057,1.0,0,1,215,15,1.1933098861837907,1.2281030182973036,0.020833333333333332,0.03125,5,1
10000,12142,1.2107064522405473,0.693743699494332,0.026041666666666703,0.033025860648986986,1.0,0,1,215,16,1.1933098861837907,1.2281030182973036,0.020833333333333332,0.03125,5,1
10000,12200,1.2107064522405473,0.693743699494332,0.026041666666666703,0.033852459016393444,1.0,0,1,215,17,1.1933098861837907,1.2281030182973036,0.020833333333333332,0.03125,5,1
10000,12222,1.2107064522405473,0.693743699494332,0.026041666666666703,0.0339551628211422,1.0,0,1,215,18,1.1933098861837907,1.2281030182973036,0.020833333333333332,0.03125,5,1
10000,12080,1.2107064522405473,0.693743699494332,0.026041666666666703,0.03394039735099338,1.0,0,0,215,19,1.1933098861837907,1.2281030182973036,0.020833333333333332,0.03125,5,1
10000,11976,1.2107064522405473,0.7273692532946132,0.036458333333333294,0.031897127588510356,1.0,0,1,216,0,1.1933098861837907,1.2281030182973036,0.03125,0.041666666666666664,5,0
10000,12408,1.2107064522405473,0.7273692532946132,0.036458333333333294,0.034574468085106384,1.0,0,1,216,1,1.1933098861837907,1.2281030182973036,0.03125,0.041666666666666664,5,0
10000,12293,1.2107064522405473,0.7273692532946132,0.036458333333333294,0.03196941348735052,1.0,1,1,216,2,1.1933098861837907,1.2281030182973036,0.03125,0.041666666666666664,5,0
10000,12247,1.2107064522405473,0.7273692532946132,0.036458333333333294,0.03413080754470483,1.0,0,1,216,3,1.1933098861837907,1.2281030182973036,0.03125,0.041666666666666664,5,0
10000,12060,1.2107064522405473,0.7273692532946132,0.036458333333333294,0.03250414593698176,1.0,0,1,216,4,1.1933098861837907,1.2281030182973036,0.03125,0.041666666666666664,5,0
10000,12191,1.2107064522405473,0.7273692532946132,0.036458333333333294,0.03125256336641785,1.0,0,1,216,5,1.1933098861837907,1.2281030182973036,0.03125,0.041666666666666664,5,0
10000,12266,1.2107064522405473,0.7273692532946132,0.036458333333333294,0.030246209033099623,1.0,0,1,216,6,1.1933098861837907,1.2281030182973036,0.03125,0.041666666666666664,5,0
10000,12059,1.2107064522405473,0.7273692532946132,0.036458333333333294,0.030931254664565883,1.0,0,1,216,7,1.1933098861837907,1.2281030182973036,0.03125,0.041666666666666664,5,0
10000,12093,1.2107064522405473,0.7273692532946132,0.036458333333333294,0.03398660382039196,1.0,0,1,216,8,1.1933098861837907,1.2281030182973036,0.03125,0.041666666666666664,5,0
10000,12038,1.2107064522405473,0.7273692532946132,0.036458333333333294,0.03389267320152849,1.0,0,1,216,9,1.1933098861837907,1.2281030182973036,0.03125,0.041666666666666664,5,0
10000,12323,1.2454995843540602,0.693743699494332,0.026041666666666703,0.034163758824961456,1.0,0,0,217,0,1.2281030182973036,1.2628961504108167,0.020833333333333332,0.03125,5,1
10000,12365,1.2454995843540602,0.693743699494332,0.026041666666666703,0.034775576223210675,1.0,0,1,217,1,1.2281030182973036,1.2628961504108167,0.020833333333333332,0.03125,5,1
10000,12415,1.2454995843540602,0.693743699494332,0.026041666666666703,0.03415223519935562,1.0,0,1,217,2,1.2281030182973036,1.2628961504108167,0.020833333333333332,0.03125,5,1
10000,12290,1.2454995843540602,0.693743699494332,0.026041666666666703,0.03165174938974776,1.0,0,1,217,3,1.2281030182973036,1.2628961504108167,0.020833333333333332,0.03125,5,1
10000,12389,1.2454995843540602,0.693743699494332,0.026041666666666703,0.033578174186778595,1.0,0,1,217,4,1.2281030182973036,1.2628961504108167,0.020833333333333332,0.03125,5,1
10000,12644,1.2454995843540602,0.693743699494332,0.026041666666666703,0.032900980702309394,1.0,0,1,217,5,1.2281030182973036,1.2628961504108167,0.020833333333333332,0.03125,5,1
10000,12399,1.2454995843540602,0.693743699494332,0.026041666666666703,0.03266392451004113,1.0,0,1,217,6,1.2281030182973036,1.2628961504108167,0.020833333333333332,0.03125,5,1
10000,12563,1.2454995843540602,0.693743699494332,0.026041666666666703,0.03255591817241105,1.0,0,1,217,7,1.2281030182973036,1.2628961504108167,0.020833333333333332,0.03125,5,1
10000,12701,1.2454995843540602,0.693743699494332,0.026041666666666703,0.03621762065979057,1.0,0,1,217,8,1.2281030182973036,1.2628961504108167,0.020833333333333332,0.03125,5,1
10000,12745,1.2454995843540602,0.693743699494332,0.026041666666666703,0.035151039623381716,1.0,0,1,217,9,1.2281030182973036,1.2628961504108167,0.020833333333333332,0.03125,5,1
10000,12458,1.2454995843540602,0.693743699494332,0.026041666666666703,0.03299084925349173,1.0,0,1,217,10,1.2281030182973036,1.2628961504108167,0.020833333333333332,0.03125,5,1
10000,12442,1.2454995843540602,0.693743699494332,0.026041666666666703,0.032711782671596204,1.0,0,1,217,11,1.2281030182973036,1.2628961504108167,0.020833333333333332,0.03125,5,1
10000,12369,1.2454995843540602,0.693743699494332,0.026041666666666703,0.03387501010590994,1.0,0,1,217,12,1.2281030182973036,1.2628961504108167,0.020833333333333332,0.03125,5,1
10000,12523,1.2454995843540602,0.693743699494332,0.026041666666666703,0.032580052703026434,1.0,0,1,217,13,1.2281030182973036,1.2628961504108167,0.020833333333333332,0.03125,5,1
10000,12601,1.2454995843540602,0.693743699494332,0.026041666666666703,0.03166415363860011,1.0,0,1,217,14,1.2281030182973036,1.2628961504108167,0.020833333333333332,0.03125,5,1
10000,12424,1.2454995843540602,0.693743699494332,0.026041666666666703,0.03203477141017386,1.0,0,1,217,15,1.2281030182973036,1.2628961504108167,0.020833333333333332,0.03125,5,1
10000,12465,1.2454995843540602,0.693743699494332,0.026041666666666703,0.031528279181708786,1.0,0,0,217,16,1.2281030182973036,1.2628961504108167,0.020833333333333332,0.03125,5,1
10000,12643,1.2454995843540602,0.693743699494332,0.026041666666666703,0.03195444119275488,1.0,0,1,217,17,1.2281030182973036,1.2628961504108167,0.020833333333333332,0.03125,5,1
10000,12552,1.2454995843540602,0.693743699494332,0.026041666666666703,0.031150414276609306,1.0,0,1,217,18,1.2281030182973036,1.2628961504108167,0.020833333333333332,0.03125,5,1
10000,12491,1.2454995843540602,0.693743699494332,0.026041666666666703,0.03386438235529581,1.0,0,1,217,19,1.2281030182973036,1.2628961504108167,0.020833333333333332,0.03125,5,1
10000,12297,1.2454995843540602,0.7273692532946132,0.036458333333333294,0.03130844921525575,1.0,0,1,218,0,1.2281030182973036,1.2628961504108167,0.03125,0.041666666666666664,5,0
10000,12543,1.2454995843540602,0.7273692532946132,0.036458333333333294,0.034361795423742326,1.0,0,1,218,1,1.2281030182973036,1.2628961504108167,0.03125,0.041666666666666664,5,0
10000,12493,1.2454995843540602,0.7273692532946132,0.036458333333333294,0.033858961018170174,1.0,0,1,218,2,1.2281030182973036,1.2628961504108167,0.03125,0.041666666666666664,5,0
10000,12297,1.2454995843540602,0.7273692532946132,0.036458333333333294,0.03350410669268927,1.0,0,1,218,3,1.2281030182973036,1.2628961504108167,0.03125,0.041666666666666664,5,0
10000,12443,1.2454995843540602,0.7273692532946132,0.036458333333333294,0.03182512255886844,1.0,0,1,218,4,1.2281030182973036,1.2628961504108167,0.03125,0.041666666666666664,5,0
10000,12573,1.2454995843540602,0.7273692532946132,0.036458333333333294,0.02910999761393462,1.0,0,1,218,5,1.2281030182973036,1.2628961504108167,0.03125,0.041666666666666664,5,0
10000,12333,1.2454995843540602,0.7273692532946132,0.036458333333333294,0.032108975918268064,1.0,0,1,218,6,1.2281030182973036,1.2628961504108167,0.03125,0.041666666666666664,5,0
10000,12307,1.2454995843540602,0.7273692532946132,0.036458333333333294,0.03225806451612903,1.0,0,1,218,7,1.2281030182973036,1.2628961504108167,0.03125,0.041666666666666664,5,0
10000,12496,1.2454995843540602,0.7273692532946132,0.036458333333333294,0.03945262483994878,1.0,0,1,218,8,1.2281030182973036,1.2628961504108167,0.03125,0.041666666666666664,5,0
10000,12459,1.2454995843540602,0.7273692532946132,0.036458333333333294,0.03146319929368328,1.0,0,1,218,9,1.2281030182973036,1.2628961504108167,0.03125,0.041666666666666664,5,0
10000,12983,1.2976892825243298,0.6240195927061527,0.010416666666666666,0.032349996148809984,1.0,0,0,219,0,1.2628961504108167,1.332482414637843,0.0,0.020833333333333332,4,0
10000,12945,1.2976892825243298,0.6240195927061527,0.010416666666666666,0.03414445731942835,1.0,0,0,219,1,1.2628961504108167,1.332482414637843,0.0,0.020833333333333332,4,0
10000,12959,1.2976892825243298,0.6240195927061527,0.010416666666666666,0.0309437456593873,1.0,0,0,219,2,1.2628961504108167,1.332482414637843,0.0,0.020833333333333332,4,0
10000,13021,1.2976892825243298,0.6240195927061527,0.010416666666666666,0.035404346824360645,1.0,0,0,219,3,1.2628961504108167,1.332482414637843,0.0,0.020833333333333332,4,0
10000,12887,1.2976892825243298,0.6240195927061527,0.010416666666666666,0.03065104368743695,1.0,0,0,219,4,1.2628961504108167,1.332482414637843,0.0,0.020833333333333332,4,0
10000,12812,1.2976892825243298,0.6240195927061527,0.010416666666666666,0.034108648142366534,1.0,0,0,219,5,1.2628961504108167,1.332482414637843,0.0,0.020833333333333332,4,0
10000,13022,1.2976892825243298,0.6240195927061527,0.010416666666666666,0.03371217938872677,1.0,0,0,219,6,1.2628961504108167,1.332482414637843,0.0,0.020833333333333332,4,0
10000,12808,1.2976892825243298,0.6240195927061527,0.010416666666666666,0.030683947532792005,1.0,0,0,219,7,1.2628961504108167,1.332482414637843,0.0,0.020833333333333332,4,0
10000,13023,1.2976892825243298,0.6240195927061527,0.010416666666666666,0.03363280350149735,1.0,0,0,219,8,1.2628961504108167,1.332482414637843,0.0,0.020833333333333332,4,0
10000,12950,1.2976892825243298,0.6240195927061527,0.010416666666666666,0.032895752895752896,1.0,0,0,219,9,1.2628961504108167,1.332482414637843,0.0,0.020833333333333332,4,0
10000,12794,1.2802927164675733,0.693743699494332,0.026041666666666703,0.03321869626387369,1.0,0,1,220,0,1.2628961504108167,1.2976892825243298,0.020833333333333332,0.03125,5,1
10000,12854,1.2802927164675733,0.693743699494332,0.026041666666666703,0.03415279290493232,1.0,0,1,220,1,1.2628961504108167,1.2976892825243298,0.020833333333333332,0.03125,5,1
10000,13071,1.2802927164675733,0.693743699494332,0.026041666666666703,0.03259123249942621,1.0,0,0,220,2,1.2628961504108167,1.2976892825243298,0.020833333333333332,0.03125,5,1
10000,12604,1.2802927164675733,0.693743699494332,0.026041666666666703,0.03237067597588067,1.0,0,1,220,3,1.2628961504108167,1.2976892825243298,0.020833333333333332,0.03125,5,1
10000,12752,1.2802927164675733,0.693743699494332,0.026041666666666703,0.030975533249686323,1.0,0,1,220,4,1.2628961504108167,1.2976892825243298,0.020833333333333332,0.03125,5,1
10000,12835,1.2802927164675733,0.693743699494332,0.026041666666666703,0.030541488118426177,1.0,0,1,220,5,1.2628961504108167,1.2976892825243298,0.020833333333333332,0.03125,5,1
10000,12764,1.2802927164675733,0.693743699494332,0.026041666666666703,0.031103102475712942,1.0,0,1,220,6,1.2628961504108167,1.2976892825243298,0.020833333333333332,0.03125,5,1
10000,12914,1.2802927164675733,0.693743699494332,0.026041666666666703,0.03198079603531052,1.0,0,1,220,7,1.2628961504108167,1.2976892825243298,0.020833333333333332,0.03125,5,1
10000,12766,1.2802927164675733,0.693743699494332,0.026041666666666703,0.03321322262259126,1.0,0,1,220,8,1.2628961504108167,1.2976892825243298,0.020833333333333332,0.03125,5,1
10000,12692,1.2802927164675733,0.693743699494332,0.026041666666666703,0.03112196659312953,1.0,0,1,220,9,1.2628961504108167,1.2976892825243298,0.020833333333333332,0.03125,5,1
10000,12677,1.2802927164675733,0.693743699494332,0.026041666666666703,0.036601719649759404,1.0,0,1,220,10,1.2628961504108167,1.2976892825243298,0.020833333333333332,0.03125,5,1
10000,12653,1.2802927164675733,0.693743699494332,0.026041666666666703,0.03232434995653205,1.0,0,1,220,11,1.2628961504108167,1.2976892825243298,0.020833333333333332,0.03125,5,1
10000,12861,1.2802927164675733,0.693743699494332,0.026041666666666703,0.03234585180001555,1.0,0,1,220,12,1.2628961504108167,1.2976892825243298,0.020833333333333332,0.03125,5,1
10000,12697,1.2802927164675733,0.693743699494332,0.026041666666666703,0.033472473812711664,1.0,0,1,220,13,1.2628961504108167,1.2976892825243298,0.020833333333333332,0.03125,5,1
10000,12903,1.2802927164675733,0.693743699494332,0.026041666666666703,0.032860575060063554,1.0,0,1,220,14,1.2628961504108167,1.2976892825243298,0.020833333333333332,0.03125,5,1
10000,12818,1.2802927164675733,0.693743699494332,0.026041666666666703,0.034950850366671865,1.0,0,1,220,15,1.2628961504108167,1.2976892825243298,0.020833333333333332,0.03125,5,1
10000,12747,1.2802927164675733,0.693743699494332,0.026041666666666703,0.033733427473130934,1.0,0,1,220,16,1.2628961504108167,1.2976892825243298,0.020833333333333332,0.03125,5,1
10000,12686,1.2802927164675733,0.693743699494332,0.026041666666666703,0.032003783698565345,1.0,0,1,220,17,1.2628961504108167,1.2976892825243298,0.020833333333333332,0.03125,5,1
10000,12858,1.2802927164675733,0.693743699494332,0.026041666666666703,0.031808990511743664,1.0,0,1,220,18,1.2628961504108167,1.2976892825243298,0.020833333333333332,0.03125,5,1
10000,12907,1.2802927164675733,0.693743699494332,0.026041666666666703,0.031533276516618886,1.0,0,0,220,19,1.2628961504108167,1.2976892825243298,0.020833333333333332,0.03125,5,1
10000,12914,1.2802927164675733,0.7273692532946132,0.036458333333333294,0.031051571937432243,1.0,1,1,221,0,1.2628961504108167,1.2976892825243298,0.03125,0.041666666666666664,5,0
10000,12754,1.2802927164675733,0.7273692532946132,0.036458333333333294,0.03214677748157441,1.0,0,1,221,1,1.2628961504108167,1.2976892825243298,0.03125,0.041666666666666664,5,0
10000,12599,1.2802927164675733,0.7273692532946132,0.036458333333333294,0.034288435590126204,1.0,0,1,221,2,1.2628961504108167,1.2976892825243298,0.03125,0.041666666666666664,5,0
10000,12766,1.2802927164675733,0.7273692532946132,0.036458333333333294,0.033448221839260536,1.0,0,1,221,3,1.2628961504108167,1.2976892825243298,0.03125,0.041666666666666664,5,0
10000,12765,1.2802927164675733,0.7273692532946132,0.036458333333333294,0.03290246768507638,1.0,0,1,221,4,1.2628961504108167,1.2976892825243298,0.03125,0.041666666666666664,5,0
10000,12929,1.2802927164675733,0.7273692532946132,0.036458333333333294,0.03534689457808028,1.0,0,1,221,5,1.2628961504108167,1.2976892825243298,0.03125,0.041666666666666664,5,0
10000,12782,1.2802927164675733,0.7273692532946132,0.036458333333333294,0.03590987325927085,1.0,0,1,221,6,1.2628961504108167,1.2976892825243298,0.03125,0.041666666666666664,5,0
10000,12921,1.2802927164675733,0.7273692532946132,0.036458333333333294,0.03444005881897686,1.0,1,1,221,7,1.2628961504108167,1.2976892825243298,0.03125,0.041666666666666664,5,0
10000,12755,1.2802927164675733,0.7273692532946132,0.036458333333333294,0.0337906703253626,1.0,0,1,221,8,1.2628961504108167,1.2976892825243298,0.03125,0.041666666666666664,5,0
10000,12859,1.2802927164675733,0.7273692532946132,0.036458333333333294,0.034372812815926586,1.0,0,1,221,9,1.2628961504108167,1.2976892825243298,0.03125,0.041666666666666664,5,0
10000,13255,1.3150858485810863,0.693743699494332,0.026041666666666703,0.03342135043379857,1.0,0,1,222,0,1.2976892825243298,1.332482414637843,0.020833333333333332,0.03125,5,1
10000,13219,1.3150858485810863,0.693743699494332,0.026041666666666703,0.03487404493532037,1.0,0,1,222,1,1.2976892825243298,1.332482414637843,0.020833333333333332,0.03125,5,1
10000,13257,1.3150858485810863,0.693743699494332,0.026041666666666703,0.03228483065550276,1.0,0,1,222,2,1.2976892825243298,1.332482414637843,0.020833333333333332,0.03125,5,1
10000,13074,1.3150858485810863,0.693743699494332,0.026041666666666703,0.032660241701086126,1.0,0,1,222,3,1.2976892825243298,1.332482414637843,0.020833333333333332,0.03125,5,1
10000,13325,1.3150858485810863,0.693743699494332,0.026041666666666703,0.0325703564727955,1.0,0,1,222,4,1.2976892825243298,1.332482414637843,0.020833333333333332,0.03125,5,1
10000,13104,1.3150858485810863,0.693743699494332,0.026041666666666703,0.035637973137973136,1.0,0,1,222,5,1.2976892825243298,1.332482414637843,0.020833333333333332,0.03125,5,1
10000,13351,1.3150858485810863,0.693743699494332,0.026041666666666703,0.03273163058946895,1.0,0,1,222,6,1.2976892825243298,1.332482414637843,0.020833333333333332,0.03125,5,1
10000,13005,1.3150858485810863,0.693743699494332,0.026041666666666703,0.03398692810457516,1.0,0,1,222,7,1.2976892825243298,1.332482414637843,0.020833333333333332,0.03125,5,1
10000,13154,1.3150858485810863,0.693743699494332,0.026041666666666703,0.029344686027064013,1.0,0,1,222,8,1.2976892825243298,1.332482414637843,0.020833333333333332,0.03125,5,1
10000,12895,1.3150858485810863,0.693743699494332,0.026041666666666703,0.03606048856145793,1.0,0,1,222,9,1.2976892825243298,1.332482414637843,0.020833333333333332,0.03125,5,1
10000,13180,1.3150858485810863,0.693743699494332,0.026041666666666703,0.03368740515933232,1.0,0,1,222,10,1.2976892825243298,1.332482414637843,0.020833333333333332,0.03125,5,1
10000,13016,1.3150858485810863,0.693743699494332,0.026041666666666703,0.03011677934849416,1.0,0,1,222,11,1.2976892825243298,1.332482414637843,0.020833333333333332,0.03125,5,1
10000,12991,1.3150858485810863,0.693743699494332,0.026041666666666703,0.03279193287660688,1.0,0,1,222,12,1.2976892825243298,1.332482414637843,0.020833333333333332,0.03125,5,1
10000,12951,1.3150858485810863,0.693743699494332,0.026041666666666703,0.034360281059377655,1.0,0,1,222,13,1.2976892825243298,1.332482414637843,0.020833333333333332,0.03125,5,1
10000,13250,1.3150858485810863,0.693743699494332,0.026041666666666703,0.032150943396226414,1.0,0,1,222,14,1.2976892825243298,1.332482414637843,0.020833333333333332,0.03125,5,1
10000,13091,1.3150858485810863,0.693743699494332,0.026041666666666703,0.032694217401268044,1.0,0,1,222,15,1.2976892825243298,1.332482414637843,0.020833333333333332,0.03125,5,1
10000,13156,1.3150858485810863,0.693743699494332,0.026041666666666703,0.03359683794466403,1.0,0,1,222,16,1.2976892825243298,1.332482414637843,0.020833333333333332,0.03125,5,1
10000,13290,1.3150858485810863,0.693743699494332,0.026041666666666703,0.033408577878103835,1.0,0,1,222,17,1.2976892825243298,1.332482414637843,0.020833333333333332,0.03125,5,1
10000,13037,1.3150858485810863,0.693743699494332,0.026041666666666703,0.03252281966710133,1.0,0,1,222,18,1.2976892825243298,1.332482414637843,0.020833333333333332,0.03125,5,1
10000,12956,1.3150858485810863,0.693743699494332,0.026041666666666703,0.03426983636924977,1.0,0,1,222,19,1.2976892825243298,1.332482414637843,0.020833333333333332,0.03125,5,1
10000,12986,1.3150858485810863,0.7273692532946132,0.036458333333333294,0.03257354073617742,1.0,0,1,223,0,1.2976892825243298,1.332482414637843,0.03125,0.041666666666666664,5,0
10000,13101,1.3150858485810863,0.7273692532946132,0.036458333333333294,0.03442485306465155,1.0,0,1,223,1,1.2976892825243298,1.332482414637843,0.03125,0.041666666666666664,5,0
10000,13193,1.3150858485810863,0.7273692532946132,0.036458333333333294,0.03183506404911696,1.0,0,1,223,2,1.2976892825243298,1.332482414637843,0.03125,0.041666666666666664,5,0
10000,13415,1.3150858485810863,0.7273692532946132,0.036458333333333294,0.0349608647036899,1.0,1,1,223,3,1.2976892825243298,1.332482414637843,0.03125,0.041666666666666664,5,0
10000,13436,1.3150858485810863,0.7273692532946132,0.036458333333333294,0.03423637987496279,1.0,0,1,223,4,1.2976892825243298,1.332482414637843,0.03125,0.041666666666666664,5,0
10000,13085,1.3150858485810863,0.7273692532946132,0.036458333333333294,0.030034390523500192,1.0,1,1,223,5,1.2976892825243298,1.332482414637843,0.03125,0.041666666666666664,5,0
10000,13046,1.3150858485810863,0.7273692532946132,0.036458333333333294,0.032960294343093666,1.0,0,1,223,6,1.2976892825243298,1.332482414637843,0.03125,0.041666666666666664,5,0
10000,13262,1.3150858485810863,0.7273692532946132,0.036458333333333294,0.034082340521791585,1.0,0,1,223,7,1.2976892825243298,1.332482414637843,0.03125,0.041666666666666664,5,0
10000,12964,1.3150858485810863,0.7273692532946132,0.036458333333333294,0.03455723542116631,1.0,1,1,223,8,1.2976892825243298,1.332482414637843,0.03125,0.041666666666666664,5,0
10000,13147,1.3150858485810863,0.7273692532946132,0.036458333333333294,0.035065033848026166,1.0,0,1,223,9,1.2976892825243298,1.332482414637843,0.03125,0.041666666666666664,5,0
10000,12537,1.2628961504108167,0.7914805954090255,0.0625,0.03294249022892239,1.0,1,1,224,0,1.1933098861837907,1.332482414637843,0.041666666666666664,0.08333333333333333,3,0
10000,12647,1.2628961504108167,0.7914805954090255,0.0625,0.031786194354392346,1.0,1,1,224,1,1.1933098861837907,1.332482414637843,0.041666666666666664,0.08333333333333333,3,0
10000,12547,1.2628961504108167,0.7914805954090255,0.0625,0.031959831035307244,1.0,1,1,224,2,1.1933098861837907,1.332482414637843,0.041666666666666664,0.08333333333333333,3,0
10000,12643,1.2628961504108167,0.7914805954090255,0.0625,0.03559281816024678,1.0,1,1,224,3,1.1933098861837907,1.332482414637843,0.041666666666666664,0.08333333333333333,3,0
10000,12492,1.2628961504108167,0.7914805954090255,0.0625,0.03338136407300672,1.0,1,1,224,4,1.1933098861837907,1.332482414637843,0.041666666666666664,0.08333333333333333,3,0
10000,12696,1.2628961504108167,0.7914805954090255,0.0625,0.03599558916194077,1.0,1,1,224,5,1.1933098861837907,1.332482414637843,0.041666666666666664,0.08333333333333333,3,0
10000,12541,1.2628961504108167,0.7914805954090255,0.0625,0.03221433697472291,1.0,1,1,224,6,1.1933098861837907,1.332482414637843,0.041666666666666664,0.08333333333333333,3,0
10000,12502,1.2628961504108167,0.7914805954090255,0.0625,0.03327467605183171,1.0,1,1,224,7,1.1933098861837907,1.332482414637843,0.041666666666666664,0.08333333333333333,3,0
10000,12730,1.2628961504108167,0.7914805954090255,0.0625,0.030793401413982718,1.0,1,1,224,8,1.1933098861837907,1.332482414637843,0.041666666666666664,0.08333333333333333,3,0
10000,12494,1.2628961504108167,0.7914805954090255,0.0625,0.032975828397630864,1.0,1,1,224,9,1.1933098861837907,1.332482414637843,0.041666666666666664,0.08333333333333333,3,0
10000,13523,1.367275546751356,0.6240195927061527,0.010416666666666666,0.031058197145603785,1.0,0,0,225,0,1.332482414637843,1.402068678864869,0.0,0.020833333333333332,4,0
10000,13815,1.367275546751356,0.6240195927061527,0.010416666666666666,0.031849439015562794,1.0,0,0,225,1,1.332482414637843,1.402068678864869,0.0,0.020833333333333332,4,0
10000,13717,1.367275546751356,0.6240195927061527,0.010416666666666666,0.031129255668149013,1.0,0,0,225,2,1.332482414637843,1.402068678864869,0.0,0.020833333333333332,4,0
10000,13611,1.367275546751356,0.6240195927061527,0.010416666666666666,0.03078392476673279,1.0,0,0,225,3,1.332482414637843,1.402068678864869,0.0,0.020833333333333332,4,0
10000,13745,1.367275546751356,0.6240195927061527,0.010416666666666666,0.037904692615496546,1.0,0,0,225,4,1.332482414637843,1.402068678864869,0.0,0.020833333333333332,4,0
10000,13699,1.367275546751356,0.6240195927061527,0.010416666666666666,0.03576903423607562,1.0,0,0,225,5,1.332482414637843,1.402068678864869,0.0,0.020833333333333332,4,0
10000,13492,1.367275546751356,0.6240195927061527,0.010416666666666666,0.034390750074117994,1.0,0,0,225,6,1.332482414637843,1.402068678864869,0.0,0.020833333333333332,4,0
10000,13610,1.367275546751356,0.6240195927061527,0.010416666666666666,0.03600293901542983,1.0,0,0,225,7,1.332482414637843,1.402068678864869,0.0,0.020833333333333332,4,0
10000,13588,1.367275546751356,0.6240195927061527,0.010416666666666666,0.03135119222843685,1.0,0,0,225,8,1.332482414637843,1.402068678864869,0.0,0.020833333333333332,4,0
10000,13665,1.367275546751356,0.6240195927061527,0.010416666666666666,0.0300768386388584,1.0,0,0,225,9,1.332482414637843,1.402068678864869,0.0,0.020833333333333332,4,0
10000,13590,1.3498789806945994,0.693743699494332,0.026041666666666703,0.031125827814569535,1.0,0,1,226,0,1.332482414637843,1.367275546751356,0.020833333333333332,0.03125,5,1
10000,13619,1.3498789806945994,0.693743699494332,0.026041666666666703,0.03407004919597621,1.0,0,1,226,1,1.332482414637843,1.367275546751356,0.020833333333333332,0.03125,5,1
10000,13303,1.3498789806945994,0.693743699494332,0.026041666666666703,0.031346312861760504,1.0,0,1,226,2,1.332482414637843,1.367275546751356,0.020833333333333332,0.03125,5,1
10000,13473,1.3498789806945994,0.693743699494332,0.026041666666666703,0.03191568321828843,1.0,0,0,226,3,1.332482414637843,1.367275546751356,0.020833333333333332,0.03125,5,1
10000,13602,1.3498789806945994,0.693743699494332,0.026041666666666703,0.03286281429201588,1.0,0,1,226,4,1.332482414637843,1.367275546751356,0.020833333333333332,0.03125,5,1
10000,13761,1.3498789806945994,0.693743699494332,0.026041666666666703,0.03313712666230652,1.0,0,1,226,5,1.332482414637843,1.367275546751356,0.020833333333333332,0.03125,5,1
10000,13590,1.3498789806945994,0.693743699494332,0.026041666666666703,0.03377483443708609,1.0,0,1,226,6,1.332482414637843,1.367275546751356,0.020833333333333332,0.03125,5,1
10000,13558,1.3498789806945994,0.693743699494332,0.026041666666666703,0.03171559227024635,1.0,0,1,226,7,1.332482414637843,1.367275546751356,0.020833333333333332,0.03125,5,1
10000,13376,1.3498789806945994,0.693743699494332,0.026041666666666703,0.03252093301435407,1.0,0,1,226,8,1.332482414637843,1.367275546751356,0.020833333333333332,0.03125,5,1
10000,13398,1.3498789806945994,0.693743699494332,0.026041666666666703,0.031721152410807585,1.0,0,1,226,9,1.332482414637843,1.367275546751356,0.020833333333333332,0.03125,5,1
10000,13311,1.3498789806945994,0.693743699494332,0.026041666666666703,0.03125234768236797,1.0,0,1,226,10,1.332482414637843,1.367275546751356,0.020833333333333332,0.03125,5,1
10000,13362,1.3498789806945994,0.693743699494332,0.026041666666666703,0.033153719503068405,1.0,0,1,226,11,1.332482414637843,1.367275546751356,0.020833333333333332,0.03125,5,1
10000,13386,1.3498789806945994,0.693743699494332,0.026041666666666703,0.031002539967129837,1.0,0,1,226,12,1.332482414637843,1.367275546751356,0.020833333333333332,0.03125,5,1
10000,13383,1.3498789806945994,0.693743699494332,0.026041666666666703,0.03272808787267429,1.0,0,1,226,13,1.332482414637843,1.367275546751356,0.020833333333333332,0.03125,5,1
10000,13349,1.3498789806945994,0.693743699494332,0.026041666666666703,0.034010038205109,1.0,0,1,226,14,1.332482414637843,1.367275546751356,0.020833333333333332,0.03125,5,1
10000,13491,1.3498789806945994,0.693743699494332,0.026041666666666703,0.03209547105477726,1.0,0,0,226,15,1.332482414637843,1.367275546751356,0.020833333333333332,0.03125,5,1
10000,13374,1.3498789806945994,0.693743699494332,0.026041666666666703,0.03439509496037087,1.0,0,1,226,16,1.332482414637843,1.367275546751356,0.020833333333333332,0.03125,5,1
10000,13479,1.3498789806945994,0.693743699494332,0.026041666666666703,0.03360783440908079,1.0,0,0,226,17,1.332482414637843,1.367275546751356,0.020833333333333332,0.03125,5,1
10000,13398,1.3498789806945994,0.693743699494332,0.026041666666666703,0.03455739662636215,1.0,0,1,226,18,1.332482414637843,1.367275546751356,0.020833333333333332,0.03125,5,1
10000,13400,1.3498789806945994,0.693743699494332,0.026041666666666703,0.035597014925373135,1.0,0,1,226,19,1.332482414637843,1.367275546751356,0.020833333333333332,0.03125,5,1
10000,13660,1.3498789806945994,0.7273692532946132,0.036458333333333294,0.0315519765739385,1.0,1,1,227,0,1.332482414637843,1.367275546751356,0.03125,0.041666666666666664,5,0
10000,13555,1.3498789806945994,0.7273692532946132,0.036458333333333294,0.03142751752120988,1.0,0,1,227,1,1.332482414637843,1.367275546751356,0.03125,0.041666666666666664,5,0
10000,13419,1.3498789806945994,0.7273692532946132,0.036458333333333294,0.03375810418063939,1.0,0,1,227,2,1.332482414637843,1.367275546751356,0.03125,0.041666666666666664,5,0
10000,13501,1.3498789806945994,0.7273692532946132,0.036458333333333294,0.032960521442856085,1.0,0,1,227,3,1.332482414637843,1.367275546751356,0.03125,0.041666666666666664,5,0
10000,13459,1.3498789806945994,0.7273692532946132,0.036458333333333294,0.032097481239319416,1.0,0,1,227,4,1.332482414637843,1.367275546751356,0.03125,0.041666666666666664,5,0
10000,13634,1.3498789806945994,0.7273692532946132,0.036458333333333294,0.03263899075839812,1.0,1,1,227,5,1.332482414637843,1.367275546751356,0.03125,0.041666666666666664,5,0
10000,13460,1.3498789806945994,0.7273692532946132,0.036458333333333294,0.03462109955423477,1.0,0,1,227,6,1.332482414637843,1.367275546751356,0.03125,0.041666666666666664,5,0
10000,13534,1.3498789806945994,0.7273692532946132,0.036458333333333294,0.0340623614600266,1.0,0,1,227,7,1.332482414637843,1.367275546751356,0.03125,0.041666666666666664,5,0
10000,13392,1.3498789806945994,0.7273692532946132,0.036458333333333294,0.030391278375149343,1.0,1,1,227,8,1.332482414637843,1.367275546751356,0.03125,0.041666666666666664,5,0
10000,13559,1.3498789806945994,0.7273692532946132,0.036458333333333294,0.033852053986282174,1.0,0,1,227,9,1.332482414637843,1.367275546751356,0.03125,0.041666666666666664,5,0
10000,13865,1.3846721128081125,0.693743699494332,0.026041666666666703,0.03425892535160476,1.0,0,1,228,0,1.367275546751356,1.402068678864869,0.020833333333333332,0.03125,5,1
10000,13572,1.3846721128081125,0.693743699494332,0.026041666666666703,0.030209254347185382,1.0,0,1,228,1,1.367275546751356,1.402068678864869,0.020833333333333332,0.03125,5,1
10000,13826,1.3846721128081125,0.693743699494332,0.026041666666666703,0.03146246202806307,1.0,0,1,228,2,1.367275546751356,1.402068678864869,0.020833333333333332,0.03125,5,1
10000,13822,1.3846721128081125,0.693743699494332,0.026041666666666703,0.0324844450875416,1.0,0,1,228,3,1.367275546751356,1.402068678864869,0.020833333333333332,0.03125,5,1
10000,13988,1.3846721128081125,0.693743699494332,0.026041666666666703,0.03381469831283958,1.0,0,1,228,4,1.367275546751356,1.402068678864869,0.020833333333333332,0.03125,5,1
10000,13831,1.3846721128081125,0.693743699494332,0.026041666666666703,0.034632347624900583,1.0,0,1,228,5,1.367275546751356,1.402068678864869,0.020833333333333332,0.03125,5,1
10000,13845,1.3846721128081125,0.693743699494332,0.026041666666666703,0.033369447453954496,1.0,0,1,228,6,1.367275546751356,1.402068678864869,0.020833333333333332,0.03125,5,1
10000,13613,1.3846721128081125,0.693743699494332,0.026041666666666703,0.03504003526041284,1.0,0,1,228,7,1.367275546751356,1.402068678864869,0.020833333333333332,0.03125,5,1
10000,13815,1.3846721128081125,0.693743699494332,0.026041666666666703,0.034020991675714804,1.0,0,1,228,8,1.367275546751356,1.402068678864869,0.020833333333333332,0.03125,5,1
10000,13806,1.3846721128081125,0.693743699494332,0.026041666666666703,0.03158047225843836,1.0,0,1,228,9,1.367275546751356,1.402068678864869,0.020833333333333332,0.03125,5,1
10000,13877,1.3846721128081125,0.693743699494332,0.026041666666666703,0.03487785544426029,1.0,0,1,228,10,1.367275546751356,1.402068678864869,0.020833333333333332,0.03125,5,1
10000,13780,1.3846721128081125,0.693743699494332,0.026041666666666703,0.03468795355587809,1.0,0,1,228,11,1.367275546751356,1.402068678864869,0.020833333333333332,0.03125,5,1
10000,13936,1.3846721128081125,0.693743699494332,0.026041666666666703,0.032721010332950634,1.0,0,1,228,12,1.367275546751356,1.402068678864869,0.020833333333333332,0.03125,5,1
10000,13648,1.3846721128081125,0.693743699494332,0.026041666666666703,0.034657092614302464,1.0,0,1,228,13,1.367275546751356,1.402068678864869,0.020833333333333332,0.03125,5,1
10000,13713,1.3846721128081125,0.693743699494332,0.026041666666666703,0.03478451104791074,1.0,0,1,228,14,1.367275546751356,1.402068678864869,0.020833333333333332,0.03125,5,1
10000,13785,1.3846721128081125,0.693743699494332,0.026041666666666703,0.030830612985128764,1.0,0,1,228,15,1.367275546751356,1.402068678864869,0.020833333333333332,0.03125,5,1
10000,13643,1.3846721128081125,0.693743699494332,0.026041666666666703,0.0316645898995822,1.0,0,1,228,16,1.367275546751356,1.402068678864869,0.020833333333333332,0.03125,5,1
10000,13781,1.3846721128081125,0.693743699494332,0.026041666666666703,0.03425005442275597,1.0,0,1,228,17,1.367275546751356,1.402068678864869,0.020833333333333332,0.03125,5,1
10000,13805,1.3846721128081125,0.693743699494332,0.026041666666666703,0.033031510322346976,1.0,0,1,228,18,1.367275546751356,1.402068678864869,0.020833333333333332,0.03125,5,1
10000,13843,1.3846721128081125,0.693743699494332,0.026041666666666703,0.03359098461316189,1.0,0,1,228,19,1.367275546751356,1.402068678864869,0.020833333333333332,0.03125,5,1
10000,13842,1.3846721128081125,0.7273692532946132,0.036458333333333294,0.03185955786736021,1.0,0,1,229,0,1.367275546751356,1.402068678864869,0.03125,0.041666666666666664,5,0
10000,14006,1.3846721128081125,0.7273692532946132,0.036458333333333294,0.0334142510352706,1.0,0,1,229,1,1.367275546751356,1.402068678864869,0.03125,0.041666666666666664,5,0
10000,13825,1.3846721128081125,0.7273692532946132,0.036458333333333294,0.03377938517179024,1.0,0,1,229,2,1.367275546751356,1.402068678864869,0.03125,0.041666666666666664,5,0
10000,13758,1.3846721128081125,0.7273692532946132,0.036458333333333294,0.03161796772786742,1.0,1,1,229,3,1.367275546751356,1.402068678864869,0.03125,0.041666666666666664,5,0
10000,13876,1.3846721128081125,0.7273692532946132,0.036458333333333294,0.03444796771403863,1.0,0,1,229,4,1.367275546751356,1.402068678864869,0.03125,0.041666666666666664,5,0
10000,13954,1.3846721128081125,0.7273692532946132,0.036458333333333294,0.03296545793320912,1.0,1,1,229,5,1.367275546751356,1.402068678864869,0.03125,0.041666666666666664,5,0
10000,13807,1.3846721128081125,0.7273692532946132,0.036458333333333294,0.032302455276309115,1.0,0,1,229,6,1.367275546751356,1.402068678864869,0.03125,0.041666666666666664,5,0
10000,13983,1.3846721128081125,0.7273692532946132,0.036458333333333294,0.03304012014589144,1.0,0,1,229,7,1.367275546751356,1.402068678864869,0.03125,0.041666666666666664,5,0
10000,13811,1.3846721128081125,0.7273692532946132,0.036458333333333294,0.031858663384258926,1.0,0,1,229,8,1.367275546751356,1.402068678864869,0.03125,0.041666666666666664,5,0
10000,13952,1.3846721128081125,0.7273692532946132,0.036458333333333294,0.03218176605504587,1.0,0,1,229,9,1.367275546751356,1.402068678864869,0.03125,0.041666666666666664,5,0
10000,14441,1.4368618109783822,0.6240195927061527,0.010416666666666666,0.032753964406897026,1.0,0,0,230,0,1.402068678864869,1.4716549430918953,0.0,0.020833333333333332,4,0
10000,14427,1.4368618109783822,0.6240195927061527,0.010416666666666666,0.036043529493311154,1.0,0,0,230,1,1.402068678864869,1.4716549430918953,0.0,0.020833333333333332,4,0
10000,14198,1.4368618109783822,0.6240195927061527,0.010416666666666666,0.02986336103676574,1.0,0,0,230,2,1.402068678864869,1.4716549430918953,0.0,0.020833333333333332,4,0
10000,14380,1.4368618109783822,0.6240195927061527,0.010416666666666666,0.03303198887343533,1.0,0,0,230,3,1.402068678864869,1.4716549430918953,0.0,0.020833333333333332,4,0
10000,14517,1.4368618109783822,0.6240195927061527,0.010416666666666666,0.035131225459805744,1.0,0,0,230,4,1.402068678864869,1.4716549430918953,0.0,0.020833333333333332,4,0
10000,14403,1.4368618109783822,0.6240195927061527,0.010416666666666666,0.03520099979171006,1.0,0,0,230,5,1.402068678864869,1.4716549430918953,0.0,0.020833333333333332,4,0
10000,14339,1.4368618109783822,0.6240195927061527,0.010416666666666666,0.03256851942255387,1.0,0,0,230,6,1.402068678864869,1.4716549430918953,0.0,0.020833333333333332,4,0
10000,14290,1.4368618109783822,0.6240195927061527,0.010416666666666666,0.03449965010496851,1.0,0,0,230,7,1.402068678864869,1.4716549430918953,0.0,0.020833333333333332,4,0
10000,14521,1.4368618109783822,0.6240195927061527,0.010416666666666666,0.035052682322154124,1.0,0,0,230,8,1.402068678864869,1.4716549430918953,0.0,0.020833333333333332,4,0
10000,14373,1.4368618109783822,0.6240195927061527,0.010416666666666666,0.033813400125234816,1.0,0,0,230,9,1.402068678864869,1.4716549430918953,0.0,0.020833333333333332,4,0
10000,14326,1.4194652449216256,0.693743699494332,0.026041666666666703,0.03245846712271395,1.0,0,1,231,0,1.402068678864869,1.4368618109783822,0.020833333333333332,0.03125,5,1
10000,14056,1.4194652449216256,0.693743699494332,0.026041666666666703,0.03237051792828685,1.0,0,1,231,1,1.402068678864869,1.4368618109783822,0.020833333333333332,0.03125,5,1
10000,14128,1.4194652449216256,0.693743699494332,0.026041666666666703,0.0331964892412231,1.0,0,1,231,2,1.402068678864869,1.4368618109783822,0.020833333333333332,0.03125,5,1
10000,14315,1.4194652449216256,0.693743699494332,0.026041666666666703,0.0340901152637094,1.0,0,1,231,3,1.402068678864869,1.4368618109783822,0.020833333333333332,0.03125,5,1
10000,14394,1.4194652449216256,0.693743699494332,0.026041666666666703,0.03320828122828957,1.0,0,1,231,4,1.402068678864869,1.4368618109783822,0.020833333333333332,0.03125,5,1
10000,14249,1.4194652449216256,0.693743699494332,0.026041666666666703,0.034177837041195876,1.0,0,1,231,5,1.402068678864869,1.4368618109783822,0.020833333333333332,0.03125,5,1
10000,14241,1.4194652449216256,0.693743699494332,0.026041666666666703,0.03307352011796924,1.0,0,1,231,6,1.402068678864869,1.4368618109783822,0.020833333333333332,0.03125,5,1
10000,14200,1.4194652449216256,0.693743699494332,0.026041666666666703,0.03450704225352113,1.0,0,1,231,7,1.402068678864869,1.4368618109783822,0.020833333333333332,0.03125,5,1
10000,14166,1.4194652449216256,0.693743699494332,0.026041666666666703,0.03190738387688832,1.0,0,1,231,8,1.402068678864869,1.4368618109783822,0.020833333333333332,0.03125,5,1
10000,14065,1.4194652449216256,0.693743699494332,0.026041666666666703,0.03576253110558123,1.0,0,1,231,9,1.402068678864869,1.4368618109783822,0.020833333333333332,0.03125,5,1
10000,14194,1.4194652449216256,0.693743699494332,0.026041666666666703,0.031351275186698606,1.0,0,1,231,10,1.402068678864869,1.4368618109783822,0.020833333333333332,0.03125,5,1
10000,14046,1.4194652449216256,0.693743699494332,0.026041666666666703,0.03182400683468603,1.0,0,1,231,11,1.402068678864869,1.4368618109783822,0.020833333333333332,0.03125,5,1
10000,14311,1.4194652449216256,0.693743699494332,0.026041666666666703,0.0322129830200545,1.0,0,1,231,12,1.402068678864869,1.4368618109783822,0.020833333333333332,0.03125,5,1
10000,14022,1.4194652449216256,0.693743699494332,0.026041666666666703,0.03558693481671659,1.0,0,0,231,13,1.402068678864869,1.4368618109783822,0.020833333333333332,0.03125,5,1
10000,14246,1.4194652449216256,0.693743699494332,0.026041666666666703,0.031096448125789697,1.0,0,1,231,14,1.402068678864869,1.4368618109783822,0.020833333333333332,0.03125,5,1
10000,14056,1.4194652449216256,0.693743699494332,0.026041666666666703,0.032726237905520775,1.0,0,1,231,15,1.402068678864869,1.4368618109783822,0.020833333333333332,0.03125,5,1
10000,14200,1.4194652449216256,0.693743699494332,0.026041666666666703,0.03330985915492958,1.0,0,1,231,16,1.402068678864869,1.4368618109783822,0.020833333333333332,0.03125,5,1
10000,14400,1.4194652449216256,0.693743699494332,0.026041666666666703,0.03215277777777778,1.0,0,1,231,17,1.402068678864869,1.4368618109783822,0.020833333333333332,0.03125,5,1
10000,14113,1.4194652449216256,0.693743699494332,0.026041666666666703,0.032098065613264365,1.0,0,1,231,18,1.402068678864869,1.4368618109783822,0.020833333333333332,0.03125,5,1
10000,14092,1.4194652449216256,0.693743699494332,0.026041666666666703,0.034487652568833384,1.0,0,1,231,19,1.402068678864869,1.4368618109783822,0.020833333333333332,0.03125,5,1
10000,14424,1.4194652449216256,0.7273692532946132,0.036458333333333294,0.03570438158624515,1.0,1,1,232,0,1.402068678864869,1.4368618109783822,0.03125,0.041666666666666664,5,0
10000,14282,1.4194652449216256,0.7273692532946132,0.036458333333333294,0.03367875647668394,1.0,0,1,232,1,1.402068678864869,1.4368618109783822,0.03125,0.041666666666666664,5,0
10000,14222,1.4194652449216256,0.7273692532946132,0.036458333333333294,0.03213331458304036,1.0,0,1,232,2,1.402068678864869,1.4368618109783822,0.03125,0.041666666666666664,5,0
10000,14126,1.4194652449216256,0.7273692532946132,0.036458333333333294,0.03383831233187031,1.0,0,1,232,3,1.402068678864869,1.4368618109783822,0.03125,0.041666666666666664,5,0
10000,14302,1.4194652449216256,0.7273692532946132,0.036458333333333294,0.0334918193259684,1.0,0,1,232,4,1.402068678864869,1.4368618109783822,0.03125,0.041666666666666664,5,0
10000,14259,1.4194652449216256,0.7273692532946132,0.036458333333333294,0.03443439231362648,1.0,0,1,232,5,1.402068678864869,1.4368618109783822,0.03125,0.041666666666666664,5,0
10000,14158,1.4194652449216256,0.7273692532946132,0.036458333333333294,0.03383246221217686,1.0,1,1,232,6,1.402068678864869,1.4368618109783822,0.03125,0.041666666666666664,5,0
10000,14116,1.4194652449216256,0.7273692532946132,0.036458333333333294,0.03499574950410881,1.0,1,1,232,7,1.402068678864869,1.4368618109783822,0.03125,0.041666666666666664,5,0
10000,14261,1.4194652449216256,0.7273692532946132,0.036458333333333294,0.032676530397587826,1.0,0,1,232,8,1.402068678864869,1.4368618109783822,0.03125,0.041666666666666664,5,0
10000,14344,1.4194652449216256,0.7273692532946132,0.036458333333333294,0.032208588957055216,1.0,1,1,232,9,1.402068678864869,1.4368618109783822,0.03125,0.041666666666666664,5,0
10000,14340,1.4542583770351387,0.693743699494332,0.026041666666666703,0.03430962343096234,1.0,0,1,233,0,1.4368618109783822,1.4716549430918953,0.020833333333333332,0.03125,5,1
10000,14405,1.4542583770351387,0.693743699494332,0.026041666666666703,0.03061437001041305,1.0,0,1,233,1,1.4368618109783822,1.4716549430918953,0.020833333333333332,0.03125,5,1
10000,14620,1.4542583770351387,0.693743699494332,0.026041666666666703,0.03392612859097127,1.0,0,1,233,2,1.4368618109783822,1.4716549430918953,0.020833333333333332,0.03125,5,1
10000,14681,1.4542583770351387,0.693743699494332,0.026041666666666703,0.03487500851440638,1.0,0,1,233,3,1.4368618109783822,1.4716549430918953,0.020833333333333332,0.03125,5,1
10000,14647,1.4542583770351387,0.693743699494332,0.026041666666666703,0.03413668327985253,1.0,0,0,233,4,1.4368618109783822,1.4716549430918953,0.020833333333333332,0.03125,5,1
10000,14345,1.4542583770351387,0.693743699494332,0.026041666666666703,0.034715928895085395,1.0,0,1,233,5,1.4368618109783822,1.4716549430918953,0.020833333333333332,0.03125,5,1
10000,14414,1.4542583770351387,0.693743699494332,0.026041666666666703,0.03538226724018315,1.0,0,1,233,6,1.4368618109783822,1.4716549430918953,0.020833333333333332,0.03125,5,1
10000,14551,1.4542583770351387,0.693743699494332,0.026041666666666703,0.03230018555425744,1.0,0,1,233,7,1.4368618109783822,1.4716549430918953,0.020833333333333332,0.03125,5,1
10000,14526,1.4542583770351387,0.693743699494332,0.026041666666666703,0.03290651246041581,1.0,0,1,233,8,1.4368618109783822,1.4716549430918953,0.020833333333333332,0.03125,5,1
10000,14506,1.4542583770351387,0.693743699494332,0.026041666666666703,0.03336550392940852,1.0,0,1,233,9,1.4368618109783822,1.4716549430918953,0.020833333333333332,0.03125,5,1
10000,14368,1.4542583770351387,0.693743699494332,0.026041666666666703,0.034033964365256124,1.0,0,1,233,10,1.4368618109783822,1.4716549430918953,0.020833333333333332,0.03125,5,1
10000,14639,1.4542583770351387,0.693743699494332,0.026041666666666703,0.03005669786187581,1.0,0,1,233,11,1.4368618109783822,1.4716549430918953,0.020833333333333332,0.03125,5,1
10000,14630,1.4542583770351387,0.693743699494332,0.026041666666666703,0.033561175666438826,1.0,0,1,233,12,1.4368618109783822,1.4716549430918953,0.020833333333333332,0.03125,5,1
10000,14615,1.4542583770351387,0.693743699494332,0.026041666666666703,0.032295586725966476,1.0,0,1,233,13,1.4368618109783822,1.4716549430918953,0.020833333333333332,0.03125,5,1
10000,14663,1.4542583770351387,0.693743699494332,0.026041666666666703,0.035940803382663845,1.0,0,1,233,14,1.4368618109783822,1.4716549430918953,0.020833333333333332,0.03125,5,1
10000,14613,1.4542583770351387,0.693743699494332,0.026041666666666703,0.03469513446930815,1.0,0,1,233,15,1.4368618109783822,1.4716549430918953,0.020833333333333332,0.03125,5,1
10000,14352,1.4542583770351387,0.693743699494332,0.026041666666666703,0.033096432552954295,1.0,0,1,233,16,1.4368618109783822,1.4716549430918953,0.020833333333333332,0.03125,5,1
10000,14564,1.4542583770351387,0.693743699494332,0.026041666666666703,0.0325460038450975,1.0,0,1,233,17,1.4368618109783822,1.4716549430918953,0.020833333333333332,0.03125,5,1
10000,14603,1.4542583770351387,0.693743699494332,0.026041666666666703,0.03239060467027323,1.0,0,1,233,18,1.4368618109783822,1.4716549430918953,0.020833333333333332,0.03125,5,1
10000,14360,1.4542583770351387,0.693743699494332,0.026041666666666703,0.03161559888579387,1.0,0,1,233,19,1.4368618109783822,1.4716549430918953,0.020833333333333332,0.03125,5,1
10000,14569,1.4542583770351387,0.7273692532946132,0.036458333333333294,0.03630997323083259,1.0,0,1,234,0,1.4368618109783822,1.4716549430918953,0.03125,0.041666666666666664,5,0
10000,14628,1.4542583770351387,0.7273692532946132,0.036458333333333294,0.03534317746786984,1.0,1,1,234,1,1.4368618109783822,1.4716549430918953,0.03125,0.041666666666666664,5,0
10000,14535,1.4542583770351387,0.7273692532946132,0.036458333333333294,0.03453732370141039,1.0,1,1,234,2,1.4368618109783822,1.4716549430918953,0.03125,0.041666666666666664,5,0
10000,14376,1.4542583770351387,0.7273692532946132,0.036458333333333294,0.03199777406789093,1.0,0,1,234,3,1.4368618109783822,1.4716549430918953,0.03125,0.041666666666666664,5,0
10000,14347,1.4542583770351387,0.7273692532946132,0.036458333333333294,0.03373527566738691,1.0,1,1,234,4,1.4368618109783822,1.4716549430918953,0.03125,0.041666666666666664,5,0
10000,14457,1.4542583770351387,0.7273692532946132,0.036458333333333294,0.034239468769454245,1.0,1,1,234,5,1.4368618109783822,1.4716549430918953,0.03125,0.041666666666666664,5,0
10000,14568,1.4542583770351387,0.7273692532946132,0.036458333333333294,0.02985996705107084,1.0,1,1,234,6,1.4368618109783822,1.4716549430918953,0.03125,0.041666666666666664,5,0
10000,14585,1.4542583770351387,0.7273692532946132,0.036458333333333294,0.03332190606787796,1.0,0,1,234,7,1.4368618109783822,1.4716549430918953,0.03125,0.041666666666666664,5,0
10000,14362,1.4542583770351387,0.7273692532946132,0.036458333333333294,0.03105417072831082,1.0,0,1,234,8,1.4368618109783822,1.4716549430918953,0.03125,0.041666666666666664,5,0
10000,14525,1.4542583770351387,0.7273692532946132,0.036458333333333294,0.03070567986230637,1.0,1,1,234,9,1.4368618109783822,1.4716549430918953,0.03125,0.041666666666666664,5,0
10000,14254,1.402068678864869,0.7914805954090255,0.0625,0.03507787287778869,1.0,1,1,235,0,1.332482414637843,1.4716549430918953,0.041666666666666664,0.08333333333333333,3,0
10000,14088,1.402068678864869,0.7914805954090255,0.0625,0.03329074389551391,1.0,1,1,235,1,1.332482414637843,1.4716549430918953,0.041666666666666664,0.08333333333333333,3,0
10000,14094,1.402068678864869,0.7914805954090255,0.0625,0.03285085852135661,1.0,1,1,235,2,1.332482414637843,1.4716549430918953,0.041666666666666664,0.08333333333333333,3,0
10000,13952,1.402068678864869,0.7914805954090255,0.0625,0.03454701834862385,1.0,1,1,235,3,1.332482414637843,1.4716549430918953,0.041666666666666664,0.08333333333333333,3,0
10000,14144,1.402068678864869,0.7914805954090255,0.0625,0.03266402714932127,1.0,1,1,235,4,1.332482414637843,1.4716549430918953,0.041666666666666664,0.08333333333333333,3,0
10000,14122,1.402068678864869,0.7914805954090255,0.0625,0.03604305339187084,1.0,1,1,235,5,1.332482414637843,1.4716549430918953,0.041666666666666664,0.08333333333333333,3,0
10000,14147,1.402068678864869,0.7914805954090255,0.0625,0.03449494592493108,1.0,1,1,235,6,1.332482414637843,1.4716549430918953,0.041666666666666664,0.08333333333333333,3,0
10000,14154,1.402068678864869,0.7914805954090255,0.0625,0.03193443549526635,1.0,1,1,235,7,1.332482414637843,1.4716549430918953,0.041666666666666664,0.08333333333333333,3,0
10000,14065,1.402068678864869,0.7914805954090255,0.0625,0.032847493778883755,1.0,1,1,235,8,1.332482414637843,1.4716549430918953,0.041666666666666664,0.08333333333333333,3,0
10000,13955,1.402068678864869,0.7914805954090255,0.0625,0.03246148333930491,1.0,1,1,235,9,1.332482414637843,1.4716549430918953,0.041666666666666664,0.08333333333333333,3,0
10000,13324,1.332482414637843,0.8903123748998999,0.125,0.034749324527169015,1.0,1,1,236,0,1.1933098861837907,1.4716549430918953,0.08333333333333333,0.16666666666666666,2,0
10000,13333,1.332482414637843,0.8903123748998999,0.125,0.03397584939623491,1.0,1,1,236,1,1.1933098861837907,1.4716549430918953,0.08333333333333333,0.16666666666666666,2,0
10000,13365,1.332482414637843,0.8903123748998999,0.125,0.029180695847362513,1.0,1,1,236,2,1.1933098861837907,1.4716549430918953,0.08333333333333333,0.16666666666666666,2,0
10000,13342,1.332482414637843,0.8903123748998999,0.125,0.03267875880677559,1.0,1,1,236,3,1.1933098861837907,1.4716549430918953,0.08333333333333333,0.16666666666666666,2,0
10000,13252,1.332482414637843,0.8903123748998999,0.125,0.032372472079686083,1.0,1,1,236,4,1.1933098861837907,1.4716549430918953,0.08333333333333333,0.16666666666666666,2,0
10000,13407,1.332482414637843,0.8903123748998999,0.125,0.0292384575221899,1.0,1,1,236,5,1.1933098861837907,1.4716549430918953,0.08333333333333333,0.16666666666666666,2,0
10000,13308,1.332482414637843,0.8903123748998999,0.125,0.03599338743612864,1.0,1,1,236,6,1.1933098861837907,1.4716549430918953,0.08333333333333333,0.16666666666666666,2,0
10000,13400,1.332482414637843,0.8903123748998999,0.125,0.03268656716417911,1.0,1,1,236,7,1.1933098861837907,1.4716549430918953,0.08333333333333333,0.16666666666666666,2,0
10000,13269,1.332482414637843,0.8903123748998999,0.125,0.031501997136182076,1.0,1,1,236,8,1.1933098861837907,1.4716549430918953,0.08333333333333333,0.16666666666666666,2,0
10000,13200,1.332482414637843,0.8903123748998999,0.125,0.03378787878787879,1.0,1,1,236,9,1.1933098861837907,1.4716549430918953,0.08333333333333333,0.16666666666666666,2,0
10000,14953,1.5064480752054084,0.6240195927061527,0.010416666666666666,0.033237477429278406,1.0,0,0,237,0,1.4716549430918953,1.5412412073189214,0.0,0.020833333333333332,4,0
10000,15159,1.5064480752054084,0.6240195927061527,0.010416666666666666,0.03298370604921169,1.0,0,0,237,1,1.4716549430918953,1.5412412073189214,0.0,0.020833333333333332,4,0
10000,15067,1.5064480752054084,0.6240195927061527,0.010416666666666666,0.035773544833078916,1.0,0,0,237,2,1.4716549430918953,1.5412412073189214,0.0,0.020833333333333332,4,0
10000,15197,1.5064480752054084,0.6240195927061527,0.010416666666666666,0.031519378824768046,1.0,0,0,237,3,1.4716549430918953,1.5412412073189214,0.0,0.020833333333333332,4,0
10000,15083,1.5064480752054084,0.6240195927061527,0.010416666666666666,0.03175760790293708,1.0,0,0,237,4,1.4716549430918953,1.5412412073189214,0.0,0.020833333333333332,4,0
10000,15372,1.5064480752054084,0.6240195927061527,0.010416666666666666,0.033697632058287796,1.0,0,0,237,5,1.4716549430918953,1.5412412073189214,0.0,0.020833333333333332,4,0
10000,15046,1.5064480752054084,0.6240195927061527,0.010416666666666666,0.03303203509238336,1.0,0,0,237,6,1.4716549430918953,1.5412412073189214,0.0,0.020833333333333332,4,0
10000,15213,1.5064480752054084,0.6240195927061527,0.010416666666666666,0.03142049562873858,1.0,0,0,237,7,1.4716549430918953,1.5412412073189214,0.0,0.020833333333333332,4,0
10000,14937,1.5064480752054084,0.6240195927061527,0.010416666666666666,0.03494677646113677,1.0,0,0,237,8,1.4716549430918953,1.5412412073189214,0.0,0.020833333333333332,4,0
10000,15055,1.5064480752054084,0.6240195927061527,0.010416666666666666,0.032015941547658584,1.0,0,0,237,9,1.4716549430918953,1.5412412073189214,0.0,0.020833333333333332,4,0
10000,14837,1.4890515091486518,0.693743699494332,0.026041666666666703,0.03262114982813237,1.0,0,1,238,0,1.4716549430918953,1.5064480752054084,0.020833333333333332,0.03125,5,1
10000,14825,1.4890515091486518,0.693743699494332,0.026041666666666703,0.036222596964586844,1.0,0,1,238,1,1.4716549430918953,1.5064480752054084,0.020833333333333332,0.03125,5,1
10000,14747,1.4890515091486518,0.693743699494332,0.026041666666666703,0.032481182613412894,1.0,0,1,238,2,1.4716549430918953,1.5064480752054084,0.020833333333333332,0.03125,5,1
10000,14919,1.4890515091486518,0.693743699494332,0.026041666666666703,0.030766137140559018,1.0,0,1,238,3,1.4716549430918953,1.5064480752054084,0.020833333333333332,0.03125,5,1
10000,14984,1.4890515091486518,0.693743699494332,0.026041666666666703,0.033435664709022955,1.0,0,1,238,4,1.4716549430918953,1.5064480752054084,0.020833333333333332,0.03125,5,1
10000,14990,1.4890515091486518,0.693743699494332,0.026041666666666703,0.032421614409606406,1.0,0,1,238,5,1.4716549430918953,1.5064480752054084,0.020833333333333332,0.03125,5,1
10000,14833,1.4890515091486518,0.693743699494332,0.026041666666666703,0.03182093979639992,1.0,0,1,238,6,1.4716549430918953,1.5064480752054084,0.020833333333333332,0.03125,5,1
10000,14946,1.4890515091486518,0.693743699494332,0.026041666666666703,0.03505954770507159,1.0,0,1,238,7,1.4716549430918953,1.5064480752054084,0.020833333333333332,0.03125,5,1
10000,14942,1.4890515091486518,0.693743699494332,0.026041666666666703,0.034868156873243204,1.0,0,1,238,8,1.4716549430918953,1.5064480752054084,0.020833333333333332,0.03125,5,1
10000,14912,1.4890515091486518,0.693743699494332,0.026041666666666703,0.03185354077253219,1.0,0,1,238,9,1.4716549430918953,1.5064480752054084,0.020833333333333332,0.03125,5,1
10000,15046,1.4890515091486518,0.693743699494332,0.026041666666666703,0.033763126412335503,1.0,0,1,238,10,1.4716549430918953,1.5064480752054084,0.020833333333333332,0.03125,5,1
10000,14815,1.4890515091486518,0.693743699494332,0.026041666666666703,0.03489706378670267,1.0,0,1,238,11,1.4716549430918953,1.5064480752054084,0.020833333333333332,0.03125,5,1
10000,14975,1.4890515091486518,0.693743699494332,0.026041666666666703,0.033856427378964944,1.0,0,1,238,12,1.4716549430918953,1.5064480752054084,0.020833333333333332,0.03125,5,1
10000,14896,1.4890515091486518,0.693743699494332,0.026041666666666703,0.03188775510204082,1.0,0,1,238,13,1.4716549430918953,1.5064480752054084,0.020833333333333332,0.03125,5,1
10000,14713,1.4890515091486518,0.693743699494332,0.026041666666666703,0.033032012505947124,1.0,0,1,238,14,1.4716549430918953,1.5064480752054084,0.020833333333333332,0.03125,5,1
10000,14879,1.4890515091486518,0.693743699494332,0.026041666666666703,0.033201155991666106,1.0,0,1,238,15,1.4716549430918953,1.5064480752054084,0.020833333333333332,0.03125,5,1
10000,14957,1.4890515091486518,0.693743699494332,0.026041666666666703,0.032894296984689445,1.0,0,1,238,16,1.4716549430918953,1.5064480752054084,0.020833333333333332,0.03125,5,1
10000,14828,1.4890515091486518,0.693743699494332,0.026041666666666703,0.03291070946857297,1.0,0,1,238,17,1.4716549430918953,1.5064480752054084,0.020833333333333332,0.03125,5,1
10000,14888,1.4890515091486518,0.693743699494332,0.026041666666666703,0.03459161740999463,1.0,0,1,238,18,1.4716549430918953,1.5064480752054084,0.020833333333333332,0.03125,5,1
10000,14884,1.4890515091486518,0.693743699494332,0.026041666666666703,0.03298844396667563,1.0,0,1,238,19,1.4716549430918953,1.5064480752054084,0.020833333333333332,0.03125,5,1
10000,14856,1.4890515091486518,0.7273692532946132,0.036458333333333294,0.03399299946149704,1.0,0,1,239,0,1.4716549430918953,1.5064480752054084,0.03125,0.041666666666666664,5,0
10000,14837,1.4890515091486518,0.7273692532946132,0.036458333333333294,0.03187976005931118,1.0,1,1,239,1,1.4716549430918953,1.5064480752054084,0.03125,0.041666666666666664,5,0
10000,14992,1.4890515091486518,0.7273692532946132,0.036458333333333294,0.031816969050160085,1.0,1,1,239,2,1.4716549430918953,1.5064480752054084,0.03125,0.041666666666666664,5,0
10000,14976,1.4890515091486518,0.7273692532946132,0.036458333333333294,0.033720619658119656,1.0,0,1,239,3,1.4716549430918953,1.5064480752054084,0.03125,0.041666666666666664,5,0
10000,14922,1.4890515091486518,0.7273692532946132,0.036458333333333294,0.033440557566009915,1.0,0,1,239,4,1.4716549430918953,1.5064480752054084,0.03125,0.041666666666666664,5,0
10000,14950,1.4890515091486518,0.7273692532946132,0.036458333333333294,0.031103678929765885,1.0,0,1,239,5,1.4716549430918953,1.5064480752054084,0.03125,0.041666666666666664,5,0
10000,15036,1.4890515091486518,0.7273692532946132,0.036458333333333294,0.032854482575152964,1.0,0,1,239,6,1.4716549430918953,1.5064480752054084,0.03125,0.041666666666666664,5,0
10000,14936,1.4890515091486518,0.7273692532946132,0.036458333333333294,0.03233797536154258,1.0,0,1,239,7,1.4716549430918953,1.5064480752054084,0.03125,0.041666666666666664,5,0
10000,15031,1.4890515091486518,0.7273692532946132,0.036458333333333294,0.03512740336637615,1.0,1,1,239,8,1.4716549430918953,1.5064480752054084,0.03125,0.041666666666666664,5,0
10000,14704,1.4890515091486518,0.7273692532946132,0.036458333333333294,0.0346164309031556,1.0,0,1,239,9,1.4716549430918953,1.5064480752054084,0.03125,0.041666666666666664,5,0
10000,15034,1.523844641262165,0.693743699494332,0.026041666666666703,0.032858853265930556,1.0,0,1,240,0,1.5064480752054084,1.5412412073189214,0.020833333333333332,0.03125,5,1
10000,15329,1.523844641262165,0.693743699494332,0.026041666666666703,0.03209602713810425,1.0,0,1,240,1,1.5064480752054084,1.5412412073189214,0.020833333333333332,0.03125,5,1
10000,15184,1.523844641262165,0.693743699494332,0.026041666666666703,0.03385142255005269,1.0,0,1,240,2,1.5064480752054084,1.5412412073189214,0.020833333333333332,0.03125,5,1
10000,15155,1.523844641262165,0.693743699494332,0.026041666666666703,0.033388320686242166,1.0,0,1,240,3,1.5064480752054084,1.5412412073189214,0.020833333333333332,0.03125,5,1
10000,15339,1.523844641262165,0.693743699494332,0.026041666666666703,0.03383532172892627,1.0,0,1,240,4,1.5064480752054084,1.5412412073189214,0.020833333333333332,0.03125,5,1
10000,15139,1.523844641262165,0.693743699494332,0.026041666666666703,0.031838298434506904,1.0,0,1,240,5,1.5064480752054084,1.5412412073189214,0.020833333333333332,0.03125,5,1
10000,15153,1.523844641262165,0.693743699494332,0.026041666666666703,0.03444862403484458,1.0,0,1,240,6,1.5064480752054084,1.5412412073189214,0.020833333333333332,0.03125,5,1
10000,15070,1.523844641262165,0.693743699494332,0.026041666666666703,0.033775713337757134,1.0,0,1,240,7,1.5064480752054084,1.5412412073189214,0.020833333333333332,0.03125,5,1
10000,14976,1.523844641262165,0.693743699494332,0.026041666666666703,0.03378739316239316,1.0,0,1,240,8,1.5064480752054084,1.5412412073189214,0.020833333333333332,0.03125,5,1
10000,15236,1.523844641262165,0.693743699494332,0.026041666666666703,0.03314518246258861,1.0,0,1,240,9,1.5064480752054084,1.5412412073189214,0.020833333333333332,0.03125,5,1
10000,15150,1.523844641262165,0.693743699494332,0.026041666666666703,0.033861386138613864,1.0,0,1,240,10,1.5064480752054084,1.5412412073189214,0.020833333333333332,0.03125,5,1
10000,15429,1.523844641262165,0.693743699494332,0.026041666666666703,0.03357314148681055,1.0,0,1,240,11,1.5064480752054084,1.5412412073189214,0.020833333333333332,0.03125,5,1
10000,15172,1.523844641262165,0.693743699494332,0.026041666666666703,0.03203269180068547,1.0,0,1,240,12,1.5064480752054084,1.5412412073189214,0.020833333333333332,0.03125,5,1
10000,15261,1.523844641262165,0.693743699494332,0.026041666666666703,0.03250114671384575,1.0,0,1,240,13,1.5064480752054084,1.5412412073189214,0.020833333333333332,0.03125,5,1
10000,15174,1.523844641262165,0.693743699494332,0.026041666666666703,0.03446685119282984,1.0,0,1,240,14,1.5064480752054084,1.5412412073189214,0.020833333333333332,0.03125,5,1
10000,15266,1.523844641262165,0.693743699494332,0.026041666666666703,0.03386610769029215,1.0,0,1,240,15,1.5064480752054084,1.5412412073189214,0.020833333333333332,0.03125,5,1
10000,15486,1.523844641262165,0.693743699494332,0.026041666666666703,0.03467648198372724,1.0,0,1,240,16,1.5064480752054084,1.5412412073189214,0.020833333333333332,0.03125,5,1
10000,14984,1.523844641262165,0.693743699494332,0.026041666666666703,0.03503737319807795,1.0,0,1,240,17,1.5064480752054084,1.5412412073189214,0.020833333333333332,0.03125,5,1
10000,15160,1.523844641262165,0.693743699494332,0.026041666666666703,0.03087071240105541,1.0,0,1,240,18,1.5064480752054084,1.5412412073189214,0.020833333333333332,0.03125,5,1
10000,14978,1.523844641262165,0.693743699494332,0.026041666666666703,0.036253171317932965,1.0,0,1,240,19,1.5064480752054084,1.5412412073189214,0.020833333333333332,0.03125,5,1
10000,15271,1.523844641262165,0.7273692532946132,0.036458333333333294,0.03162857704145112,1.0,1,1,241,0,1.5064480752054084,1.5412412073189214,0.03125,0.041666666666666664,5,0
10000,15187,1.523844641262165,0.7273692532946132,0.036458333333333294,0.03410811878580365,1.0,0,1,241,1,1.5064480752054084,1.5412412073189214,0.03125,0.041666666666666664,5,0
10000,15190,1.523844641262165,0.7273692532946132,0.036458333333333294,0.031073074391046743,1.0,1,1,241,2,1.5064480752054084,1.5412412073189214,0.03125,0.041666666666666664,5,0
10000,15202,1.523844641262165,0.7273692532946132,0.036458333333333294,0.03295618997500329,1.0,0,1,241,3,1.5064480752054084,1.5412412073189214,0.03125,0.041666666666666664,5,0
10000,15149,1.523844641262165,0.7273692532946132,0.036458333333333294,0.03577793913789689,1.0,0,1,241,4,1.5064480752054084,1.5412412073189214,0.03125,0.041666666666666664,5,0
10000,15382,1.523844641262165,0.7273692532946132,0.036458333333333294,0.031010271746196853,1.0,1,1,241,5,1.5064480752054084,1.5412412073189214,0.03125,0.041666666666666664,5,0
10000,15291,1.523844641262165,0.7273692532946132,0.036458333333333294,0.035707278791445946,1.0,1,1,241,6,1.5064480752054084,1.5412412073189214,0.03125,0.041666666666666664,5,0
10000,15506,1.523844641262165,0.7273692532946132,0.036458333333333294,0.033664387978846896,1.0,1,1,241,7,1.5064480752054084,1.5412412073189214,0.03125,0.041666666666666664,5,0
10000,15164,1.523844641262165,0.7273692532946132,0.036458333333333294,0.03455552624637299,1.0,0,1,241,8,1.5064480752054084,1.5412412073189214,0.03125,0.041666666666666664,5,0
10000,15319,1.523844641262165,0.7273692532946132,0.036458333333333294,0.0329003198642209,1.0,1,1,241,9,1.5064480752054084,1.5412412073189214,0.03125,0.041666666666666664,5,0
10000,15702,1.5760343394324345,0.6240195927061527,0.010416666666666666,0.03400840657241116,1.0,0,0,242,0,1.5412412073189214,1.6108274715459476,0.0,0.020833333333333332,4,0
10000,15766,1.5760343394324345,0.6240195927061527,0.010416666666666666,0.033553215780794114,1.0,0,0,242,1,1.5412412073189214,1.6108274715459476,0.0,0.020833333333333332,4,0
10000,15879,1.5760343394324345,0.6240195927061527,0.010416666666666666,0.032432772844637574,1.0,0,0,242,2,1.5412412073189214,1.6108274715459476,0.0,0.020833333333333332,4,0
10000,15681,1.5760343394324345,0.6240195927061527,0.010416666666666666,0.030227664052037497,1.0,0,0,242,3,1.5412412073189214,1.6108274715459476,0.0,0.020833333333333332,4,0
10000,15953,1.5760343394324345,0.6240195927061527,0.010416666666666666,0.03297185482354416,1.0,0,0,242,4,1.5412412073189214,1.6108274715459476,0.0,0.020833333333333332,4,0
10000,15945,1.5760343394324345,0.6240195927061527,0.010416666666666666,0.03374098463468172,1.0,0,0,242,5,1.5412412073189214,1.6108274715459476,0.0,0.020833333333333332,4,0
10000,15767,1.5760343394324345,0.6240195927061527,0.010416666666666666,0.03520010147777003,1.0,0,0,242,6,1.5412412073189214,1.6108274715459476,0.0,0.020833333333333332,4,0
10000,15725,1.5760343394324345,0.6240195927061527,0.010416666666666666,0.03351351351351351,1.0,0,0,242,7,1.5412412073189214,1.6108274715459476,0.0,0.020833333333333332,4,0
10000,15739,1.5760343394324345,0.6240195927061527,0.010416666666666666,0.03335663002732067,1.0,0,0,242,8,1.5412412073189214,1.6108274715459476,0.0,0.020833333333333332,4,0
10000,15753,1.5760343394324345,0.6240195927061527,0.010416666666666666,0.03212086586681902,1.0,0,0,242,9,1.5412412073189214,1.6108274715459476,0.0,0.020833333333333332,4,0
10000,15588,1.558637773375678,0.693743699494332,0.026041666666666703,0.03483448806774442,1.0,0,1,243,0,1.5412412073189214,1.5760343394324345,0.020833333333333332,0.03125,5,1
10000,15524,1.558637773375678,0.693743699494332,0.026041666666666703,0.03330327235248647,1.0,0,1,243,1,1.5412412073189214,1.5760343394324345,0.020833333333333332,0.03125,5,1
10000,15600,1.558637773375678,0.693743699494332,0.026041666666666703,0.03294871794871795,1.0,0,1,243,2,1.5412412073189214,1.5760343394324345,0.020833333333333332,0.03125,5,1
10000,15879,1.558637773375678,0.693743699494332,0.026041666666666703,0.032558725360539074,1.0,0,1,243,3,1.5412412073189214,1.5760343394324345,0.020833333333333332,0.03125,5,1
10000,15489,1.558637773375678,0.693743699494332,0.026041666666666703,0.03505713732326167,1.0,0,1,243,4,1.5412412073189214,1.5760343394324345,0.020833333333333332,0.03125,5,1
10000,15789,1.558637773375678,0.693743699494332,0.026041666666666703,0.03312432706314523,1.0,0,1,243,5,1.5412412073189214,1.5760343394324345,0.020833333333333332,0.03125,5,1
10000,15598,1.558637773375678,0.693743699494332,0.026041666666666703,0.031350173099115274,1.0,0,1,243,6,1.5412412073189214,1.5760343394324345,0.020833333333333332,0.03125,5,1
10000,15619,1.558637773375678,0.693743699494332,0.026041666666666703,0.03156412062231897,1.0,0,1,243,7,1.5412412073189214,1.5760343394324345,0.020833333333333332,0.03125,5,1
10000,15698,1.558637773375678,0.693743699494332,0.026041666666666703,0.03344375079627978,1.0,0,1,243,8,1.5412412073189214,1.5760343394324345,0.020833333333333332,0.03125,5,1
10000,15560,1.558637773375678,0.693743699494332,0.026041666666666703,0.033997429305912596,1.0,0,1,243,9,1.5412412073189214,1.5760343394324345,0.020833333333333332,0.03125,5,1
10000,15629,1.558637773375678,0.693743699494332,0.026041666666666703,0.03365538422163926,1.0,0,1,243,10,1.5412412073189214,1.5760343394324345,0.020833333333333332,0.03125,5,1
10000,15513,1.558637773375678,0.693743699494332,0.026041666666666703,0.032166569973570557,1.0,0,1,243,11,1.5412412073189214,1.5760343394324345,0.020833333333333332,0.03125,5,1
10000,15814,1.558637773375678,0.693743699494332,0.026041666666666703,0.03300872644492222,1.0,0,1,243,12,1.5412412073189214,1.5760343394324345,0.020833333333333332,0.03125,5,1
10000,15596,1.558637773375678,0.693743699494332,0.026041666666666703,0.0325083354706335,1.0,0,1,243,13,1.5412412073189214,1.5760343394324345,0.020833333333333332,0.03125,5,1
10000,15571,1.558637773375678,0.693743699494332,0.026041666666666703,0.03281741699312825,1.0,0,1,243,14,1.5412412073189214,1.5760343394324345,0.020833333333333332,0.03125,5,1
10000,15684,1.558637773375678,0.693743699494332,0.026041666666666703,0.03309104820198929,1.0,0,1,243,15,1.5412412073189214,1.5760343394324345,0.020833333333333332,0.03125,5,1
10000,15495,1.558637773375678,0.693743699494332,0.026041666666666703,0.03355921264924169,1.0,0,1,243,16,1.5412412073189214,1.5760343394324345,0.020833333333333332,0.03125,5,1
10000,15608,1.558637773375678,0.693743699494332,0.026041666666666703,0.03344438749359303,1.0,0,1,243,17,1.5412412073189214,1.5760343394324345,0.020833333333333332,0.03125,5,1
10000,15548,1.558637773375678,0.693743699494332,0.026041666666666703,0.03299459737586828,1.0,0,1,243,18,1.5412412073189214,1.5760343394324345,0.020833333333333332,0.03125,5,1
10000,15720,1.558637773375678,0.693743699494332,0.026041666666666703,0.0339058524173028,1.0,0,1,243,19,1.5412412073189214,1.5760343394324345,0.020833333333333332,0.03125,5,1
10000,15588,1.558637773375678,0.7273692532946132,0.036458333333333294,0.033102386451116246,1.0,0,1,244,0,1.5412412073189214,1.5760343394324345,0.03125,0.041666666666666664,5,0
10000,15623,1.558637773375678,0.7273692532946132,0.036458333333333294,0.03206810471740383,1.0,1,1,244,1,1.5412412073189214,1.5760343394324345,0.03125,0.041666666666666664,5,0
10000,15811,1.558637773375678,0.7273692532946132,0.036458333333333294,0.034279931693125036,1.0,1,1,244,2,1.5412412073189214,1.5760343394324345,0.03125,0.041666666666666664,5,0
10000,15656,1.558637773375678,0.7273692532946132,0.036458333333333294,0.03302248339294839,1.0,0,1,244,3,1.5412412073189214,1.5760343394324345,0.03125,0.041666666666666664,5,0
10000,15795,1.558637773375678,0.7273692532946132,0.036458333333333294,0.0319721430832542,1.0,1,1,244,4,1.5412412073189214,1.5760343394324345,0.03125,0.041666666666666664,5,0
10000,15660,1.558637773375678,0.7273692532946132,0.036458333333333294,0.03231162196679438,1.0,1,1,244,5,1.5412412073189214,1.5760343394324345,0.03125,0.041666666666666664,5,0
10000,15619,1.558637773375678,0.7273692532946132,0.036458333333333294,0.033100710672898395,1.0,1,1,244,6,1.5412412073189214,1.5760343394324345,0.03125,0.041666666666666664,5,0
10000,15448,1.558637773375678,0.7273692532946132,0.036458333333333294,0.03133091662351113,1.0,1,1,244,7,1.5412412073189214,1.5760343394324345,0.03125,0.041666666666666664,5,0
10000,15764,1.558637773375678,0.7273692532946132,0.036458333333333294,0.0311469170261355,1.0,1,1,244,8,1.5412412073189214,1.5760343394324345,0.03125,0.041666666666666664,5,0
10000,15405,1.558637773375678,0.7273692532946132,0.036458333333333294,0.032067510548523206,1.0,1,1,244,9,1.5412412073189214,1.5760343394324345,0.03125,0.041666666666666664,5,0
10000,15776,1.593430905489191,0.693743699494332,0.026041666666666703,0.034799695740365115,1.0,0,1,245,0,1.5760343394324345,1.6108274715459476,0.020833333333333332,0.03125,5,1
10000,15773,1.593430905489191,0.693743699494332,0.026041666666666703,0.03398212134660496,1.0,0,1,245,1,1.5760343394324345,1.6108274715459476,0.020833333333333332,0.03125,5,1
10000,15832,1.593430905489191,0.693743699494332,0.026041666666666703,0.03215007579585649,1.0,0,0,245,2,1.5760343394324345,1.6108274715459476,0.020833333333333332,0.03125,5,1
10000,15857,1.593430905489191,0.693743699494332,0.026041666666666703,0.03500031531815602,1.0,0,1,245,3,1.5760343394324345,1.6108274715459476,0.020833333333333332,0.03125,5,1
10000,16211,1.593430905489191,0.693743699494332,0.026041666666666703,0.03207698476343224,1.0,0,1,245,4,1.5760343394324345,1.6108274715459476,0.020833333333333332,0.03125,5,1
10000,16239,1.593430905489191,0.693743699494332,0.026041666666666703,0.03374592031529035,1.0,0,1,245,5,1.5760343394324345,1.6108274715459476,0.020833333333333332,0.03125,5,1
10000,15808,1.593430905489191,0.693743699494332,0.026041666666666703,0.03479251012145749,1.0,0,1,245,6,1.5760343394324345,1.6108274715459476,0.020833333333333332,0.03125,5,1
10000,15900,1.593430905489191,0.693743699494332,0.026041666666666703,0.03264150943396226,1.0,0,1,245,7,1.5760343394324345,1.6108274715459476,0.020833333333333332,0.03125,5,1
10000,15854,1.593430905489191,0.693743699494332,0.026041666666666703,0.03595307177999243,1.0,0,1,245,8,1.5760343394324345,1.6108274715459476,0.020833333333333332,0.03125,5,1
10000,15960,1.593430905489191,0.693743699494332,0.026041666666666703,0.03276942355889724,1.0,0,1,245,9,1.5760343394324345,1.6108274715459476,0.020833333333333332,0.03125,5,1
10000,15960,1.593430905489191,0.693743699494332,0.026041666666666703,0.032330827067669175,1.0,0,1,245,10,1.5760343394324345,1.6108274715459476,0.020833333333333332,0.03125,5,1
10000,16121,1.593430905489191,0.693743699494332,0.026041666666666703,0.03343465045592705,1.0,0,0,245,11,1.5760343394324345,1.6108274715459476,0.020833333333333332,0.03125,5,1
10000,15781,1.593430905489191,0.693743699494332,0.026041666666666703,0.03383815981243267,1.0,0,1,245,12,1.5760343394324345,1.6108274715459476,0.020833333333333332,0.03125,5,1
10000,15895,1.593430905489191,0.693743699494332,0.026041666666666703,0.03416168606480025,1.0,1,1,245,13,1.5760343394324345,1.6108274715459476,0.020833333333333332,0.03125,5,1
10000,15927,1.593430905489191,0.693743699494332,0.026041666666666703,0.032335028567840776,1.0,0,1,245,14,1.5760343394324345,1.6108274715459476,0.020833333333333332,0.03125,5,1
10000,15793,1.593430905489191,0.693743699494332,0.026041666666666703,0.03317925663268537,1.0,0,1,245,15,1.5760343394324345,1.6108274715459476,0.020833333333333332,0.03125,5,1
10000,15847,1.593430905489191,0.693743699494332,0.026041666666666703,0.03609515996718622,1.0,0,1,245,16,1.5760343394324345,1.6108274715459476,0.020833333333333332,0.03125,5,1
10000,16008,1.593430905489191,0.693743699494332,0.026041666666666703,0.03467016491754123,1.0,0,1,245,17,1.5760343394324345,1.6108274715459476,0.020833333333333332,0.03125,5,1
10000,15990,1.593430905489191,0.693743699494332,0.026041666666666703,0.032020012507817386,1.0,0,1,245,18,1.5760343394324345,1.6108274715459476,0.020833333333333332,0.03125,5,1
10000,15850,1.593430905489191,0.693743699494332,0.026041666666666703,0.033753943217665616,1.0,0,1,245,19,1.5760343394324345,1.6108274715459476,0.020833333333333332,0.03125,5,1
10000,15945,1.593430905489191,0.7273692532946132,0.036458333333333294,0.03493258074631546,1.0,1,1,246,0,1.5760343394324345,1.6108274715459476,0.03125,0.041666666666666664,5,0
10000,15915,1.593430905489191,0.7273692532946132,0.036458333333333294,0.03147973609802074,1.0,0,1,246,1,1.5760343394324345,1.6108274715459476,0.03125,0.041666666666666664,5,0
10000,15999,1.593430905489191,0.7273692532946132,0.036458333333333294,0.031126945434089632,1.0,1,1,246,2,1.5760343394324345,1.6108274715459476,0.03125,0.041666666666666664,5,0
10000,16258,1.593430905489191,0.7273692532946132,0.036458333333333294,0.03204576208635748,1.0,1,1,246,3,1.5760343394324345,1.6108274715459476,0.03125,0.041666666666666664,5,0
10000,16057,1.593430905489191,0.7273692532946132,0.036458333333333294,0.03400386124431712,1.0,1,1,246,4,1.5760343394324345,1.6108274715459476,0.03125,0.041666666666666664,5,0
10000,16077,1.593430905489191,0.7273692532946132,0.036458333333333294,0.03284194812465012,1.0,0,1,246,5,1.5760343394324345,1.6108274715459476,0.03125,0.041666666666666664,5,0
10000,15942,1.593430905489191,0.7273692532946132,0.036458333333333294,0.03343369715217664,1.0,1,1,246,6,1.5760343394324345,1.6108274715459476,0.03125,0.041666666666666664,5,0
10000,16206,1.593430905489191,0.7273692532946132,0.036458333333333294,0.03159323707268913,1.0,1,1,246,7,1.5760343394324345,1.6108274715459476,0.03125,0.041666666666666664,5,0
10000,15951,1.593430905489191,0.7273692532946132,0.036458333333333294,0.03253714500658266,1.0,0,1,246,8,1.5760343394324345,1.6108274715459476,0.03125,0.041666666666666664,5,0
10000,16055,1.593430905489191,0.7273692532946132,0.036458333333333294,0.03270009342883837,1.0,1,1,246,9,1.5760343394324345,1.6108274715459476,0.03125,0.041666666666666664,5,0
10000,15315,1.5412412073189214,0.7914805954090255,0.0625,0.030035912504080966,1.0,1,1,247,0,1.4716549430918953,1.6108274715459476,0.041666666666666664,0.08333333333333333,3,0
10000,15398,1.5412412073189214,0.7914805954090255,0.0625,0.03097804909728536,1.0,1,1,247,1,1.4716549430918953,1.6108274715459476,0.041666666666666664,0.08333333333333333,3,0
10000,15356,1.5412412073189214,0.7914805954090255,0.0625,0.0316488668924199,1.0,1,1,247,2,1.4716549430918953,1.6108274715459476,0.041666666666666664,0.08333333333333333,3,0
10000,15480,1.5412412073189214,0.7914805954090255,0.0625,0.0315891472868217,1.0,1,1,247,3,1.4716549430918953,1.6108274715459476,0.041666666666666664,0.08333333333333333,3,0
10000,15346,1.5412412073189214,0.7914805954090255,0.0625,0.03368956079760198,1.0,1,1,247,4,1.4716549430918953,1.6108274715459476,0.041666666666666664,0.08333333333333333,3,0
10000,15700,1.5412412073189214,0.7914805954090255,0.0625,0.033885350318471334,1.0,1,1,247,5,1.4716549430918953,1.6108274715459476,0.041666666666666664,0.08333333333333333,3,0
10000,15262,1.5412412073189214,0.7914805954090255,0.0625,0.03466125016380553,1.0,1,1,247,6,1.4716549430918953,1.6108274715459476,0.041666666666666664,0.08333333333333333,3,0
10000,15230,1.5412412073189214,0.7914805954090255,0.0625,0.03309258043335522,1.0,1,1,247,7,1.4716549430918953,1.6108274715459476,0.041666666666666664,0.08333333333333333,3,0
10000,15295,1.5412412073189214,0.7914805954090255,0.0625,0.035959463877084014,1.0,1,1,247,8,1.4716549430918953,1.6108274715459476,0.041666666666666664,0.08333333333333333,3,0
10000,15588,1.5412412073189214,0.7914805954090255,0.0625,0.033936361303566843,1.0,1,1,247,9,1.4716549430918953,1.6108274715459476,0.041666666666666664,0.08333333333333333,3,0
10000,16490,1.6456206036594607,0.6240195927061527,0.010416666666666666,0.03529411764705882,1.0,0,0,248,0,1.6108274715459476,1.6804137357729738,0.0,0.020833333333333332,4,0
10000,16379,1.6456206036594607,0.6240195927061527,0.010416666666666666,0.03162586238476098,1.0,0,0,248,1,1.6108274715459476,1.6804137357729738,0.0,0.020833333333333332,4,0
10000,16417,1.6456206036594607,0.6240195927061527,0.010416666666666666,0.03277090820490954,1.0,0,0,248,2,1.6108274715459476,1.6804137357729738,0.0,0.020833333333333332,4,0
10000,16639,1.6456206036594607,0.6240195927061527,0.010416666666666666,0.03281447202355911,1.0,0,0,248,3,1.6108274715459476,1.6804137357729738,0.0,0.020833333333333332,4,0
10000,16404,1.6456206036594607,0.6240195927061527,0.010416666666666666,0.03383321141185077,1.0,0,0,248,4,1.6108274715459476,1.6804137357729738,0.0,0.020833333333333332,4,0
10000,16268,1.6456206036594607,0.6240195927061527,0.010416666666666666,0.032271944922547334,1.0,0,0,248,5,1.6108274715459476,1.6804137357729738,0.0,0.020833333333333332,4,0
10000,16235,1.6456206036594607,0.6240195927061527,0.010416666666666666,0.033569448721897134,1.0,0,0,248,6,1.6108274715459476,1.6804137357729738,0.0,0.020833333333333332,4,0
10000,16398,1.6456206036594607,0.6240195927061527,0.010416666666666666,0.03415050615928772,1.0,0,0,248,7,1.6108274715459476,1.6804137357729738,0.0,0.020833333333333332,4,0
10000,16557,1.6456206036594607,0.6240195927061527,0.010416666666666666,0.032554206679954095,1.0,0,0,248,8,1.6108274715459476,1.6804137357729738,0.0,0.020833333333333332,4,0
10000,16392,1.6456206036594607,0.6240195927061527,0.010416666666666666,0.03208882381649585,1.0,0,0,248,9,1.6108274715459476,1.6804137357729738,0.0,0.020833333333333332,4,0
10000,16340,1.6282240376027042,0.693743699494332,0.026041666666666703,0.031150550795593635,1.0,0,1,249,0,1.6108274715459476,1.6456206036594607,0.020833333333333332,0.03125,5,1
10000,16210,1.6282240376027042,0.693743699494332,0.026041666666666703,0.032449105490438,1.0,0,1,249,1,1.6108274715459476,1.6456206036594607,0.020833333333333332,0.03125,5,1
10000,16411,1.6282240376027042,0.693743699494332,0.026041666666666703,0.03296569374200232,1.0,0,1,249,2,1.6108274715459476,1.6456206036594607,0.020833333333333332,0.03125,5,1
10000,16148,1.6282240376027042,0.693743699494332,0.026041666666666703,0.03412187267773099,1.0,0,1,249,3,1.6108274715459476,1.6456206036594607,0.020833333333333332,0.03125,5,1
10000,15931,1.6282240376027042,0.693743699494332,0.026041666666666703,0.03389617726445295,1.0,0,1,249,4,1.6108274715459476,1.6456206036594607,0.020833333333333332,0.03125,5,1
10000,16315,1.6282240376027042,0.693743699494332,0.026041666666666703,0.03181121667177444,1.0,0,1,249,5,1.6108274715459476,1.6456206036594607,0.020833333333333332,0.03125,5,1
10000,15919,1.6282240376027042,0.693743699494332,0.026041666666666703,0.029901375714554933,1.0,0,1,249,6,1.6108274715459476,1.6456206036594607,0.020833333333333332,0.03125,5,1
10000,16260,1.6282240376027042,0.693743699494332,0.026041666666666703,0.033148831488314885,1.0,0,1,249,7,1.6108274715459476,1.6456206036594607,0.020833333333333332,0.03125,5,1
10000,16310,1.6282240376027042,0.693743699494332,0.026041666666666703,0.034028203556100554,1.0,0,1,249,8,1.6108274715459476,1.6456206036594607,0.020833333333333332,0.03125,5,1
10000,16343,1.6282240376027042,0.693743699494332,0.026041666666666703,0.033837116808419505,1.0,0,1,249,9,1.6108274715459476,1.6456206036594607,0.020833333333333332,0.03125,5,1
10000,16072,1.6282240376027042,0.693743699494332,0.026041666666666703,0.030425584868093578,1.0,0,1,249,10,1.6108274715459476,1.6456206036594607,0.020833333333333332,0.03125,5,1
10000,16344,1.6282240376027042,0.693743699494332,0.026041666666666703,0.03365149290259423,1.0,0,1,249,11,1.6108274715459476,1.6456206036594607,0.020833333333333332,0.03125,5,1
10000,16445,1.6282240376027042,0.693743699494332,0.026041666666666703,0.03374885983581636,1.0,0,1,249,12,1.6108274715459476,1.6456206036594607,0.020833333333333332,0.03125,5,1
10000,16280,1.6282240376027042,0.693743699494332,0.026041666666666703,0.03445945945945946,1.0,0,1,249,13,1.6108274715459476,1.6456206036594607,0.020833333333333332,0.03125,5,1
10000,16179,1.6282240376027042,0.693743699494332,0.026041666666666703,0.0313987267445454,1.0,0,1,249,14,1.6108274715459476,1.6456206036594607,0.020833333333333332,0.03125,5,1
10000,16156,1.6282240376027042,0.693743699494332,0.026041666666666703,0.03119584055459272,1.0,0,1,249,15,1.6108274715459476,1.6456206036594607,0.020833333333333332,0.03125,5,1
10000,16350,1.6282240376027042,0.693743699494332,0.026041666666666703,0.031804281345565746,1.0,0,1,249,16,1.6108274715459476,1.6456206036594607,0.020833333333333332,0.03125,5,1
10000,16278,1.6282240376027042,0.693743699494332,0.026041666666666703,0.03206782159970512,1.0,0,1,249,17,1.6108274715459476,1.6456206036594607,0.020833333333333332,0.03125,5,1
10000,16328,1.6282240376027042,0.693743699494332,0.026041666666666703,0.035276825085742286,1.0,0,1,249,18,1.6108274715459476,1.6456206036594607,0.020833333333333332,0.03125,5,1
10000,16205,1.6282240376027042,0.693743699494332,0.026041666666666703,0.0343721073742672,1.0,0,1,249,19,1.6108274715459476,1.6456206036594607,0.020833333333333332,0.03125,5,1
10000,16142,1.6282240376027042,0.7273692532946132,0.036458333333333294,0.034506256969396604,1.0,0,1,250,0,1.6108274715459476,1.6456206036594607,0.03125,0.041666666666666664,5,0
10000,16134,1.6282240376027042,0.7273692532946132,0.036458333333333294,0.03353167224494855,1.0,0,1,250,1,1.6108274715459476,1.6456206036594607,0.03125,0.041666666666666664,5,0
10000,16176,1.6282240376027042,0.7273692532946132,0.036458333333333294,0.032826409495548964,1.0,1,1,250,2,1.6108274715459476,1.6456206036594607,0.03125,0.041666666666666664,5,0
10000,16309,1.6282240376027042,0.7273692532946132,0.036458333333333294,0.03188423569808081,1.0,0,1,250,3,1.6108274715459476,1.6456206036594607,0.03125,0.041666666666666664,5,0
10000,16073,1.6282240376027042,0.7273692532946132,0.036458333333333294,0.031605798544142354,1.0,1,1,250,4,1.6108274715459476,1.6456206036594607,0.03125,0.041666666666666664,5,0
10000,16287,1.6282240376027042,0.7273692532946132,0.036458333333333294,0.03131331736968134,1.0,1,1,250,5,1.6108274715459476,1.6456206036594607,0.03125,0.041666666666666664,5,0
10000,16295,1.6282240376027042,0.7273692532946132,0.036458333333333294,0.03455047560601412,1.0,0,1,250,6,1.6108274715459476,1.6456206036594607,0.03125,0.041666666666666664,5,0
10000,16390,1.6282240376027042,0.7273692532946132,0.036458333333333294,0.03337400854179378,1.0,1,1,250,7,1.6108274715459476,1.6456206036594607,0.03125,0.041666666666666664,5,0
10000,16186,1.6282240376027042,0.7273692532946132,0.036458333333333294,0.030829111577906833,1.0,1,1,250,8,1.6108274715459476,1.6456206036594607,0.03125,0.041666666666666664,5,0
10000,16225,1.6282240376027042,0.7273692532946132,0.036458333333333294,0.031248073959938366,1.0,0,1,250,9,1.6108274715459476,1.6456206036594607,0.03125,0.041666666666666664,5,0
10000,16511,1.6630171697162173,0.693743699494332,0.026041666666666703,0.03458300526921446,1.0,0,1,251,0,1.6456206036594607,1.6804137357729738,0.020833333333333332,0.03125,5,1
10000,16722,1.6630171697162173,0.693743699494332,0.026041666666666703,0.03336921420882669,1.0,0,1,251,1,1.6456206036594607,1.6804137357729738,0.020833333333333332,0.03125,5,1
10000,16707,1.6630171697162173,0.693743699494332,0.026041666666666703,0.035015263063386606,1.0,0,1,251,2,1.6456206036594607,1.6804137357729738,0.020833333333333332,0.03125,5,1
10000,16730,1.6630171697162173,0.693743699494332,0.026041666666666703,0.036102809324566644,1.0,0,1,251,3,1.6456206036594607,1.6804137357729738,0.020833333333333332,0.03125,5,1
10000,16687,1.6630171697162173,0.693743699494332,0.026041666666666703,0.031341763049080124,1.0,0,1,251,4,1.6456206036594607,1.6804137357729738,0.020833333333333332,0.03125,5,1
10000,16625,1.6630171697162173,0.693743699494332,0.026041666666666703,0.03344360902255639,1.0,0,1,251,5,1.6456206036594607,1.6804137357729738,0.020833333333333332,0.03125,5,1
10000,16863,1.6630171697162173,0.693743699494332,0.026041666666666703,0.030955346023839175,1.0,0,1,251,6,1.6456206036594607,1.6804137357729738,0.020833333333333332,0.03125,5,1
10000,16311,1.6630171697162173,0.693743699494332,0.026041666666666703,0.032248176077493716,1.0,0,1,251,7,1.6456206036594607,1.6804137357729738,0.020833333333333332,0.03125,5,1
10000,16777,1.6630171697162173,0.693743699494332,0.026041666666666703,0.03194850092388389,1.0,0,1,251,8,1.6456206036594607,1.6804137357729738,0.020833333333333332,0.03125,5,1
10000,16523,1.6630171697162173,0.693743699494332,0.026041666666666703,0.03383162863886703,1.0,0,1,251,9,1.6456206036594607,1.6804137357729738,0.020833333333333332,0.03125,5,1
10000,16620,1.6630171697162173,0.693743699494332,0.026041666666666703,0.03393501805054152,1.0,0,1,251,10,1.6456206036594607,1.6804137357729738,0.020833333333333332,0.03125,5,1
10000,16627,1.6630171697162173,0.693743699494332,0.026041666666666703,0.03313887051181813,1.0,0,1,251,11,1.6456206036594607,1.6804137357729738,0.020833333333333332,0.03125,5,1
10000,16732,1.6630171697162173,0.693743699494332,0.026041666666666703,0.0328113793927803,1.0,0,1,251,12,1.6456206036594607,1.6804137357729738,0.020833333333333332,0.03125,5,1
10000,16699,1.6630171697162173,0.693743699494332,0.026041666666666703,0.031379124498472966,1.0,0,1,251,13,1.6456206036594607,1.6804137357729738,0.020833333333333332,0.03125,5,1
10000,16613,1.6630171697162173,0.693743699494332,0.026041666666666703,0.03142117618732318,1.0,0,1,251,14,1.6456206036594607,1.6804137357729738,0.020833333333333332,0.03125,5,1
10000,16677,1.6630171697162173,0.693743699494332,0.026041666666666703,0.033399292438688014,1.0,0,1,251,15,1.6456206036594607,1.6804137357729738,0.020833333333333332,0.03125,5,1
10000,16749,1.6630171697162173,0.693743699494332,0.026041666666666703,0.033434831930264496,1.0,0,1,251,16,1.6456206036594607,1.6804137357729738,0.020833333333333332,0.03125,5,1
10000,16508,1.6630171697162173,0.693743699494332,0.026041666666666703,0.032590259268233585,1.0,0,1,251,17,1.6456206036594607,1.6804137357729738,0.020833333333333332,0.03125,5,1
10000,16515,1.6630171697162173,0.693743699494332,0.026041666666666703,0.03227369058431729,1.0,0,1,251,18,1.6456206036594607,1.6804137357729738,0.020833333333333332,0.03125,5,1
10000,16781,1.6630171697162173,0.693743699494332,0.026041666666666703,0.03134497348191407,1.0,0,1,251,19,1.6456206036594607,1.6804137357729738,0.020833333333333332,0.03125,5,1
10000,17041,1.6630171697162173,0.7273692532946132,0.036458333333333294,0.03315533125990259,1.0,0,1,252,0,1.6456206036594607,1.6804137357729738,0.03125,0.041666666666666664,5,0
10000,16757,1.6630171697162173,0.7273692532946132,0.036458333333333294,0.03329951661992003,1.0,1,1,252,1,1.6456206036594607,1.6804137357729738,0.03125,0.041666666666666664,5,0
10000,16740,1.6630171697162173,0.7273692532946132,0.036458333333333294,0.03213859020310633,1.0,1,1,252,2,1.6456206036594607,1.6804137357729738,0.03125,0.041666666666666664,5,0
10000,16669,1.6630171697162173,0.7273692532946132,0.036458333333333294,0.03719479272901794,1.0,1,1,252,3,1.6456206036594607,1.6804137357729738,0.03125,0.041666666666666664,5,0
10000,16630,1.6630171697162173,0.7273692532946132,0.036458333333333294,0.03337342152736019,1.0,1,1,252,4,1.6456206036594607,1.6804137357729738,0.03125,0.041666666666666664,5,0
10000,16533,1.6630171697162173,0.7273692532946132,0.036458333333333294,0.033145829553015184,1.0,1,1,252,5,1.6456206036594607,1.6804137357729738,0.03125,0.041666666666666664,5,0
10000,16767,1.6630171697162173,0.7273692532946132,0.036458333333333294,0.033935707043597545,1.0,0,1,252,6,1.6456206036594607,1.6804137357729738,0.03125,0.041666666666666664,5,0
10000,16569,1.6630171697162173,0.7273692532946132,0.036458333333333294,0.0338584102842658,1.0,1,1,252,7,1.6456206036594607,1.6804137357729738,0.03125,0.041666666666666664,5,0
10000,16896,1.6630171697162173,0.7273692532946132,0.036458333333333294,0.03213778409090909,1.0,1,1,252,8,1.6456206036594607,1.6804137357729738,0.03125,0.041666666666666664,5,0
10000,16497,1.6630171697162173,0.7273692532946132,0.036458333333333294,0.030308540946838818,1.0,1,1,252,9,1.6456206036594607,1.6804137357729738,0.03125,0.041666666666666664,5,0
10000,16870,1.6978103018297304,0.58804240366863,0.005208333333333333,0.03289863663307647,1.0,0,0,253,0,1.6804137357729738,1.715206867886487,0.0,0.010416666666666666,5,0
10000,17048,1.6978103018297304,0.58804240366863,0.005208333333333333,0.03126466447677147,1.0,0,0,253,1,1.6804137357729738,1.715206867886487,0.0,0.010416666666666666,5,0
10000,16811,1.6978103018297304,0.58804240366863,0.005208333333333333,0.03337100707869847,1.0,0,0,253,2,1.6804137357729738,1.715206867886487,0.0,0.010416666666666666,5,0
10000,17101,1.6978103018297304,0.58804240366863,0.005208333333333333,0.03268814689199462,1.0,0,0,253,3,1.6804137357729738,1.715206867886487,0.0,0.010416666666666666,5,0
10000,17164,1.6978103018297304,0.58804240366863,0.005208333333333333,0.033383826613842926,1.0,0,0,253,4,1.6804137357729738,1.715206867886487,0.0,0.010416666666666666,5,0
10000,16936,1.6978103018297304,0.58804240366863,0.005208333333333333,0.03377420878601795,1.0,0,0,253,5,1.6804137357729738,1.715206867886487,0.0,0.010416666666666666,5,0
10000,16806,1.6978103018297304,0.58804240366863,0.005208333333333333,0.03397596096632155,1.0,0,0,253,6,1.6804137357729738,1.715206867886487,0.0,0.010416666666666666,5,0
10000,17067,1.6978103018297304,0.58804240366863,0.005208333333333333,0.0319915626647917,1.0,0,0,253,7,1.6804137357729738,1.715206867886487,0.0,0.010416666666666666,5,0
10000,16973,1.6978103018297304,0.58804240366863,0.005208333333333333,0.03417192010840747,1.0,0,0,253,8,1.6804137357729738,1.715206867886487,0.0,0.010416666666666666,5,0
10000,16976,1.6978103018297304,0.58804240366863,0.005208333333333333,0.03245758718190386,1.0,0,0,253,9,1.6804137357729738,1.715206867886487,0.0,0.010416666666666666,5,0
10000,16991,1.6978103018297304,0.6512884119612272,0.015625,0.03448884703666647,1.0,0,0,254,0,1.6804137357729738,1.715206867886487,0.010416666666666666,0.020833333333333332,5,1
10000,17022,1.6978103018297304,0.6512884119612272,0.015625,0.03501351192574315,1.0,0,0,254,1,1.6804137357729738,1.715206867886487,0.010416666666666666,0.020833333333333332,5,1
10000,16998,1.6978103018297304,0.6512884119612272,0.015625,0.03382750911871985,1.0,0,0,254,2,1.6804137357729738,1.715206867886487,0.010416666666666666,0.020833333333333332,5,1
10000,17030,1.6978103018297304,0.6512884119612272,0.015625,0.034174985320023485,1.0,0,0,254,3,1.6804137357729738,1.715206867886487,0.010416666666666666,0.020833333333333332,5,1
10000,16945,1.6978103018297304,0.6512884119612272,0.015625,0.03216287990557687,1.0,0,1,254,4,1.6804137357729738,1.715206867886487,0.010416666666666666,0.020833333333333332,5,1
10000,17073,1.6978103018297304,0.6512884119612272,0.015625,0.032917472031863175,1.0,0,1,254,5,1.6804137357729738,1.715206867886487,0.010416666666666666,0.020833333333333332,5,1
10000,16966,1.6978103018297304,0.6512884119612272,0.015625,0.03259460096663916,1.0,0,0,254,6,1.6804137357729738,1.715206867886487,0.010416666666666666,0.020833333333333332,5,1
10000,16818,1.6978103018297304,0.6512884119612272,0.015625,0.032584136044713996,1.0,0,1,254,7,1.6804137357729738,1.715206867886487,0.010416666666666666,0.020833333333333332,5,1
10000,16825,1.6978103018297304,0.6512884119612272,0.015625,0.03298662704309064,1.0,0,1,254,8,1.6804137357729738,1.715206867886487,0.010416666666666666,0.020833333333333332,5,1
10000,17111,1.6978103018297304,0.6512884119612272,0.015625,0.03348723043656127,1.0,0,1,254,9,1.6804137357729738,1.715206867886487,0.010416666666666666,0.020833333333333332,5,1
10000,17062,1.6978103018297304,0.6512884119612272,0.015625,0.03176649865197515,1.0,0,0,254,10,1.6804137357729738,1.715206867886487,0.010416666666666666,0.020833333333333332,5,1
10000,17017,1.6978103018297304,0.6512884119612272,0.015625,0.03190926720338485,1.0,0,0,254,11,1.6804137357729738,1.715206867886487,0.010416666666666666,0.020833333333333332,5,1
10000,16742,1.6978103018297304,0.6512884119612272,0.015625,0.03129853064150042,1.0,0,0,254,12,1.6804137357729738,1.715206867886487,0.010416666666666666,0.020833333333333332,5,1
10000,17111,1.6978103018297304,0.6512884119612272,0.015625,0.031675530360586755,1.0,0,1,254,13,1.6804137357729738,1.715206867886487,0.010416666666666666,0.020833333333333332,5,1
10000,16786,1.6978103018297304,0.6512884119612272,0.015625,0.032586679375670204,1.0,0,1,254,14,1.6804137357729738,1.715206867886487,0.010416666666666666,0.020833333333333332,5,1
10000,16649,1.6978103018297304,0.6512884119612272,0.015625,0.032614571445732474,1.0,0,0,254,15,1.6804137357729738,1.715206867886487,0.010416666666666666,0.020833333333333332,5,1
10000,17272,1.6978103018297304,0.6512884119612272,0.015625,0.0325382121352478,1.0,0,1,254,16,1.6804137357729738,1.715206867886487,0.010416666666666666,0.020833333333333332,5,1
10000,16939,1.6978103018297304,0.6512884119612272,0.015625,0.032410413837888896,1.0,0,0,254,17,1.6804137357729738,1.715206867886487,0.010416666666666666,0.020833333333333332,5,1
10000,17032,1.6978103018297304,0.6512884119612272,0.015625,0.03152888680131517,1.0,0,0,254,18,1.6804137357729738,1.715206867886487,0.010416666666666666,0.020833333333333332,5,1
10000,17003,1.6978103018297304,0.6512884119612272,0.015625,0.03564076927601011,1.0,0,0,254,19,1.6804137357729738,1.715206867886487,0.010416666666666666,0.020833333333333332,5,1
10000,17479,1.7326034339432435,0.58804240366863,0.005208333333333333,0.031924023113450425,1.0,0,0,255,0,1.715206867886487,1.75,0.0,0.010416666666666666,5,0
10000,17339,1.7326034339432435,0.58804240366863,0.005208333333333333,0.03327758232885403,1.0,0,0,255,1,1.715206867886487,1.75,0.0,0.010416666666666666,5,0
10000,17105,1.7326034339432435,0.58804240366863,0.005208333333333333,0.03308973984215142,1.0,0,0,255,2,1.715206867886487,1.75,0.0,0.010416666666666666,5,0
10000,17243,1.7326034339432435,0.58804240366863,0.005208333333333333,0.03439076726787682,1.0,0,0,255,3,1.715206867886487,1.75,0.0,0.010416666666666666,5,0
10000,17245,1.7326034339432435,0.58804240366863,0.005208333333333333,0.03235720498695274,1.0,0,0,255,4,1.715206867886487,1.75,0.0,0.010416666666666666,5,0
10000,17421,1.7326034339432435,0.58804240366863,0.005208333333333333,0.03340795591527467,1.0,0,0,255,5,1.715206867886487,1.75,0.0,0.010416666666666666,5,0
10000,17174,1.7326034339432435,0.58804240366863,0.005208333333333333,0.032374519622685456,1.0,0,0,255,6,1.715206867886487,1.75,0.0,0.010416666666666666,5,0
10000,17281,1.7326034339432435,0.58804240366863,0.005208333333333333,0.03425727677796424,1.0,0,0,255,7,1.715206867886487,1.75,0.0,0.010416666666666666,5,0
10000,17445,1.7326034339432435,0.58804240366863,0.005208333333333333,0.03416451705359702,1.0,0,0,255,8,1.715206867886487,1.75,0.0,0.010416666666666666,5,0
10000,17334,1.7326034339432435,0.58804240366863,0.005208333333333333,0.03236413984077535,1.0,0,0,255,9,1.715206867886487,1.75,0.0,0.010416666666666666,5,0
10000,17484,1.7326034339432435,0.6512884119612272,0.015625,0.03225806451612903,1.0,0,0,256,0,1.715206867886487,1.75,0.010416666666666666,0.020833333333333332,5,1
10000,17370,1.7326034339432435,0.6512884119612272,0.015625,0.033103051237766266,1.0,0,0,256,1,1.715206867886487,1.75,0.010416666666666666,0.020833333333333332,5,1
10000,17187,1.7326034339432435,0.6512884119612272,0.015625,0.03293186710886135,1.0,0,1,256,2,1.715206867886487,1.75,0.010416666666666666,0.020833333333333332,5,1
10000,17386,1.7326034339432435,0.6512884119612272,0.015625,0.03313010468192799,1.0,0,0,256,3,1.715206867886487,1.75,0.010416666666666666,0.020833333333333332,5,1
10000,17452,1.7326034339432435,0.6512884119612272,0.015625,0.0337497134998854,1.0,0,1,256,4,1.715206867886487,1.75,0.010416666666666666,0.020833333333333332,5,1
10000,17251,1.7326034339432435,0.6512884119612272,0.015625,0.03483856008347342,1.0,0,0,256,5,1.715206867886487,1.75,0.010416666666666666,0.020833333333333332,5,1
10000,17322,1.7326034339432435,0.6512884119612272,0.015625,0.0342916522341531,1.0,0,1,256,6,1.715206867886487,1.75,0.010416666666666666,0.020833333333333332,5,1
10000,17335,1.7326034339432435,0.6512884119612272,0.015625,0.03253533314104413,1.0,0,0,256,7,1.715206867886487,1.75,0.010416666666666666,0.020833333333333332,5,1
10000,17242,1.7326034339432435,0.6512884119612272,0.015625,0.03323280361906971,1.0,0,1,256,8,1.715206867886487,1.75,0.010416666666666666,0.020833333333333332,5,1
10000,17311,1.7326034339432435,0.6512884119612272,0.015625,0.03356247472705216,1.0,0,1,256,9,1.715206867886487,1.75,0.010416666666666666,0.020833333333333332,5,1
10000,17127,1.7326034339432435,0.6512884119612272,0.015625,0.03316401004262276,1.0,0,1,256,10,1.715206867886487,1.75,0.010416666666666666,0.020833333333333332,5,1
10000,17379,1.7326034339432435,0.6512884119612272,0.015625,0.0332009897002129,1.0,0,0,256,11,1.715206867886487,1.75,0.010416666666666666,0.020833333333333332,5,1
10000,17038,1.7326034339432435,0.6512884119612272,0.015625,0.03398286183824393,1.0,0,0,256,12,1.715206867886487,1.75,0.010416666666666666,0.020833333333333332,5,1
10000,17083,1.7326034339432435,0.6512884119612272,0.015625,0.03301527834689457,1.0,0,0,256,13,1.715206867886487,1.75,0.010416666666666666,0.020833333333333332,5,1
10000,17372,1.7326034339432435,0.6512884119612272,0.015625,0.03355975132396961,1.0,0,0,256,14,1.715206867886487,1.75,0.010416666666666666,0.020833333333333332,5,1
10000,17440,1.7326034339432435,0.6512884119612272,0.015625,0.032626146788990826,1.0,0,0,256,15,1.715206867886487,1.75,0.010416666666666666,0.020833333333333332,5,1
10000,17475,1.7326034339432435,0.6512884119612272,0.015625,0.03439198855507868,1.0,0,0,256,16,1.715206867886487,1.75,0.010416666666666666,0.020833333333333332,5,1
10000,17451,1.7326034339432435,0.6512884119612272,0.015625,0.03191794166523408,1.0,0,0,256,17,1.715206867886487,1.75,0.010416666666666666,0.020833333333333332,5,1
10000,17199,1.7326034339432435,0.6512884119612272,0.015625,0.03209488923774638,1.0,0,1,256,18,1.715206867886487,1.75,0.010416666666666666,0.020833333333333332,5,1
10000,17209,1.7326034339432435,0.6512884119612272,0.015625,0.03474925910860596,1.0,0,0,256,19,1.715206867886487,1.75,0.010416666666666666,0.020833333333333332,5,1
10000,16928,1.6978103018297304,0.693743699494332,0.026041666666666703,0.03225425330812855,1.0,0,1,257,0,1.6804137357729738,1.715206867886487,0.020833333333333332,0.03125,5,1
10000,16984,1.6978103018297304,0.693743699494332,0.026041666666666703,0.033737635421573244,1.0,0,1,257,1,1.6804137357729738,1.715206867886487,0.020833333333333332,0.03125,5,1
10000,16841,1.6978103018297304,0.693743699494332,0.026041666666666703,0.0331928032777151,1.0,0,1,257,2,1.6804137357729738,1.715206867886487,0.020833333333333332,0.03125,5,1
10000,17057,1.6978103018297304,0.693743699494332,0.026041666666666703,0.0310136600809052,1.0,0,1,257,3,1.6804137357729738,1.715206867886487,0.020833333333333332,0.03125,5,1
10000,16840,1.6978103018297304,0.693743699494332,0.026041666666666703,0.03194774346793349,1.0,0,1,257,4,1.6804137357729738,1.715206867886487,0.020833333333333332,0.03125,5,1
10000,16986,1.6978103018297304,0.693743699494332,0.026041666666666703,0.034145767102319556,1.0,0,1,257,5,1.6804137357729738,1.715206867886487,0.020833333333333332,0.03125,5,1
10000,17034,1.6978103018297304,0.693743699494332,0.026041666666666703,0.033168956205236584,1.0,0,1,257,6,1.6804137357729738,1.715206867886487,0.020833333333333332,0.03125,5,1
10000,16848,1.6978103018297304,0.693743699494332,0.026041666666666703,0.03507834757834758,1.0,0,1,257,7,1.6804137357729738,1.715206867886487,0.020833333333333332,0.03125,5,1
10000,16938,1.6978103018297304,0.693743699494332,0.026041666666666703,0.03388829850041327,1.0,0,1,257,8,1.6804137357729738,1.715206867886487,0.020833333333333332,0.03125,5,1
10000,17020,1.6978103018297304,0.693743699494332,0.026041666666666703,0.03472385428907168,1.0,0,1,257,9,1.6804137357729738,1.715206867886487,0.020833333333333332,0.03125,5,1
10000,16901,1.6978103018297304,0.693743699494332,0.026041666666666703,0.03266078930240814,1.0,0,1,257,10,1.6804137357729738,1.715206867886487,0.020833333333333332,0.03125,5,1
10000,17074,1.6978103018297304,0.693743699494332,0.026041666666666703,0.03396977861075319,1.0,0,1,257,11,1.6804137357729738,1.715206867886487,0.020833333333333332,0.03125,5,1
10000,17046,1.6978103018297304,0.693743699494332,0.026041666666666703,0.03197231021940631,1.0,0,1,257,12,1.6804137357729738,1.715206867886487,0.020833333333333332,0.03125,5,1
10000,16882,1.6978103018297304,0.693743699494332,0.026041666666666703,0.031453619239426606,1.0,0,1,257,13,1.6804137357729738,1.715206867886487,0.020833333333333332,0.03125,5,1
10000,16858,1.6978103018297304,0.693743699494332,0.026041666666666703,0.034998220429469686,1.0,0,1,257,14,1.6804137357729738,1.715206867886487,0.020833333333333332,0.03125,5,1
10000,17046,1.6978103018297304,0.693743699494332,0.026041666666666703,0.03109233837850522,1.0,0,1,257,15,1.6804137357729738,1.715206867886487,0.020833333333333332,0.03125,5,1
10000,16851,1.6978103018297304,0.693743699494332,0.026041666666666703,0.03293573081716219,1.0,0,1,257,16,1.6804137357729738,1.715206867886487,0.020833333333333332,0.03125,5,1
10000,17038,1.6978103018297304,0.693743699494332,0.026041666666666703,0.0322220917948116,1.0,0,1,257,17,1.6804137357729738,1.715206867886487,0.020833333333333332,0.03125,5,1
10000,17155,1.6978103018297304,0.693743699494332,0.026041666666666703,0.034742057709122705,1.0,0,1,257,18,1.6804137357729738,1.715206867886487,0.020833333333333332,0.03125,5,1
10000,16923,1.6978103018297304,0.693743699494332,0.026041666666666703,0.03326833303787745,1.0,0,1,257,19,1.6804137357729738,1.715206867886487,0.020833333333333332,0.03125,5,1
10000,16941,1.6978103018297304,0.7273692532946132,0.036458333333333294,0.03453160970426775,1.0,1,1,258,0,1.6804137357729738,1.715206867886487,0.03125,0.041666666666666664,5,0
10000,16789,1.6978103018297304,0.7273692532946132,0.036458333333333294,0.031151349097623442,1.0,1,1,258,1,1.6804137357729738,1.715206867886487,0.03125,0.041666666666666664,5,0
10000,16814,1.6978103018297304,0.7273692532946132,0.036458333333333294,0.033721898417985015,1.0,1,1,258,2,1.6804137357729738,1.715206867886487,0.03125,0.041666666666666664,5,0
10000,16869,1.6978103018297304,0.7273692532946132,0.036458333333333294,0.03319698855889502,1.0,1,1,258,3,1.6804137357729738,1.715206867886487,0.03125,0.041666666666666664,5,0
10000,16918,1.6978103018297304,0.7273692532946132,0.036458333333333294,0.03499231587658116,1.0,1,1,258,4,1.6804137357729738,1.715206867886487,0.03125,0.041666666666666664,5,0
10000,16919,1.6978103018297304,0.7273692532946132,0.036458333333333294,0.03280335717240972,1.0,1,1,258,5,1.6804137357729738,1.715206867886487,0.03125,0.041666666666666664,5,0
10000,16872,1.6978103018297304,0.7273692532946132,0.036458333333333294,0.032005689900426744,1.0,1,1,258,6,1.6804137357729738,1.715206867886487,0.03125,0.041666666666666664,5,0
10000,16957,1.6978103018297304,0.7273692532946132,0.036458333333333294,0.03202217373356136,1.0,1,1,258,7,1.6804137357729738,1.715206867886487,0.03125,0.041666666666666664,5,0
10000,17048,1.6978103018297304,0.7273692532946132,0.036458333333333294,0.03437353355232285,1.0,1,1,258,8,1.6804137357729738,1.715206867886487,0.03125,0.041666666666666664,5,0
10000,17016,1.6978103018297304,0.7273692532946132,0.036458333333333294,0.03226375176304654,1.0,1,1,258,9,1.6804137357729738,1.715206867886487,0.03125,0.041666666666666664,5,0
10000,17379,1.7326034339432435,0.693743699494332,0.026041666666666703,0.031014442718223144,1.0,0,1,259,0,1.715206867886487,1.75,0.020833333333333332,0.03125,5,0
10000,17211,1.7326034339432435,0.693743699494332,0.026041666666666703,0.03236302364766719,1.0,0,1,259,1,1.715206867886487,1.75,0.020833333333333332,0.03125,5,0
10000,17362,1.7326034339432435,0.693743699494332,0.026041666666666703,0.03553738048611911,1.0,0,1,259,2,1.715206867886487,1.75,0.020833333333333332,0.03125,5,0
10000,17519,1.7326034339432435,0.693743699494332,0.026041666666666703,0.033392316913065816,1.0,0,1,259,3,1.715206867886487,1.75,0.020833333333333332,0.03125,5,0
10000,17365,1.7326034339432435,0.693743699494332,0.026041666666666703,0.029830118053556003,1.0,0,1,259,4,1.715206867886487,1.75,0.020833333333333332,0.03125,5,0
10000,17324,1.7326034339432435,0.693743699494332,0.026041666666666703,0.035211267605633804,1.0,0,1,259,5,1.715206867886487,1.75,0.020833333333333332,0.03125,5,0
10000,17461,1.7326034339432435,0.693743699494332,0.026041666666666703,0.0349349979955329,1.0,0,1,259,6,1.715206867886487,1.75,0.020833333333333332,0.03125,5,0
10000,17192,1.7326034339432435,0.693743699494332,0.026041666666666703,0.033620288506281994,1.0,0,1,259,7,1.715206867886487,1.75,0.020833333333333332,0.03125,5,0
10000,17333,1.7326034339432435,0.693743699494332,0.026041666666666703,0.0327121675416835,1.0,0,1,259,8,1.715206867886487,1.75,0.020833333333333332,0.03125,5,0
10000,17289,1.7326034339432435,0.693743699494332,0.026041666666666703,0.03337382150500318,1.0,0,1,259,9,1.715206867886487,1.75,0.020833333333333332,0.03125,5,0
10000,17559,1.7326034339432435,0.7273692532946132,0.036458333333333294,0.032803690415171706,1.0,1,1,260,0,1.715206867886487,1.75,0.03125,0.041666666666666664,5,0
10000,17340,1.7326034339432435,0.7273692532946132,0.036458333333333294,0.03316032295271049,1.0,1,1,260,1,1.715206867886487,1.75,0.03125,0.041666666666666664,5,0
10000,17176,1.7326034339432435,0.7273692532946132,0.036458333333333294,0.0312063344201211,1.0,1,1,260,2,1.715206867886487,1.75,0.03125,0.041666666666666664,5,0
10000,17168,1.7326034339432435,0.7273692532946132,0.036458333333333294,0.033667287977632805,1.0,0,1,260,3,1.715206867886487,1.75,0.03125,0.041666666666666664,5,0
10000,17301,1.7326034339432435,0.7273692532946132,0.036458333333333294,0.034102075024565054,1.0,1,1,260,4,1.715206867886487,1.75,0.03125,0.041666666666666664,5,0
10000,17376,1.7326034339432435,0.7273692532946132,0.036458333333333294,0.0327463167587477,1.0,1,1,260,5,1.715206867886487,1.75,0.03125,0.041666666666666664,5,0
10000,17388,1.7326034339432435,0.7273692532946132,0.036458333333333294,0.03467908902691511,1.0,1,1,260,6,1.715206867886487,1.75,0.03125,0.041666666666666664,5,0
10000,17700,1.7326034339432435,0.7273692532946132,0.036458333333333294,0.031186440677966103,1.0,1,1,260,7,1.715206867886487,1.75,0.03125,0.041666666666666664,5,0
10000,17338,1.7326034339432435,0.7273692532946132,0.036458333333333294,0.033683239127927096,1.0,0,1,260,8,1.715206867886487,1.75,0.03125,0.041666666666666664,5,0
10000,17377,1.7326034339432435,0.7273692532946132,0.036458333333333294,0.03239914829947632,1.0,1,1,260,9,1.715206867886487,1.75,0.03125,0.041666666666666664,5,0
10000,16829,1.6804137357729738,0.7914805954090255,0.0625,0.034107790124190386,1.0,1,1,261,0,1.6108274715459476,1.75,0.041666666666666664,0.08333333333333333,3,0
10000,16760,1.6804137357729738,0.7914805954090255,0.0625,0.03406921241050119,1.0,1,1,261,1,1.6108274715459476,1.75,0.041666666666666664,0.08333333333333333,3,0
10000,16820,1.6804137357729738,0.7914805954090255,0.0625,0.034482758620689655,1.0,1,1,261,2,1.6108274715459476,1.75,0.041666666666666664,0.08333333333333333,3,0
10000,16778,1.6804137357729738,0.7914805954090255,0.0625,0.033555846942424604,1.0,1,1,261,3,1.6108274715459476,1.75,0.041666666666666664,0.08333333333333333,3,0
10000,16521,1.6804137357729738,0.7914805954090255,0.0625,0.03522789177410569,1.0,1,1,261,4,1.6108274715459476,1.75,0.041666666666666664,0.08333333333333333,3,0
10000,16564,1.6804137357729738,0.7914805954090255,0.0625,0.03561941560009659,1.0,1,1,261,5,1.6108274715459476,1.75,0.041666666666666664,0.08333333333333333,3,0
10000,16898,1.6804137357729738,0.7914805954090255,0.0625,0.03237069475677595,1.0,1,1,261,6,1.6108274715459476,1.75,0.041666666666666664,0.08333333333333333,3,0
10000,16948,1.6804137357729738,0.7914805954090255,0.0625,0.031567146565966486,1.0,1,1,261,7,1.6108274715459476,1.75,0.041666666666666664,0.08333333333333333,3,0
10000,16940,1.6804137357729738,0.7914805954090255,0.0625,0.030814639905548995,1.0,1,1,261,8,1.6108274715459476,1.75,0.041666666666666664,0.08333333333333333,3,0
10000,16884,1.6804137357729738,0.7914805954090255,0.0625,0.0347666429755982,1.0,1,1,261,9,1.6108274715459476,1.75,0.041666666666666664,0.08333333333333333,3,0
10000,16156,1.6108274715459476,0.8903123748998999,0.125,0.0332384253528101,1.0,1,1,262,0,1.4716549430918953,1.75,0.08333333333333333,0.16666666666666666,2,0
10000,16011,1.6108274715459476,0.8903123748998999,0.125,0.03185310099306727,1.0,1,1,262,1,1.4716549430918953,1.75,0.08333333333333333,0.16666666666666666,2,0
10000,16230,1.6108274715459476,0.8903123748998999,0.125,0.03240911891558842,1.0,1,1,262,2,1.4716549430918953,1.75,0.08333333333333333,0.16666666666666666,2,0
10000,16217,1.6108274715459476,0.8903123748998999,0.125,0.035456619596719495,1.0,1,1,262,3,1.4716549430918953,1.75,0.08333333333333333,0.16666666666666666,2,0
10000,16144,1.6108274715459476,0.8903123748998999,0.125,0.03524529236868186,1.0,1,1,262,4,1.4716549430918953,1.75,0.08333333333333333,0.16666666666666666,2,0
10000,16024,1.6108274715459476,0.8903123748998999,0.125,0.03164003994008986,1.0,1,1,262,5,1.4716549430918953,1.75,0.08333333333333333,0.16666666666666666,2,0
10000,16040,1.6108274715459476,0.8903123748998999,0.125,0.032231920199501246,1.0,1,1,262,6,1.4716549430918953,1.75,0.08333333333333333,0.16666666666666666,2,0
10000,15945,1.6108274715459476,0.8903123748998999,0.125,0.03399184697397303,1.0,1,1,262,7,1.4716549430918953,1.75,0.08333333333333333,0.16666666666666666,2,0
10000,16064,1.6108274715459476,0.8903123748998999,0.125,0.03529631474103586,1.0,1,1,262,8,1.4716549430918953,1.75,0.08333333333333333,0.16666666666666666,2,0
10000,16019,1.6108274715459476,0.8903123748998999,0.125,0.033522691803483363,1.0,1,1,262,9,1.4716549430918953,1.75,0.08333333333333333,0.16666666666666666,2,0
10000,14749,1.4716549430918953,0.9841229182759271,0.25000000000000006,0.03152756119058919,1.0,1,1,263,0,1.1933098861837907,1.75,0.16666666666666666,0.3333333333333333,1,0
10000,14777,1.4716549430918953,0.9841229182759271,0.25000000000000006,0.0328889490424308,1.0,1,1,263,1,1.1933098861837907,1.75,0.16666666666666666,0.3333333333333333,1,0
10000,14489,1.4716549430918953,0.9841229182759271,0.25000000000000006,0.03395679480985575,1.0,1,1,263,2,1.1933098861837907,1.75,0.16666666666666666,0.3333333333333333,1,0
10000,14801,1.4716549430918953,0.9841229182759271,0.25000000000000006,0.03452469427741369,1.0,1,1,263,3,1.1933098861837907,1.75,0.16666666666666666,0.3333333333333333,1,0
10000,14884,1.4716549430918953,0.9841229182759271,0.25000000000000006,0.03171190540177372,1.0,1,1,263,4,1.1933098861837907,1.75,0.16666666666666666,0.3333333333333333,1,0
10000,14727,1.4716549430918953,0.9841229182759271,0.25000000000000006,0.030148706457526993,1.0,1,1,263,5,1.1933098861837907,1.75,0.16666666666666666,0.3333333333333333,1,0
10000,14863,1.4716549430918953,0.9841229182759271,0.25000000000000006,0.03337145932853394,1.0,1,1,263,6,1.1933098861837907,1.75,0.16666666666666666,0.3333333333333333,1,0
10000,14528,1.4716549430918953,0.9841229182759271,0.25000000000000006,0.031938325991189426,1.0,1,1,263,7,1.1933098861837907,1.75,0.16666666666666666,0.3333333333333333,1,0
10000,14756,1.4716549430918953,0.9841229182759271,0.25000000000000006,0.03293575494714015,1.0,1,1,263,8,1.1933098861837907,1.75,0.16666666666666666,0.3333333333333333,1,0
10000,14894,1.4716549430918953,0.9841229182759271,0.25000000000000006,0.034644823418826375,1.0,1,1,263,9,1.1933098861837907,1.75,0.16666666666666666,0.3333333333333333,1,0
